<?xml version="1.0" encoding="UTF-8"?>
<!DOCTYPE module PUBLIC "-//Puppy Crawl//DTD Check Configuration 1.2//EN" "http://www.puppycrawl.com/dtds/configuration_1_2.dtd">
<module name="Checker">
	<property name="severity" value="warning" />
	<module name="TreeWalker">
		<module name="FileContentsHolder"></module>
		<module name="JavadocMethod"></module>
		<module name="JavadocType"></module>
		<module name="JavadocVariable"></module>
		<module name="JavadocStyle"></module>
		<module name="ConstantName"></module>
		<module name="LocalFinalVariableName"></module>
		<module name="LocalVariableName"></module>
		<module name="MemberName"></module>
		<module name="MethodName"></module>
		<module name="PackageName"></module>
		<module name="ParameterName"></module>
		<module name="StaticVariableName"></module>
		<module name="TypeName"></module>
		<module name="AvoidStarImport"></module>
		<module name="IllegalImport"></module>
		<module name="RedundantImport"></module>
		<module name="UnusedImports"></module>
		<module name="FileLength"></module>
		<module name="LineLength">
			<property name="max" value="120" />
		</module>
		<module name="MethodLength"></module>
		<module name="ParameterNumber"></module>
		<module name="EmptyForIteratorPad"></module>
		<module name="MethodParamPad"></module>
		<module name="NoWhitespaceAfter"></module>
		<module name="NoWhitespaceBefore"></module>
		<module name="OperatorWrap"></module>
		<module name="ParenPad"></module>
		<module name="TypecastParenPad"></module>
		<module name="TabCharacter"></module>
		<module name="WhitespaceAfter"></module>
		<module name="WhitespaceAround">
			<property name="tokens"
				value="ASSIGN,BAND,BAND_ASSIGN,BOR,BOR_ASSIGN,BSR,BSR_ASSIGN,BXOR,BXOR_ASSIGN,COLON,DIV,DIV_ASSIGN,EQUAL,GE,LAND,LCURLY,LE,LITERAL_ASSERT,LITERAL_CATCH,LITERAL_DO,LITERAL_ELSE,LITERAL_FINALLY,LITERAL_FOR,LITERAL_IF,LITERAL_RETURN,LITERAL_SYNCHRONIZED,LITERAL_TRY,LITERAL_WHILE,LOR,MINUS,MINUS_ASSIGN,MOD,MOD_ASSIGN,NOT_EQUAL,PLUS,PLUS_ASSIGN,QUESTION,RCURLY,SL,SLIST,SL_ASSIGN,SR,SR_ASSIGN,STAR,STAR_ASSIGN" />
		</module>
		<module name="ModifierOrder"></module>
		<module name="RedundantModifier"></module>
		<module name="AvoidNestedBlocks"></module>
		<module name="EmptyBlock">
			<property name="tokens"
				value="LITERAL_DO,LITERAL_ELSE,LITERAL_FINALLY,LITERAL_IF,LITERAL_FOR,LITERAL_TRY,LITERAL_WHILE,STATIC_INIT" />
		</module>
		<module name="LeftCurly"></module>
		<module name="NeedBraces"></module>
		<module name="RightCurly"></module>
		<module name="AvoidInlineConditionals">
			<property name="severity" value="ignore" />
		</module>
		<module name="DoubleCheckedLocking"></module>
		<module name="EmptyStatement"></module>
		<module name="EqualsHashCode"></module>
		<module name="HiddenField">
			<property name="ignoreConstructorParameter" value="true" />
			<property name="ignoreSetter" value="true" />
		</module>
		<module name="IllegalInstantiation"></module>
		<module name="InnerAssignment"></module>
		<module name="MagicNumber"></module>
		<module name="MissingSwitchDefault"></module>
		<module name="RedundantThrows"></module>
		<module name="SimplifyBooleanExpression"></module>
		<module name="SimplifyBooleanReturn"></module>
		<module name="DesignForExtension">
			<property name="severity" value="ignore" />
		</module>
		<module name="FinalClass"></module>
		<module name="HideUtilityClassConstructor"></module>
		<module name="InterfaceIsType"></module>
		<module name="VisibilityModifier"></module>
		<module name="ArrayTypeStyle"></module>
		<module name="FinalParameters"></module>
		<module name="GenericIllegalRegexp">
			<property name="format" value="\s+$" />
			<property name="ignoreComments" value="true" />
			<property name="message" value="Line has trailing spaces." />
		</module>
		<module name="TodoComment"></module>
		<module name="UpperEll"></module>
		<module name="DefaultComesLast"></module>
		<module name="DeclarationOrder"></module>
		<module name="ExplicitInitialization"></module>
		<module name="FallThrough"></module>
		<module name="FinalLocalVariable">
			<property name="tokens" value="PARAMETER_DEF,VARIABLE_DEF" />
		</module>
		<module name="JUnitTestCase"></module>
		<module name="MissingCtor"></module>
		<module name="MultipleVariableDeclarations"></module>
		<module name="PackageDeclaration"></module>
		<module name="ParameterAssignment"></module>
		<module name="UncommentedMain">
			<property name="excludedClasses" value="^*Test$" />
		</module>
		<!--  
		<module name="usage.UnusedLocalVariable"></module>
		<module name="usage.UnusedPrivateField"></module>

		<module name="usage.UnusedPrivateMethod"></module>
		
		
		<module name="usage.OneMethodPrivateField">
			<property name="ignoreFormat" value="^log|LOG$" />
		</module>
		
		-->
	</module>
	<module name="PackageHtml"></module>
	<module name="NewlineAtEndOfFile"></module>
	<module name="Translation"></module>
</module>
