<?xml version="1.0"?>

 <!DOCTYPE digester-rules PUBLIC
         "-//Jakarta Apache //DTD digester-rules XML V1.0//EN"
         "digester-rules.dtd">

<!--  

 Copyright (C) 2005 Anupam Sengupta (anupamsg@users.sourceforge.net) 

 This program is free software; you can redistribute it and/or 
 modify it under the terms of the GNU General Public License 
 as published by the Free Software Foundation; either version 2 
 of the License, or (at your option) any later version. 

 This program is distributed in the hope that it will be useful, 
 but WITHOUT ANY WARRANTY; without even the implied warranty of 
 MERCHANTABILITY or FITNESS FOR A PARTICULAR PURPOSE. See the 
 GNU General Public License for more details. 

 You should have received a copy of the GNU General Public License
 along with this program; if not, write to the Free Software 
 Foundation, Inc., 51 Franklin Street, Fifth Floor, Boston, MA 02110-1301, USA. 
 
 Version: $Revision: 1.1 $
 
-->
       
<digester-rules>

<pattern value="csv-mapping">

	<pattern value="bean-mapping">
		<object-create-rule classname="net.sf.anupam.csv.mapping.CSVBeanMapping"/>

		<set-properties-rule>
			<alias attr-name="name"  prop-name="beanName"/>
			<alias attr-name="class" prop-name="beanClass"/>
			<alias attr-name="csvHeader" prop-name="csvHeaderPresent"/>
		</set-properties-rule>
		<set-next-rule methodname="add" 
                       paramtype="net.sf.anupam.csv.mapping.CSVBeanMapping"/>

		<pattern value="field-mapping">
			<object-create-rule classname="net.sf.anupam.csv.mapping.CSVFieldMapping"/>
			
			<set-properties-rule>
				<alias attr-name="name"  prop-name="fieldName"/>
				<alias attr-name="position" prop-name="fieldPosition"/>
				<alias attr-name="type" prop-name="fieldType"/>
				<alias attr-name="attribute" prop-name="attributeName"/>
				<alias attr-name="reformat" prop-name="reformatterName"/>
				<alias attr-name="bean-ref" prop-name="beanReferenceName"/>
			</set-properties-rule>
			<set-next-rule methodname="addFieldMapping"
			               paramtype="net.sf.anupam.csv.mapping.CSVFieldMapping"/>
		</pattern>

	</pattern>

</pattern>

</digester-rules>         