<?xml version="1.0"?>
<javancss>
  <date>2008-09-16</date>
  <time>22:54:23</time>
  <packages>
    <package>
      <name>org.jdom</name>
      <classes>17</classes>
      <functions>258</functions>
      <ncss>1955</ncss>
      <javadocs>271</javadocs>
      <javadoc_lines>2617</javadoc_lines>
      <single_comment_lines>96</single_comment_lines>
      <multi_comment_lines>931</multi_comment_lines>
    </package>
    <package>
      <name>org.jdom.adapters</name>
      <classes>9</classes>
      <functions>22</functions>
      <ncss>208</ncss>
      <javadocs>29</javadocs>
      <javadoc_lines>277</javadoc_lines>
      <single_comment_lines>19</single_comment_lines>
      <multi_comment_lines>423</multi_comment_lines>
    </package>
    <package>
      <name>org.jdom.input</name>
      <classes>3</classes>
      <functions>44</functions>
      <ncss>426</ncss>
      <javadocs>44</javadocs>
      <javadoc_lines>440</javadoc_lines>
      <single_comment_lines>36</single_comment_lines>
      <multi_comment_lines>125</multi_comment_lines>
    </package>
    <package>
      <name>org.jdom.output</name>
      <classes>4</classes>
      <functions>65</functions>
      <ncss>573</ncss>
      <javadocs>64</javadocs>
      <javadoc_lines>570</javadoc_lines>
      <single_comment_lines>66</single_comment_lines>
      <multi_comment_lines>222</multi_comment_lines>
    </package>
    <total>
      <classes>33</classes>
      <functions>389</functions>
      <ncss>3162</ncss>
      <javadocs>408</javadocs>
      <javadoc_lines>3904</javadoc_lines>
      <single_comment_lines>217</single_comment_lines>
      <multi_comment_lines>1701</multi_comment_lines>
    </total>
    <table>
      <tr><td>Packages</td><td>Classes</td><td>Functions</td><td>NCSS</td><td>Javadocs</td><td>per</td></tr>
      <tr><td>4.00</td><td>33.00</td><td>389.00</td><td>3,162.00</td><td>408.00</td><td>Project</td></tr>
      <tr><td></td><td>8.25</td><td>97.25</td><td>790.50</td><td>102.00</td><td>Package</td></tr>
      <tr><td></td><td></td><td>11.79</td><td>95.82</td><td>12.36</td><td>Class</td></tr>
      <tr><td></td><td></td><td></td><td>8.13</td><td>1.05</td><td>Function</td></tr>
    </table>
  </packages>

  <objects>
    <object>
      <name>org.jdom.adapters.AbstractDOMAdapter</name>
      <ncss>5</ncss>
      <functions>3</functions>
      <classes>0</classes>
      <javadocs>4</javadocs>
    </object>
    <object>
      <name>org.jdom.adapters.DOMAdapter</name>
      <ncss>4</ncss>
      <functions>3</functions>
      <classes>0</classes>
      <javadocs>4</javadocs>
    </object>
    <object>
      <name>org.jdom.adapters.OracleV1DOMAdapter</name>
      <ncss>23</ncss>
      <functions>2</functions>
      <classes>0</classes>
      <javadocs>3</javadocs>
    </object>
    <object>
      <name>org.jdom.adapters.OracleV2DOMAdapter</name>
      <ncss>22</ncss>
      <functions>2</functions>
      <classes>0</classes>
      <javadocs>3</javadocs>
    </object>
    <object>
      <name>org.jdom.adapters.ProjectXDOMAdapter</name>
      <ncss>25</ncss>
      <functions>2</functions>
      <classes>0</classes>
      <javadocs>3</javadocs>
    </object>
    <object>
      <name>org.jdom.adapters.XercesDOMAdapter</name>
      <ncss>28</ncss>
      <functions>2</functions>
      <classes>0</classes>
      <javadocs>3</javadocs>
    </object>
    <object>
      <name>org.jdom.adapters.XercesErrHandler</name>
      <ncss>7</ncss>
      <functions>3</functions>
      <classes>0</classes>
      <javadocs>3</javadocs>
    </object>
    <object>
      <name>org.jdom.adapters.XML4JDOMAdapter</name>
      <ncss>28</ncss>
      <functions>2</functions>
      <classes>0</classes>
      <javadocs>3</javadocs>
    </object>
    <object>
      <name>org.jdom.adapters.XML4JErrHandler</name>
      <ncss>7</ncss>
      <functions>3</functions>
      <classes>0</classes>
      <javadocs>3</javadocs>
    </object>
    <object>
      <name>org.jdom.Attribute</name>
      <ncss>80</ncss>
      <functions>23</functions>
      <classes>0</classes>
      <javadocs>22</javadocs>
    </object>
    <object>
      <name>org.jdom.CDATA</name>
      <ncss>20</ncss>
      <functions>9</functions>
      <classes>0</classes>
      <javadocs>10</javadocs>
    </object>
    <object>
      <name>org.jdom.Comment</name>
      <ncss>24</ncss>
      <functions>9</functions>
      <classes>0</classes>
      <javadocs>10</javadocs>
    </object>
    <object>
      <name>org.jdom.DataConversionException</name>
      <ncss>3</ncss>
      <functions>1</functions>
      <classes>0</classes>
      <javadocs>2</javadocs>
    </object>
    <object>
      <name>org.jdom.DocType</name>
      <ncss>46</ncss>
      <functions>14</functions>
      <classes>0</classes>
      <javadocs>15</javadocs>
    </object>
    <object>
      <name>org.jdom.Document</name>
      <ncss>150</ncss>
      <functions>28</functions>
      <classes>0</classes>
      <javadocs>29</javadocs>
    </object>
    <object>
      <name>org.jdom.Element</name>
      <ncss>428</ncss>
      <functions>79</functions>
      <classes>0</classes>
      <javadocs>78</javadocs>
    </object>
    <object>
      <name>org.jdom.Entity</name>
      <ncss>79</ncss>
      <functions>18</functions>
      <classes>0</classes>
      <javadocs>19</javadocs>
    </object>
    <object>
      <name>org.jdom.IllegalAddException</name>
      <ncss>9</ncss>
      <functions>4</functions>
      <classes>0</classes>
      <javadocs>5</javadocs>
    </object>
    <object>
      <name>org.jdom.IllegalDataException</name>
      <ncss>5</ncss>
      <functions>2</functions>
      <classes>0</classes>
      <javadocs>3</javadocs>
    </object>
    <object>
      <name>org.jdom.IllegalNameException</name>
      <ncss>5</ncss>
      <functions>2</functions>
      <classes>0</classes>
      <javadocs>3</javadocs>
    </object>
    <object>
      <name>org.jdom.IllegalTargetException</name>
      <ncss>5</ncss>
      <functions>2</functions>
      <classes>0</classes>
      <javadocs>3</javadocs>
    </object>
    <object>
      <name>org.jdom.input.DOMBuilder</name>
      <ncss>126</ncss>
      <functions>10</functions>
      <classes>0</classes>
      <javadocs>11</javadocs>
    </object>
    <object>
      <name>org.jdom.input.SAXBuilder</name>
      <ncss>99</ncss>
      <functions>17</functions>
      <classes>0</classes>
      <javadocs>18</javadocs>
    </object>
    <object>
      <name>org.jdom.input.SAXHandler</name>
      <ncss>139</ncss>
      <functions>17</functions>
      <classes>0</classes>
      <javadocs>15</javadocs>
    </object>
    <object>
      <name>org.jdom.JDOMException</name>
      <ncss>31</ncss>
      <functions>8</functions>
      <classes>0</classes>
      <javadocs>9</javadocs>
    </object>
    <object>
      <name>org.jdom.Namespace</name>
      <ncss>71</ncss>
      <functions>9</functions>
      <classes>0</classes>
      <javadocs>10</javadocs>
    </object>
    <object>
      <name>org.jdom.output.DOMOutputter</name>
      <ncss>112</ncss>
      <functions>9</functions>
      <classes>0</classes>
      <javadocs>10</javadocs>
    </object>
    <object>
      <name>org.jdom.output.SAXOutputter</name>
      <ncss>2</ncss>
      <functions>1</functions>
      <classes>0</classes>
      <javadocs>2</javadocs>
    </object>
    <object>
      <name>org.jdom.output.NamespaceStack</name>
      <ncss>17</ncss>
      <functions>4</functions>
      <classes>0</classes>
      <javadocs>0</javadocs>
    </object>
    <object>
      <name>org.jdom.output.XMLOutputter</name>
      <ncss>392</ncss>
      <functions>51</functions>
      <classes>0</classes>
      <javadocs>52</javadocs>
    </object>
    <object>
      <name>org.jdom.PartialList</name>
      <ncss>108</ncss>
      <functions>16</functions>
      <classes>0</classes>
      <javadocs>17</javadocs>
    </object>
    <object>
      <name>org.jdom.ProcessingInstruction</name>
      <ncss>72</ncss>
      <functions>17</functions>
      <classes>0</classes>
      <javadocs>18</javadocs>
    </object>
    <object>
      <name>org.jdom.Verifier</name>
      <ncss>761</ncss>
      <functions>17</functions>
      <classes>0</classes>
      <javadocs>18</javadocs>
    </object>
    <averages>
      <ncss>88.88</ncss>
      <functions>11.79</functions>
      <classes>0.00</classes>
      <javadocs>12.36</javadocs>
    </averages>
    <ncss>3,162.00</ncss>
  </objects>

  <functions>
    <function>
      <name>org.jdom.adapters.AbstractDOMAdapter.getDocument(String,boolean)</name>
      <ncss>2</ncss>
      <ccn>1</ccn>
      <javadocs>1</javadocs>
    </function>
    <function>
      <name>org.jdom.adapters.AbstractDOMAdapter.getDocument(InputStream,boolean)</name>
      <ncss>1</ncss>
      <ccn>1</ccn>
      <javadocs>1</javadocs>
    </function>
    <function>
      <name>org.jdom.adapters.AbstractDOMAdapter.createDocument()</name>
      <ncss>1</ncss>
      <ccn>1</ccn>
      <javadocs>1</javadocs>
    </function>
    <function>
      <name>org.jdom.adapters.DOMAdapter.getDocument(String,boolean)</name>
      <ncss>1</ncss>
      <ccn>1</ccn>
      <javadocs>1</javadocs>
    </function>
    <function>
      <name>org.jdom.adapters.DOMAdapter.getDocument(InputStream,boolean)</name>
      <ncss>1</ncss>
      <ccn>1</ccn>
      <javadocs>1</javadocs>
    </function>
    <function>
      <name>org.jdom.adapters.DOMAdapter.createDocument()</name>
      <ncss>1</ncss>
      <ccn>1</ccn>
      <javadocs>1</javadocs>
    </function>
    <function>
      <name>org.jdom.adapters.OracleV1DOMAdapter.getDocument(InputStream,boolean)</name>
      <ncss>18</ncss>
      <ccn>8</ccn>
      <javadocs>1</javadocs>
    </function>
    <function>
      <name>org.jdom.adapters.OracleV1DOMAdapter.createDocument()</name>
      <ncss>4</ncss>
      <ccn>4</ccn>
      <javadocs>1</javadocs>
    </function>
    <function>
      <name>org.jdom.adapters.OracleV2DOMAdapter.getDocument(InputStream,boolean)</name>
      <ncss>17</ncss>
      <ccn>8</ccn>
      <javadocs>1</javadocs>
    </function>
    <function>
      <name>org.jdom.adapters.OracleV2DOMAdapter.createDocument()</name>
      <ncss>4</ncss>
      <ccn>4</ccn>
      <javadocs>1</javadocs>
    </function>
    <function>
      <name>org.jdom.adapters.ProjectXDOMAdapter.getDocument(InputStream,boolean)</name>
      <ncss>20</ncss>
      <ccn>8</ccn>
      <javadocs>1</javadocs>
    </function>
    <function>
      <name>org.jdom.adapters.ProjectXDOMAdapter.createDocument()</name>
      <ncss>4</ncss>
      <ccn>4</ccn>
      <javadocs>1</javadocs>
    </function>
    <function>
      <name>org.jdom.adapters.XercesDOMAdapter.getDocument(InputStream,boolean)</name>
      <ncss>23</ncss>
      <ccn>9</ccn>
      <javadocs>1</javadocs>
    </function>
    <function>
      <name>org.jdom.adapters.XercesDOMAdapter.createDocument()</name>
      <ncss>4</ncss>
      <ccn>4</ccn>
      <javadocs>1</javadocs>
    </function>
    <function>
      <name>org.jdom.adapters.XercesErrHandler.error(SAXParseException)</name>
      <ncss>2</ncss>
      <ccn>2</ccn>
      <javadocs>1</javadocs>
    </function>
    <function>
      <name>org.jdom.adapters.XercesErrHandler.warning(SAXParseException)</name>
      <ncss>2</ncss>
      <ccn>2</ccn>
      <javadocs>1</javadocs>
    </function>
    <function>
      <name>org.jdom.adapters.XercesErrHandler.fatalError(SAXParseException)</name>
      <ncss>2</ncss>
      <ccn>2</ccn>
      <javadocs>1</javadocs>
    </function>
    <function>
      <name>org.jdom.adapters.XML4JDOMAdapter.getDocument(InputStream,boolean)</name>
      <ncss>23</ncss>
      <ccn>9</ccn>
      <javadocs>1</javadocs>
    </function>
    <function>
      <name>org.jdom.adapters.XML4JDOMAdapter.createDocument()</name>
      <ncss>4</ncss>
      <ccn>4</ccn>
      <javadocs>1</javadocs>
    </function>
    <function>
      <name>org.jdom.adapters.XML4JErrHandler.error(SAXParseException)</name>
      <ncss>2</ncss>
      <ccn>2</ccn>
      <javadocs>1</javadocs>
    </function>
    <function>
      <name>org.jdom.adapters.XML4JErrHandler.warning(SAXParseException)</name>
      <ncss>2</ncss>
      <ccn>2</ccn>
      <javadocs>1</javadocs>
    </function>
    <function>
      <name>org.jdom.adapters.XML4JErrHandler.fatalError(SAXParseException)</name>
      <ncss>2</ncss>
      <ccn>2</ccn>
      <javadocs>1</javadocs>
    </function>
    <function>
      <name>org.jdom.Attribute.Attribute()</name>
      <ncss>1</ncss>
      <ccn>1</ccn>
      <javadocs>1</javadocs>
    </function>
    <function>
      <name>org.jdom.Attribute.Attribute(String,String,Namespace)</name>
      <ncss>9</ncss>
      <ccn>4</ccn>
      <javadocs>1</javadocs>
    </function>
    <function>
      <name>org.jdom.Attribute.Attribute(String,String,String,String)</name>
      <ncss>2</ncss>
      <ccn>1</ccn>
      <javadocs>1</javadocs>
    </function>
    <function>
      <name>org.jdom.Attribute.Attribute(String,String)</name>
      <ncss>2</ncss>
      <ccn>1</ccn>
      <javadocs>1</javadocs>
    </function>
    <function>
      <name>org.jdom.Attribute.getName()</name>
      <ncss>2</ncss>
      <ccn>1</ccn>
      <javadocs>1</javadocs>
    </function>
    <function>
      <name>org.jdom.Attribute.getQualifiedName()</name>
      <ncss>7</ncss>
      <ccn>3</ccn>
      <javadocs>1</javadocs>
    </function>
    <function>
      <name>org.jdom.Attribute.getNamespacePrefix()</name>
      <ncss>2</ncss>
      <ccn>1</ccn>
      <javadocs>1</javadocs>
    </function>
    <function>
      <name>org.jdom.Attribute.getNamespaceURI()</name>
      <ncss>2</ncss>
      <ccn>1</ccn>
      <javadocs>1</javadocs>
    </function>
    <function>
      <name>org.jdom.Attribute.getNamespace()</name>
      <ncss>2</ncss>
      <ccn>1</ccn>
      <javadocs>1</javadocs>
    </function>
    <function>
      <name>org.jdom.Attribute.getValue()</name>
      <ncss>2</ncss>
      <ccn>1</ccn>
      <javadocs>1</javadocs>
    </function>
    <function>
      <name>org.jdom.Attribute.setValue(String)</name>
      <ncss>3</ncss>
      <ccn>1</ccn>
      <javadocs>1</javadocs>
    </function>
    <function>
      <name>org.jdom.Attribute.toString()</name>
      <ncss>2</ncss>
      <ccn>1</ccn>
      <javadocs>1</javadocs>
    </function>
    <function>
      <name>org.jdom.Attribute.getSerializedForm()</name>
      <ncss>2</ncss>
      <ccn>1</ccn>
      <javadocs>1</javadocs>
    </function>
    <function>
      <name>org.jdom.Attribute.equals(Object)</name>
      <ncss>2</ncss>
      <ccn>1</ccn>
      <javadocs>1</javadocs>
    </function>
    <function>
      <name>org.jdom.Attribute.hashCode()</name>
      <ncss>2</ncss>
      <ccn>1</ccn>
      <javadocs>1</javadocs>
    </function>
    <function>
      <name>org.jdom.Attribute.clone()</name>
      <ncss>3</ncss>
      <ccn>1</ccn>
      <javadocs>1</javadocs>
    </function>
    <function>
      <name>org.jdom.Attribute.getIntValue()</name>
      <ncss>4</ncss>
      <ccn>4</ccn>
      <javadocs>1</javadocs>
    </function>
    <function>
      <name>org.jdom.Attribute.getLongValue()</name>
      <ncss>4</ncss>
      <ccn>4</ccn>
      <javadocs>1</javadocs>
    </function>
    <function>
      <name>org.jdom.Attribute.getFloatValue()</name>
      <ncss>4</ncss>
      <ccn>4</ccn>
      <javadocs>1</javadocs>
    </function>
    <function>
      <name>org.jdom.Attribute.getDoubleValue()</name>
      <ncss>4</ncss>
      <ccn>4</ccn>
      <javadocs>1</javadocs>
    </function>
    <function>
      <name>org.jdom.Attribute.getBooleanValue()</name>
      <ncss>8</ncss>
      <ccn>10</ccn>
      <javadocs>1</javadocs>
    </function>
    <function>
      <name>org.jdom.Attribute.writeObject(ObjectOutputStream)</name>
      <ncss>4</ncss>
      <ccn>1</ccn>
      <javadocs>0</javadocs>
    </function>
    <function>
      <name>org.jdom.Attribute.readObject(ObjectInputStream)</name>
      <ncss>3</ncss>
      <ccn>1</ccn>
      <javadocs>0</javadocs>
    </function>
    <function>
      <name>org.jdom.CDATA.CDATA()</name>
      <ncss>1</ncss>
      <ccn>1</ccn>
      <javadocs>1</javadocs>
    </function>
    <function>
      <name>org.jdom.CDATA.CDATA(String)</name>
      <ncss>2</ncss>
      <ccn>1</ccn>
      <javadocs>1</javadocs>
    </function>
    <function>
      <name>org.jdom.CDATA.getText()</name>
      <ncss>2</ncss>
      <ccn>1</ccn>
      <javadocs>1</javadocs>
    </function>
    <function>
      <name>org.jdom.CDATA.setText(String)</name>
      <ncss>2</ncss>
      <ccn>1</ccn>
      <javadocs>1</javadocs>
    </function>
    <function>
      <name>org.jdom.CDATA.toString()</name>
      <ncss>2</ncss>
      <ccn>1</ccn>
      <javadocs>1</javadocs>
    </function>
    <function>
      <name>org.jdom.CDATA.getSerializedForm()</name>
      <ncss>2</ncss>
      <ccn>1</ccn>
      <javadocs>1</javadocs>
    </function>
    <function>
      <name>org.jdom.CDATA.equals(Object)</name>
      <ncss>2</ncss>
      <ccn>1</ccn>
      <javadocs>1</javadocs>
    </function>
    <function>
      <name>org.jdom.CDATA.hashCode()</name>
      <ncss>2</ncss>
      <ccn>1</ccn>
      <javadocs>1</javadocs>
    </function>
    <function>
      <name>org.jdom.CDATA.clone()</name>
      <ncss>3</ncss>
      <ccn>1</ccn>
      <javadocs>1</javadocs>
    </function>
    <function>
      <name>org.jdom.Comment.Comment()</name>
      <ncss>1</ncss>
      <ccn>1</ccn>
      <javadocs>1</javadocs>
    </function>
    <function>
      <name>org.jdom.Comment.Comment(String)</name>
      <ncss>2</ncss>
      <ccn>1</ccn>
      <javadocs>1</javadocs>
    </function>
    <function>
      <name>org.jdom.Comment.getText()</name>
      <ncss>2</ncss>
      <ccn>1</ccn>
      <javadocs>1</javadocs>
    </function>
    <function>
      <name>org.jdom.Comment.setText(String)</name>
      <ncss>6</ncss>
      <ccn>3</ccn>
      <javadocs>1</javadocs>
    </function>
    <function>
      <name>org.jdom.Comment.toString()</name>
      <ncss>2</ncss>
      <ccn>1</ccn>
      <javadocs>1</javadocs>
    </function>
    <function>
      <name>org.jdom.Comment.getSerializedForm()</name>
      <ncss>2</ncss>
      <ccn>1</ccn>
      <javadocs>1</javadocs>
    </function>
    <function>
      <name>org.jdom.Comment.equals(Object)</name>
      <ncss>2</ncss>
      <ccn>1</ccn>
      <javadocs>1</javadocs>
    </function>
    <function>
      <name>org.jdom.Comment.hashCode()</name>
      <ncss>2</ncss>
      <ccn>1</ccn>
      <javadocs>1</javadocs>
    </function>
    <function>
      <name>org.jdom.Comment.clone()</name>
      <ncss>3</ncss>
      <ccn>1</ccn>
      <javadocs>1</javadocs>
    </function>
    <function>
      <name>org.jdom.DataConversionException.DataConversionException(String,String)</name>
      <ncss>2</ncss>
      <ccn>1</ccn>
      <javadocs>1</javadocs>
    </function>
    <function>
      <name>org.jdom.DocType.DocType()</name>
      <ncss>1</ncss>
      <ccn>1</ccn>
      <javadocs>1</javadocs>
    </function>
    <function>
      <name>org.jdom.DocType.DocType(String,String,String)</name>
      <ncss>4</ncss>
      <ccn>1</ccn>
      <javadocs>1</javadocs>
    </function>
    <function>
      <name>org.jdom.DocType.DocType(String,String)</name>
      <ncss>2</ncss>
      <ccn>1</ccn>
      <javadocs>1</javadocs>
    </function>
    <function>
      <name>org.jdom.DocType.DocType(String)</name>
      <ncss>2</ncss>
      <ccn>1</ccn>
      <javadocs>1</javadocs>
    </function>
    <function>
      <name>org.jdom.DocType.getElementName()</name>
      <ncss>2</ncss>
      <ccn>1</ccn>
      <javadocs>1</javadocs>
    </function>
    <function>
      <name>org.jdom.DocType.getPublicID()</name>
      <ncss>2</ncss>
      <ccn>1</ccn>
      <javadocs>1</javadocs>
    </function>
    <function>
      <name>org.jdom.DocType.setPublicID(String)</name>
      <ncss>3</ncss>
      <ccn>1</ccn>
      <javadocs>1</javadocs>
    </function>
    <function>
      <name>org.jdom.DocType.getSystemID()</name>
      <ncss>2</ncss>
      <ccn>1</ccn>
      <javadocs>1</javadocs>
    </function>
    <function>
      <name>org.jdom.DocType.setSystemID(String)</name>
      <ncss>3</ncss>
      <ccn>1</ccn>
      <javadocs>1</javadocs>
    </function>
    <function>
      <name>org.jdom.DocType.toString()</name>
      <ncss>2</ncss>
      <ccn>1</ccn>
      <javadocs>1</javadocs>
    </function>
    <function>
      <name>org.jdom.DocType.getSerializedForm()</name>
      <ncss>12</ncss>
      <ccn>6</ccn>
      <javadocs>1</javadocs>
    </function>
    <function>
      <name>org.jdom.DocType.equals(Object)</name>
      <ncss>2</ncss>
      <ccn>1</ccn>
      <javadocs>1</javadocs>
    </function>
    <function>
      <name>org.jdom.DocType.hashCode()</name>
      <ncss>2</ncss>
      <ccn>1</ccn>
      <javadocs>1</javadocs>
    </function>
    <function>
      <name>org.jdom.DocType.clone()</name>
      <ncss>3</ncss>
      <ccn>1</ccn>
      <javadocs>1</javadocs>
    </function>
    <function>
      <name>org.jdom.Document.Document()</name>
      <ncss>1</ncss>
      <ccn>1</ccn>
      <javadocs>1</javadocs>
    </function>
    <function>
      <name>org.jdom.Document.Document(Element,DocType)</name>
      <ncss>7</ncss>
      <ccn>2</ccn>
      <javadocs>1</javadocs>
    </function>
    <function>
      <name>org.jdom.Document.Document(Element)</name>
      <ncss>2</ncss>
      <ccn>1</ccn>
      <javadocs>1</javadocs>
    </function>
    <function>
      <name>org.jdom.Document.getRootElement()</name>
      <ncss>2</ncss>
      <ccn>1</ccn>
      <javadocs>1</javadocs>
    </function>
    <function>
      <name>org.jdom.Document.setRootElement(Element)</name>
      <ncss>11</ncss>
      <ccn>3</ccn>
      <javadocs>1</javadocs>
    </function>
    <function>
      <name>org.jdom.Document.getDocType()</name>
      <ncss>2</ncss>
      <ccn>1</ccn>
      <javadocs>1</javadocs>
    </function>
    <function>
      <name>org.jdom.Document.setDocType(DocType)</name>
      <ncss>3</ncss>
      <ccn>1</ccn>
      <javadocs>1</javadocs>
    </function>
    <function>
      <name>org.jdom.Document.getProcessingInstructions()</name>
      <ncss>7</ncss>
      <ccn>3</ccn>
      <javadocs>1</javadocs>
    </function>
    <function>
      <name>org.jdom.Document.getProcessingInstructions(String)</name>
      <ncss>8</ncss>
      <ccn>4</ccn>
      <javadocs>1</javadocs>
    </function>
    <function>
      <name>org.jdom.Document.getProcessingInstruction(String)</name>
      <ncss>7</ncss>
      <ccn>5</ccn>
      <javadocs>1</javadocs>
    </function>
    <function>
      <name>org.jdom.Document.removeProcessingInstruction(String)</name>
      <ncss>6</ncss>
      <ccn>3</ccn>
      <javadocs>1</javadocs>
    </function>
    <function>
      <name>org.jdom.Document.removeProcessingInstructions(String)</name>
      <ncss>9</ncss>
      <ccn>4</ccn>
      <javadocs>1</javadocs>
    </function>
    <function>
      <name>org.jdom.Document.setProcessingInstructions(List)</name>
      <ncss>6</ncss>
      <ccn>2</ccn>
      <javadocs>1</javadocs>
    </function>
    <function>
      <name>org.jdom.Document.addContent(ProcessingInstruction)</name>
      <ncss>3</ncss>
      <ccn>1</ccn>
      <javadocs>1</javadocs>
    </function>
    <function>
      <name>org.jdom.Document.addContent(Comment)</name>
      <ncss>3</ncss>
      <ccn>1</ccn>
      <javadocs>1</javadocs>
    </function>
    <function>
      <name>org.jdom.Document.addContent(Element)</name>
      <ncss>5</ncss>
      <ccn>3</ccn>
      <javadocs>1</javadocs>
    </function>
    <function>
      <name>org.jdom.Document.getMixedContent()</name>
      <ncss>2</ncss>
      <ccn>1</ccn>
      <javadocs>1</javadocs>
    </function>
    <function>
      <name>org.jdom.Document.setMixedContent(List)</name>
      <ncss>16</ncss>
      <ccn>6</ccn>
      <javadocs>1</javadocs>
    </function>
    <function>
      <name>org.jdom.Document.toString()</name>
      <ncss>12</ncss>
      <ccn>3</ccn>
      <javadocs>1</javadocs>
    </function>
    <function>
      <name>org.jdom.Document.getSerializedForm()</name>
      <ncss>2</ncss>
      <ccn>2</ccn>
      <javadocs>1</javadocs>
    </function>
    <function>
      <name>org.jdom.Document.equals(Object)</name>
      <ncss>2</ncss>
      <ccn>1</ccn>
      <javadocs>1</javadocs>
    </function>
    <function>
      <name>org.jdom.Document.hashCode()</name>
      <ncss>2</ncss>
      <ccn>1</ccn>
      <javadocs>1</javadocs>
    </function>
    <function>
      <name>org.jdom.Document.clone()</name>
      <ncss>18</ncss>
      <ccn>6</ccn>
      <javadocs>1</javadocs>
    </function>
    <function>
      <name>org.jdom.Document.addComment(Comment)</name>
      <ncss>2</ncss>
      <ccn>1</ccn>
      <javadocs>1</javadocs>
    </function>
    <function>
      <name>org.jdom.Document.addProcessingInstruction(ProcessingInstruction)</name>
      <ncss>2</ncss>
      <ccn>1</ccn>
      <javadocs>1</javadocs>
    </function>
    <function>
      <name>org.jdom.Document.addProcessingInstruction(String,String)</name>
      <ncss>2</ncss>
      <ccn>1</ccn>
      <javadocs>1</javadocs>
    </function>
    <function>
      <name>org.jdom.Document.addProcessingInstruction(String,Map)</name>
      <ncss>2</ncss>
      <ccn>1</ccn>
      <javadocs>1</javadocs>
    </function>
    <function>
      <name>org.jdom.Document.removeProcessingInstruction(ProcessingInstruction)</name>
      <ncss>2</ncss>
      <ccn>1</ccn>
      <javadocs>1</javadocs>
    </function>
    <function>
      <name>org.jdom.Element.Element()</name>
      <ncss>1</ncss>
      <ccn>1</ccn>
      <javadocs>1</javadocs>
    </function>
    <function>
      <name>org.jdom.Element.Element(String,Namespace)</name>
      <ncss>9</ncss>
      <ccn>4</ccn>
      <javadocs>1</javadocs>
    </function>
    <function>
      <name>org.jdom.Element.Element(String)</name>
      <ncss>2</ncss>
      <ccn>1</ccn>
      <javadocs>1</javadocs>
    </function>
    <function>
      <name>org.jdom.Element.Element(String,String)</name>
      <ncss>2</ncss>
      <ccn>1</ccn>
      <javadocs>1</javadocs>
    </function>
    <function>
      <name>org.jdom.Element.Element(String,String,String)</name>
      <ncss>2</ncss>
      <ccn>1</ccn>
      <javadocs>1</javadocs>
    </function>
    <function>
      <name>org.jdom.Element.getCopy(String,Namespace)</name>
      <ncss>5</ncss>
      <ccn>1</ccn>
      <javadocs>1</javadocs>
    </function>
    <function>
      <name>org.jdom.Element.getCopy(String)</name>
      <ncss>2</ncss>
      <ccn>1</ccn>
      <javadocs>1</javadocs>
    </function>
    <function>
      <name>org.jdom.Element.getName()</name>
      <ncss>2</ncss>
      <ccn>1</ccn>
      <javadocs>1</javadocs>
    </function>
    <function>
      <name>org.jdom.Element.getNamespace()</name>
      <ncss>2</ncss>
      <ccn>1</ccn>
      <javadocs>1</javadocs>
    </function>
    <function>
      <name>org.jdom.Element.getNamespacePrefix()</name>
      <ncss>2</ncss>
      <ccn>1</ccn>
      <javadocs>1</javadocs>
    </function>
    <function>
      <name>org.jdom.Element.getNamespaceURI()</name>
      <ncss>2</ncss>
      <ccn>1</ccn>
      <javadocs>1</javadocs>
    </function>
    <function>
      <name>org.jdom.Element.getQualifiedName()</name>
      <ncss>4</ncss>
      <ccn>3</ccn>
      <javadocs>1</javadocs>
    </function>
    <function>
      <name>org.jdom.Element.getParent()</name>
      <ncss>2</ncss>
      <ccn>1</ccn>
      <javadocs>1</javadocs>
    </function>
    <function>
      <name>org.jdom.Element.setParent(Element)</name>
      <ncss>3</ncss>
      <ccn>1</ccn>
      <javadocs>1</javadocs>
    </function>
    <function>
      <name>org.jdom.Element.isRootElement()</name>
      <ncss>2</ncss>
      <ccn>1</ccn>
      <javadocs>1</javadocs>
    </function>
    <function>
      <name>org.jdom.Element.setDocument(Document)</name>
      <ncss>3</ncss>
      <ccn>1</ccn>
      <javadocs>1</javadocs>
    </function>
    <function>
      <name>org.jdom.Element.getDocument()</name>
      <ncss>6</ncss>
      <ccn>5</ccn>
      <javadocs>1</javadocs>
    </function>
    <function>
      <name>org.jdom.Element.getText()</name>
      <ncss>21</ncss>
      <ccn>13</ccn>
      <javadocs>1</javadocs>
    </function>
    <function>
      <name>org.jdom.Element.getTextTrim()</name>
      <ncss>10</ncss>
      <ccn>3</ccn>
      <javadocs>1</javadocs>
    </function>
    <function>
      <name>org.jdom.Element.getChildText(String)</name>
      <ncss>6</ncss>
      <ccn>3</ccn>
      <javadocs>1</javadocs>
    </function>
    <function>
      <name>org.jdom.Element.getChildTextTrim(String)</name>
      <ncss>6</ncss>
      <ccn>3</ccn>
      <javadocs>1</javadocs>
    </function>
    <function>
      <name>org.jdom.Element.getChildText(String,Namespace)</name>
      <ncss>6</ncss>
      <ccn>3</ccn>
      <javadocs>1</javadocs>
    </function>
    <function>
      <name>org.jdom.Element.getChildTextTrim(String,Namespace)</name>
      <ncss>6</ncss>
      <ccn>3</ccn>
      <javadocs>1</javadocs>
    </function>
    <function>
      <name>org.jdom.Element.setText(String)</name>
      <ncss>7</ncss>
      <ccn>2</ccn>
      <javadocs>1</javadocs>
    </function>
    <function>
      <name>org.jdom.Element.hasMixedContent()</name>
      <ncss>13</ncss>
      <ccn>7</ccn>
      <javadocs>1</javadocs>
    </function>
    <function>
      <name>org.jdom.Element.getMixedContent()</name>
      <ncss>6</ncss>
      <ccn>2</ccn>
      <javadocs>1</javadocs>
    </function>
    <function>
      <name>org.jdom.Element.setMixedContent(List)</name>
      <ncss>7</ncss>
      <ccn>2</ccn>
      <javadocs>1</javadocs>
    </function>
    <function>
      <name>org.jdom.Element.getChildren()</name>
      <ncss>10</ncss>
      <ccn>4</ccn>
      <javadocs>1</javadocs>
    </function>
    <function>
      <name>org.jdom.Element.setChildren(List)</name>
      <ncss>2</ncss>
      <ccn>1</ccn>
      <javadocs>1</javadocs>
    </function>
    <function>
      <name>org.jdom.Element.getChildren(String)</name>
      <ncss>2</ncss>
      <ccn>1</ccn>
      <javadocs>1</javadocs>
    </function>
    <function>
      <name>org.jdom.Element.getChildren(String,Namespace)</name>
      <ncss>12</ncss>
      <ccn>6</ccn>
      <javadocs>1</javadocs>
    </function>
    <function>
      <name>org.jdom.Element.getChild(String,Namespace)</name>
      <ncss>12</ncss>
      <ccn>8</ccn>
      <javadocs>1</javadocs>
    </function>
    <function>
      <name>org.jdom.Element.getChild(String)</name>
      <ncss>2</ncss>
      <ccn>1</ccn>
      <javadocs>1</javadocs>
    </function>
    <function>
      <name>org.jdom.Element.addContent(String)</name>
      <ncss>10</ncss>
      <ccn>4</ccn>
      <javadocs>1</javadocs>
    </function>
    <function>
      <name>org.jdom.Element.addContent(Element)</name>
      <ncss>11</ncss>
      <ccn>6</ccn>
      <javadocs>1</javadocs>
    </function>
    <function>
      <name>org.jdom.Element.addContent(ProcessingInstruction)</name>
      <ncss>5</ncss>
      <ccn>2</ccn>
      <javadocs>1</javadocs>
    </function>
    <function>
      <name>org.jdom.Element.addContent(Entity)</name>
      <ncss>5</ncss>
      <ccn>2</ccn>
      <javadocs>1</javadocs>
    </function>
    <function>
      <name>org.jdom.Element.addContent(CDATA)</name>
      <ncss>5</ncss>
      <ccn>2</ccn>
      <javadocs>1</javadocs>
    </function>
    <function>
      <name>org.jdom.Element.addContent(Comment)</name>
      <ncss>5</ncss>
      <ccn>2</ccn>
      <javadocs>1</javadocs>
    </function>
    <function>
      <name>org.jdom.Element.removeChild(String)</name>
      <ncss>2</ncss>
      <ccn>1</ccn>
      <javadocs>1</javadocs>
    </function>
    <function>
      <name>org.jdom.Element.removeChild(String,Namespace)</name>
      <ncss>14</ncss>
      <ccn>8</ccn>
      <javadocs>1</javadocs>
    </function>
    <function>
      <name>org.jdom.Element.removeChildren(String)</name>
      <ncss>2</ncss>
      <ccn>1</ccn>
      <javadocs>1</javadocs>
    </function>
    <function>
      <name>org.jdom.Element.removeChildren(String,Namespace)</name>
      <ncss>15</ncss>
      <ccn>7</ccn>
      <javadocs>1</javadocs>
    </function>
    <function>
      <name>org.jdom.Element.removeChildren()</name>
      <ncss>8</ncss>
      <ccn>4</ccn>
      <javadocs>1</javadocs>
    </function>
    <function>
      <name>org.jdom.Element.getAttributes()</name>
      <ncss>6</ncss>
      <ccn>2</ccn>
      <javadocs>1</javadocs>
    </function>
    <function>
      <name>org.jdom.Element.getAttribute(String)</name>
      <ncss>2</ncss>
      <ccn>1</ccn>
      <javadocs>1</javadocs>
    </function>
    <function>
      <name>org.jdom.Element.getAttribute(String,Namespace)</name>
      <ncss>10</ncss>
      <ccn>7</ccn>
      <javadocs>1</javadocs>
    </function>
    <function>
      <name>org.jdom.Element.getAttributeValue(String)</name>
      <ncss>2</ncss>
      <ccn>1</ccn>
      <javadocs>1</javadocs>
    </function>
    <function>
      <name>org.jdom.Element.getAttributeValue(String,Namespace)</name>
      <ncss>6</ncss>
      <ccn>3</ccn>
      <javadocs>1</javadocs>
    </function>
    <function>
      <name>org.jdom.Element.setAttributes(List)</name>
      <ncss>3</ncss>
      <ccn>1</ccn>
      <javadocs>1</javadocs>
    </function>
    <function>
      <name>org.jdom.Element.addAttribute(Attribute)</name>
      <ncss>7</ncss>
      <ccn>4</ccn>
      <javadocs>1</javadocs>
    </function>
    <function>
      <name>org.jdom.Element.addAttribute(String,String)</name>
      <ncss>2</ncss>
      <ccn>1</ccn>
      <javadocs>1</javadocs>
    </function>
    <function>
      <name>org.jdom.Element.removeAttribute(String,String)</name>
      <ncss>8</ncss>
      <ccn>5</ccn>
      <javadocs>1</javadocs>
    </function>
    <function>
      <name>org.jdom.Element.removeAttribute(String)</name>
      <ncss>2</ncss>
      <ccn>1</ccn>
      <javadocs>1</javadocs>
    </function>
    <function>
      <name>org.jdom.Element.removeAttribute(String,Namespace)</name>
      <ncss>11</ncss>
      <ccn>7</ccn>
      <javadocs>1</javadocs>
    </function>
    <function>
      <name>org.jdom.Element.toString()</name>
      <ncss>3</ncss>
      <ccn>1</ccn>
      <javadocs>1</javadocs>
    </function>
    <function>
      <name>org.jdom.Element.getSerializedForm()</name>
      <ncss>2</ncss>
      <ccn>2</ccn>
      <javadocs>1</javadocs>
    </function>
    <function>
      <name>org.jdom.Element.equals(Object)</name>
      <ncss>2</ncss>
      <ccn>1</ccn>
      <javadocs>1</javadocs>
    </function>
    <function>
      <name>org.jdom.Element.hashCode()</name>
      <ncss>2</ncss>
      <ccn>1</ccn>
      <javadocs>1</javadocs>
    </function>
    <function>
      <name>org.jdom.Element.clone()</name>
      <ncss>26</ncss>
      <ccn>10</ccn>
      <javadocs>1</javadocs>
    </function>
    <function>
      <name>org.jdom.Element.writeObject(ObjectOutputStream)</name>
      <ncss>4</ncss>
      <ccn>1</ccn>
      <javadocs>0</javadocs>
    </function>
    <function>
      <name>org.jdom.Element.readObject(ObjectInputStream)</name>
      <ncss>3</ncss>
      <ccn>1</ccn>
      <javadocs>0</javadocs>
    </function>
    <function>
      <name>org.jdom.Element.getContent(boolean)</name>
      <ncss>5</ncss>
      <ccn>3</ccn>
      <javadocs>1</javadocs>
    </function>
    <function>
      <name>org.jdom.Element.getContent()</name>
      <ncss>2</ncss>
      <ccn>1</ccn>
      <javadocs>1</javadocs>
    </function>
    <function>
      <name>org.jdom.Element.setContent(String)</name>
      <ncss>2</ncss>
      <ccn>1</ccn>
      <javadocs>1</javadocs>
    </function>
    <function>
      <name>org.jdom.Element.getMixedContent(boolean)</name>
      <ncss>12</ncss>
      <ccn>4</ccn>
      <javadocs>1</javadocs>
    </function>
    <function>
      <name>org.jdom.Element.addChild(String)</name>
      <ncss>2</ncss>
      <ccn>1</ccn>
      <javadocs>1</javadocs>
    </function>
    <function>
      <name>org.jdom.Element.addChild(Element)</name>
      <ncss>2</ncss>
      <ccn>1</ccn>
      <javadocs>1</javadocs>
    </function>
    <function>
      <name>org.jdom.Element.addChild(ProcessingInstruction)</name>
      <ncss>2</ncss>
      <ccn>1</ccn>
      <javadocs>1</javadocs>
    </function>
    <function>
      <name>org.jdom.Element.addChild(Entity)</name>
      <ncss>2</ncss>
      <ccn>1</ccn>
      <javadocs>1</javadocs>
    </function>
    <function>
      <name>org.jdom.Element.addChild(Comment)</name>
      <ncss>2</ncss>
      <ccn>1</ccn>
      <javadocs>1</javadocs>
    </function>
    <function>
      <name>org.jdom.Element.removeChild(Element)</name>
      <ncss>2</ncss>
      <ccn>1</ccn>
      <javadocs>1</javadocs>
    </function>
    <function>
      <name>org.jdom.Element.removeChild(ProcessingInstruction)</name>
      <ncss>2</ncss>
      <ccn>1</ccn>
      <javadocs>1</javadocs>
    </function>
    <function>
      <name>org.jdom.Element.removeChild(Entity)</name>
      <ncss>2</ncss>
      <ccn>1</ccn>
      <javadocs>1</javadocs>
    </function>
    <function>
      <name>org.jdom.Element.removeChild(Comment)</name>
      <ncss>2</ncss>
      <ccn>1</ccn>
      <javadocs>1</javadocs>
    </function>
    <function>
      <name>org.jdom.Element.removeContent(Element)</name>
      <ncss>8</ncss>
      <ccn>5</ccn>
      <javadocs>1</javadocs>
    </function>
    <function>
      <name>org.jdom.Element.removeContent(ProcessingInstruction)</name>
      <ncss>4</ncss>
      <ccn>3</ccn>
      <javadocs>1</javadocs>
    </function>
    <function>
      <name>org.jdom.Element.removeContent(Entity)</name>
      <ncss>4</ncss>
      <ccn>3</ccn>
      <javadocs>1</javadocs>
    </function>
    <function>
      <name>org.jdom.Element.removeContent(Comment)</name>
      <ncss>4</ncss>
      <ccn>3</ccn>
      <javadocs>1</javadocs>
    </function>
    <function>
      <name>org.jdom.Entity.Entity()</name>
      <ncss>1</ncss>
      <ccn>1</ccn>
      <javadocs>1</javadocs>
    </function>
    <function>
      <name>org.jdom.Entity.Entity(String)</name>
      <ncss>3</ncss>
      <ccn>1</ccn>
      <javadocs>1</javadocs>
    </function>
    <function>
      <name>org.jdom.Entity.getName()</name>
      <ncss>2</ncss>
      <ccn>1</ccn>
      <javadocs>1</javadocs>
    </function>
    <function>
      <name>org.jdom.Entity.getContent()</name>
      <ncss>8</ncss>
      <ccn>3</ccn>
      <javadocs>1</javadocs>
    </function>
    <function>
      <name>org.jdom.Entity.setContent(String)</name>
      <ncss>4</ncss>
      <ccn>1</ccn>
      <javadocs>1</javadocs>
    </function>
    <function>
      <name>org.jdom.Entity.hasMixedContent()</name>
      <ncss>22</ncss>
      <ccn>14</ccn>
      <javadocs>1</javadocs>
    </function>
    <function>
      <name>org.jdom.Entity.getMixedContent()</name>
      <ncss>2</ncss>
      <ccn>1</ccn>
      <javadocs>1</javadocs>
    </function>
    <function>
      <name>org.jdom.Entity.setMixedContent(List)</name>
      <ncss>3</ncss>
      <ccn>1</ccn>
      <javadocs>1</javadocs>
    </function>
    <function>
      <name>org.jdom.Entity.getChildren()</name>
      <ncss>8</ncss>
      <ccn>3</ccn>
      <javadocs>1</javadocs>
    </function>
    <function>
      <name>org.jdom.Entity.setChildren(List)</name>
      <ncss>2</ncss>
      <ccn>1</ccn>
      <javadocs>1</javadocs>
    </function>
    <function>
      <name>org.jdom.Entity.addText(String)</name>
      <ncss>3</ncss>
      <ccn>1</ccn>
      <javadocs>1</javadocs>
    </function>
    <function>
      <name>org.jdom.Entity.addChild(Element)</name>
      <ncss>3</ncss>
      <ccn>1</ccn>
      <javadocs>1</javadocs>
    </function>
    <function>
      <name>org.jdom.Entity.addChild(String)</name>
      <ncss>3</ncss>
      <ccn>1</ccn>
      <javadocs>1</javadocs>
    </function>
    <function>
      <name>org.jdom.Entity.toString()</name>
      <ncss>2</ncss>
      <ccn>1</ccn>
      <javadocs>1</javadocs>
    </function>
    <function>
      <name>org.jdom.Entity.getSerializedForm()</name>
      <ncss>2</ncss>
      <ccn>1</ccn>
      <javadocs>1</javadocs>
    </function>
    <function>
      <name>org.jdom.Entity.equals(Object)</name>
      <ncss>2</ncss>
      <ccn>1</ccn>
      <javadocs>1</javadocs>
    </function>
    <function>
      <name>org.jdom.Entity.hashCode()</name>
      <ncss>2</ncss>
      <ccn>1</ccn>
      <javadocs>1</javadocs>
    </function>
    <function>
      <name>org.jdom.Entity.clone()</name>
      <ncss>4</ncss>
      <ccn>1</ccn>
      <javadocs>1</javadocs>
    </function>
    <function>
      <name>org.jdom.IllegalAddException.IllegalAddException(Element,Attribute,String)</name>
      <ncss>2</ncss>
      <ccn>1</ccn>
      <javadocs>1</javadocs>
    </function>
    <function>
      <name>org.jdom.IllegalAddException.IllegalAddException(Element,Element,String)</name>
      <ncss>2</ncss>
      <ccn>1</ccn>
      <javadocs>1</javadocs>
    </function>
    <function>
      <name>org.jdom.IllegalAddException.IllegalAddException(Document,Element,String)</name>
      <ncss>2</ncss>
      <ccn>1</ccn>
      <javadocs>1</javadocs>
    </function>
    <function>
      <name>org.jdom.IllegalAddException.IllegalAddException(String)</name>
      <ncss>2</ncss>
      <ccn>1</ccn>
      <javadocs>1</javadocs>
    </function>
    <function>
      <name>org.jdom.IllegalDataException.IllegalDataException(String,String,String)</name>
      <ncss>2</ncss>
      <ccn>1</ccn>
      <javadocs>1</javadocs>
    </function>
    <function>
      <name>org.jdom.IllegalDataException.IllegalDataException(String,String)</name>
      <ncss>2</ncss>
      <ccn>1</ccn>
      <javadocs>1</javadocs>
    </function>
    <function>
      <name>org.jdom.IllegalNameException.IllegalNameException(String,String,String)</name>
      <ncss>2</ncss>
      <ccn>1</ccn>
      <javadocs>1</javadocs>
    </function>
    <function>
      <name>org.jdom.IllegalNameException.IllegalNameException(String,String)</name>
      <ncss>2</ncss>
      <ccn>1</ccn>
      <javadocs>1</javadocs>
    </function>
    <function>
      <name>org.jdom.IllegalTargetException.IllegalTargetException(String,String)</name>
      <ncss>2</ncss>
      <ccn>1</ccn>
      <javadocs>1</javadocs>
    </function>
    <function>
      <name>org.jdom.IllegalTargetException.IllegalTargetException(String)</name>
      <ncss>2</ncss>
      <ccn>1</ccn>
      <javadocs>1</javadocs>
    </function>
    <function>
      <name>org.jdom.input.DOMBuilder.DOMBuilder(String,boolean)</name>
      <ncss>5</ncss>
      <ccn>1</ccn>
      <javadocs>1</javadocs>
    </function>
    <function>
      <name>org.jdom.input.DOMBuilder.DOMBuilder(String)</name>
      <ncss>2</ncss>
      <ccn>1</ccn>
      <javadocs>1</javadocs>
    </function>
    <function>
      <name>org.jdom.input.DOMBuilder.DOMBuilder(boolean)</name>
      <ncss>2</ncss>
      <ccn>1</ccn>
      <javadocs>1</javadocs>
    </function>
    <function>
      <name>org.jdom.input.DOMBuilder.DOMBuilder()</name>
      <ncss>2</ncss>
      <ccn>1</ccn>
      <javadocs>1</javadocs>
    </function>
    <function>
      <name>org.jdom.input.DOMBuilder.build(InputStream)</name>
      <ncss>8</ncss>
      <ccn>3</ccn>
      <javadocs>1</javadocs>
    </function>
    <function>
      <name>org.jdom.input.DOMBuilder.build(File)</name>
      <ncss>5</ncss>
      <ccn>4</ccn>
      <javadocs>1</javadocs>
    </function>
    <function>
      <name>org.jdom.input.DOMBuilder.build(URL)</name>
      <ncss>4</ncss>
      <ccn>4</ccn>
      <javadocs>1</javadocs>
    </function>
    <function>
      <name>org.jdom.input.DOMBuilder.build(org.w3c.dom.Document)</name>
      <ncss>4</ncss>
      <ccn>1</ccn>
      <javadocs>1</javadocs>
    </function>
    <function>
      <name>org.jdom.input.DOMBuilder.build(org.w3c.dom.Element)</name>
      <ncss>4</ncss>
      <ccn>1</ccn>
      <javadocs>1</javadocs>
    </function>
    <function>
      <name>org.jdom.input.DOMBuilder.buildTree(Node,Document,Element,boolean)</name>
      <ncss>85</ncss>
      <ccn>26</ccn>
      <javadocs>1</javadocs>
    </function>
    <function>
      <name>org.jdom.input.SAXBuilder.SAXBuilder(String,boolean)</name>
      <ncss>3</ncss>
      <ccn>1</ccn>
      <javadocs>1</javadocs>
    </function>
    <function>
      <name>org.jdom.input.SAXBuilder.SAXBuilder(String)</name>
      <ncss>2</ncss>
      <ccn>1</ccn>
      <javadocs>1</javadocs>
    </function>
    <function>
      <name>org.jdom.input.SAXBuilder.SAXBuilder(boolean)</name>
      <ncss>2</ncss>
      <ccn>1</ccn>
      <javadocs>1</javadocs>
    </function>
    <function>
      <name>org.jdom.input.SAXBuilder.SAXBuilder()</name>
      <ncss>2</ncss>
      <ccn>1</ccn>
      <javadocs>1</javadocs>
    </function>
    <function>
      <name>org.jdom.input.SAXBuilder.setValidation(boolean)</name>
      <ncss>2</ncss>
      <ccn>1</ccn>
      <javadocs>1</javadocs>
    </function>
    <function>
      <name>org.jdom.input.SAXBuilder.setErrorHandler(ErrorHandler)</name>
      <ncss>2</ncss>
      <ccn>1</ccn>
      <javadocs>1</javadocs>
    </function>
    <function>
      <name>org.jdom.input.SAXBuilder.setEntityResolver(EntityResolver)</name>
      <ncss>2</ncss>
      <ccn>1</ccn>
      <javadocs>1</javadocs>
    </function>
    <function>
      <name>org.jdom.input.SAXBuilder.setDTDHandler(DTDHandler)</name>
      <ncss>2</ncss>
      <ccn>1</ccn>
      <javadocs>1</javadocs>
    </function>
    <function>
      <name>org.jdom.input.SAXBuilder.build(InputSource)</name>
      <ncss>44</ncss>
      <ccn>22</ccn>
      <javadocs>1</javadocs>
    </function>
    <function>
      <name>org.jdom.input.SAXBuilder.build(InputStream)</name>
      <ncss>2</ncss>
      <ccn>1</ccn>
      <javadocs>1</javadocs>
    </function>
    <function>
      <name>org.jdom.input.SAXBuilder.build(File)</name>
      <ncss>5</ncss>
      <ccn>4</ccn>
      <javadocs>1</javadocs>
    </function>
    <function>
      <name>org.jdom.input.SAXBuilder.build(URL)</name>
      <ncss>3</ncss>
      <ccn>1</ccn>
      <javadocs>1</javadocs>
    </function>
    <function>
      <name>org.jdom.input.SAXBuilder.build(InputStream,String)</name>
      <ncss>4</ncss>
      <ccn>1</ccn>
      <javadocs>1</javadocs>
    </function>
    <function>
      <name>org.jdom.input.SAXBuilder.build(Reader)</name>
      <ncss>2</ncss>
      <ccn>1</ccn>
      <javadocs>1</javadocs>
    </function>
    <function>
      <name>org.jdom.input.SAXBuilder.build(Reader,String)</name>
      <ncss>4</ncss>
      <ccn>1</ccn>
      <javadocs>1</javadocs>
    </function>
    <function>
      <name>org.jdom.input.SAXBuilder.build(String)</name>
      <ncss>2</ncss>
      <ccn>1</ccn>
      <javadocs>1</javadocs>
    </function>
    <function>
      <name>org.jdom.input.SAXBuilder.fileToURL(File)</name>
      <ncss>9</ncss>
      <ccn>5</ccn>
      <javadocs>1</javadocs>
    </function>
    <function>
      <name>org.jdom.input.SAXHandler.SAXHandler(Document)</name>
      <ncss>15</ncss>
      <ccn>4</ccn>
      <javadocs>1</javadocs>
    </function>
    <function>
      <name>org.jdom.input.SAXHandler.processingInstruction(String,String)</name>
      <ncss>5</ncss>
      <ccn>2</ccn>
      <javadocs>1</javadocs>
    </function>
    <function>
      <name>org.jdom.input.SAXHandler.startPrefixMapping(String,String)</name>
      <ncss>1</ncss>
      <ccn>1</ccn>
      <javadocs>1</javadocs>
    </function>
    <function>
      <name>org.jdom.input.SAXHandler.startElement(String,String,String,Attributes)</name>
      <ncss>53</ncss>
      <ccn>18</ccn>
      <javadocs>1</javadocs>
    </function>
    <function>
      <name>org.jdom.input.SAXHandler.getNamespaceURI(String)</name>
      <ncss>6</ncss>
      <ccn>4</ccn>
      <javadocs>1</javadocs>
    </function>
    <function>
      <name>org.jdom.input.SAXHandler.characters(ns.getURI[],int,int)</name>
      <ncss>11</ncss>
      <ccn>4</ccn>
      <javadocs>1</javadocs>
    </function>
    <function>
      <name>org.jdom.input.SAXHandler.endElement(String,String,String)</name>
      <ncss>6</ncss>
      <ccn>2</ccn>
      <javadocs>1</javadocs>
    </function>
    <function>
      <name>org.jdom.input.SAXHandler.error(SAXParseException)</name>
      <ncss>2</ncss>
      <ccn>2</ccn>
      <javadocs>1</javadocs>
    </function>
    <function>
      <name>org.jdom.input.SAXHandler.warning(SAXParseException)</name>
      <ncss>2</ncss>
      <ccn>2</ccn>
      <javadocs>1</javadocs>
    </function>
    <function>
      <name>org.jdom.input.SAXHandler.fatalError(SAXParseException)</name>
      <ncss>2</ncss>
      <ccn>2</ccn>
      <javadocs>1</javadocs>
    </function>
    <function>
      <name>org.jdom.input.SAXHandler.startDTD(String,String,String)</name>
      <ncss>3</ncss>
      <ccn>1</ccn>
      <javadocs>1</javadocs>
    </function>
    <function>
      <name>org.jdom.input.SAXHandler.endDTD()</name>
      <ncss>2</ncss>
      <ccn>1</ccn>
      <javadocs>1</javadocs>
    </function>
    <function>
      <name>org.jdom.input.SAXHandler.startEntity(String)</name>
      <ncss>6</ncss>
      <ccn>7</ccn>
      <javadocs>0</javadocs>
    </function>
    <function>
      <name>org.jdom.input.SAXHandler.endEntity(String)</name>
      <ncss>4</ncss>
      <ccn>2</ccn>
      <javadocs>0</javadocs>
    </function>
    <function>
      <name>org.jdom.input.SAXHandler.startCDATA()</name>
      <ncss>2</ncss>
      <ccn>1</ccn>
      <javadocs>1</javadocs>
    </function>
    <function>
      <name>org.jdom.input.SAXHandler.endCDATA()</name>
      <ncss>2</ncss>
      <ccn>1</ccn>
      <javadocs>1</javadocs>
    </function>
    <function>
      <name>org.jdom.input.SAXHandler.comment(inCDATA[],int,int)</name>
      <ncss>7</ncss>
      <ccn>4</ccn>
      <javadocs>1</javadocs>
    </function>
    <function>
      <name>org.jdom.JDOMException.JDOMException()</name>
      <ncss>2</ncss>
      <ccn>1</ccn>
      <javadocs>1</javadocs>
    </function>
    <function>
      <name>org.jdom.JDOMException.JDOMException(String)</name>
      <ncss>2</ncss>
      <ccn>1</ccn>
      <javadocs>1</javadocs>
    </function>
    <function>
      <name>org.jdom.JDOMException.JDOMException(String,Throwable)</name>
      <ncss>3</ncss>
      <ccn>1</ccn>
      <javadocs>1</javadocs>
    </function>
    <function>
      <name>org.jdom.JDOMException.getMessage()</name>
      <ncss>5</ncss>
      <ccn>3</ccn>
      <javadocs>1</javadocs>
    </function>
    <function>
      <name>org.jdom.JDOMException.printStackTrace()</name>
      <ncss>5</ncss>
      <ccn>2</ccn>
      <javadocs>1</javadocs>
    </function>
    <function>
      <name>org.jdom.JDOMException.printStackTrace(PrintStream)</name>
      <ncss>5</ncss>
      <ccn>2</ccn>
      <javadocs>1</javadocs>
    </function>
    <function>
      <name>org.jdom.JDOMException.printStackTrace(PrintWriter)</name>
      <ncss>5</ncss>
      <ccn>2</ccn>
      <javadocs>1</javadocs>
    </function>
    <function>
      <name>org.jdom.JDOMException.getRootCause()</name>
      <ncss>2</ncss>
      <ccn>1</ccn>
      <javadocs>1</javadocs>
    </function>
    <function>
      <name>org.jdom.Namespace.getNamespace(String,String)</name>
      <ncss>22</ncss>
      <ccn>18</ccn>
      <javadocs>1</javadocs>
    </function>
    <function>
      <name>org.jdom.Namespace.getNamespace(String)</name>
      <ncss>2</ncss>
      <ccn>1</ccn>
      <javadocs>1</javadocs>
    </function>
    <function>
      <name>org.jdom.Namespace.getNamespace(String,Element)</name>
      <ncss>14</ncss>
      <ccn>8</ccn>
      <javadocs>1</javadocs>
    </function>
    <function>
      <name>org.jdom.Namespace.Namespace(String,String)</name>
      <ncss>3</ncss>
      <ccn>1</ccn>
      <javadocs>1</javadocs>
    </function>
    <function>
      <name>org.jdom.Namespace.getPrefix()</name>
      <ncss>2</ncss>
      <ccn>1</ccn>
      <javadocs>1</javadocs>
    </function>
    <function>
      <name>org.jdom.Namespace.getURI()</name>
      <ncss>2</ncss>
      <ccn>1</ccn>
      <javadocs>1</javadocs>
    </function>
    <function>
      <name>org.jdom.Namespace.equals(Object)</name>
      <ncss>8</ncss>
      <ccn>7</ccn>
      <javadocs>1</javadocs>
    </function>
    <function>
      <name>org.jdom.Namespace.toString()</name>
      <ncss>2</ncss>
      <ccn>1</ccn>
      <javadocs>1</javadocs>
    </function>
    <function>
      <name>org.jdom.Namespace.hashCode()</name>
      <ncss>2</ncss>
      <ccn>1</ccn>
      <javadocs>1</javadocs>
    </function>
    <function>
      <name>org.jdom.output.DOMOutputter.DOMOutputter()</name>
      <ncss>1</ncss>
      <ccn>1</ccn>
      <javadocs>1</javadocs>
    </function>
    <function>
      <name>org.jdom.output.DOMOutputter.output(Document)</name>
      <ncss>2</ncss>
      <ccn>1</ccn>
      <javadocs>1</javadocs>
    </function>
    <function>
      <name>org.jdom.output.DOMOutputter.output(Element)</name>
      <ncss>2</ncss>
      <ccn>1</ccn>
      <javadocs>1</javadocs>
    </function>
    <function>
      <name>org.jdom.output.DOMOutputter.output(Attribute)</name>
      <ncss>2</ncss>
      <ccn>1</ccn>
      <javadocs>1</javadocs>
    </function>
    <function>
      <name>org.jdom.output.DOMOutputter.output(Element,String)</name>
      <ncss>9</ncss>
      <ccn>3</ccn>
      <javadocs>1</javadocs>
    </function>
    <function>
      <name>org.jdom.output.DOMOutputter.output(Document,String)</name>
      <ncss>27</ncss>
      <ccn>8</ccn>
      <javadocs>1</javadocs>
    </function>
    <function>
      <name>org.jdom.output.DOMOutputter.output(Attribute,String)</name>
      <ncss>10</ncss>
      <ccn>3</ccn>
      <javadocs>1</javadocs>
    </function>
    <function>
      <name>org.jdom.output.DOMOutputter.buildDOMTree(Object,org.w3c.dom.Document,org.w3c.dom.Element,boolean,LinkedList)</name>
      <ncss>51</ncss>
      <ccn>17</ccn>
      <javadocs>1</javadocs>
    </function>
    <function>
      <name>org.jdom.output.DOMOutputter.getXmlnsTagFor(Namespace)</name>
      <ncss>6</ncss>
      <ccn>2</ccn>
      <javadocs>1</javadocs>
    </function>
    <function>
      <name>org.jdom.output.SAXOutputter.output(Document)</name>
      <ncss>1</ncss>
      <ccn>1</ccn>
      <javadocs>1</javadocs>
    </function>
    <function>
      <name>org.jdom.output.XMLOutputter.XMLOutputter()</name>
      <ncss>1</ncss>
      <ccn>1</ccn>
      <javadocs>1</javadocs>
    </function>
    <function>
      <name>org.jdom.output.XMLOutputter.XMLOutputter(String)</name>
      <ncss>2</ncss>
      <ccn>1</ccn>
      <javadocs>1</javadocs>
    </function>
    <function>
      <name>org.jdom.output.XMLOutputter.XMLOutputter(String,boolean)</name>
      <ncss>3</ncss>
      <ccn>1</ccn>
      <javadocs>1</javadocs>
    </function>
    <function>
      <name>org.jdom.output.XMLOutputter.XMLOutputter(String,boolean,String)</name>
      <ncss>4</ncss>
      <ccn>1</ccn>
      <javadocs>1</javadocs>
    </function>
    <function>
      <name>org.jdom.output.XMLOutputter.XMLOutputter(XMLOutputter)</name>
      <ncss>10</ncss>
      <ccn>1</ccn>
      <javadocs>1</javadocs>
    </function>
    <function>
      <name>org.jdom.output.XMLOutputter.setLineSeparator(String)</name>
      <ncss>2</ncss>
      <ccn>1</ccn>
      <javadocs>1</javadocs>
    </function>
    <function>
      <name>org.jdom.output.XMLOutputter.setNewlines(boolean)</name>
      <ncss>2</ncss>
      <ccn>1</ccn>
      <javadocs>1</javadocs>
    </function>
    <function>
      <name>org.jdom.output.XMLOutputter.setEncoding(String)</name>
      <ncss>2</ncss>
      <ccn>1</ccn>
      <javadocs>1</javadocs>
    </function>
    <function>
      <name>org.jdom.output.XMLOutputter.setOmitEncoding(boolean)</name>
      <ncss>2</ncss>
      <ccn>1</ccn>
      <javadocs>1</javadocs>
    </function>
    <function>
      <name>org.jdom.output.XMLOutputter.setSuppressDeclaration(boolean)</name>
      <ncss>2</ncss>
      <ccn>1</ccn>
      <javadocs>1</javadocs>
    </function>
    <function>
      <name>org.jdom.output.XMLOutputter.setExpandEmptyElements(boolean)</name>
      <ncss>2</ncss>
      <ccn>1</ccn>
      <javadocs>1</javadocs>
    </function>
    <function>
      <name>org.jdom.output.XMLOutputter.setTrimText(boolean)</name>
      <ncss>2</ncss>
      <ccn>1</ccn>
      <javadocs>1</javadocs>
    </function>
    <function>
      <name>org.jdom.output.XMLOutputter.setIndent(String)</name>
      <ncss>4</ncss>
      <ccn>2</ccn>
      <javadocs>1</javadocs>
    </function>
    <function>
      <name>org.jdom.output.XMLOutputter.setIndent(boolean)</name>
      <ncss>5</ncss>
      <ccn>2</ccn>
      <javadocs>1</javadocs>
    </function>
    <function>
      <name>org.jdom.output.XMLOutputter.setIndentLevel(int)</name>
      <ncss>2</ncss>
      <ccn>1</ccn>
      <javadocs>1</javadocs>
    </function>
    <function>
      <name>org.jdom.output.XMLOutputter.setIndentSize(int)</name>
      <ncss>5</ncss>
      <ccn>2</ccn>
      <javadocs>1</javadocs>
    </function>
    <function>
      <name>org.jdom.output.XMLOutputter.indent(Writer,int)</name>
      <ncss>4</ncss>
      <ccn>4</ccn>
      <javadocs>1</javadocs>
    </function>
    <function>
      <name>org.jdom.output.XMLOutputter.maybePrintln(Writer)</name>
      <ncss>3</ncss>
      <ccn>2</ccn>
      <javadocs>1</javadocs>
    </function>
    <function>
      <name>org.jdom.output.XMLOutputter.makeWriter(OutputStream)</name>
      <ncss>3</ncss>
      <ccn>1</ccn>
      <javadocs>1</javadocs>
    </function>
    <function>
      <name>org.jdom.output.XMLOutputter.makeWriter(OutputStream,String)</name>
      <ncss>3</ncss>
      <ccn>1</ccn>
      <javadocs>1</javadocs>
    </function>
    <function>
      <name>org.jdom.output.XMLOutputter.output(Document,OutputStream)</name>
      <ncss>4</ncss>
      <ccn>1</ccn>
      <javadocs>1</javadocs>
    </function>
    <function>
      <name>org.jdom.output.XMLOutputter.output(Document,Writer)</name>
      <ncss>22</ncss>
      <ccn>9</ccn>
      <javadocs>1</javadocs>
    </function>
    <function>
      <name>org.jdom.output.XMLOutputter.output(Element,Writer)</name>
      <ncss>2</ncss>
      <ccn>1</ccn>
      <javadocs>1</javadocs>
    </function>
    <function>
      <name>org.jdom.output.XMLOutputter.output(Element,OutputStream)</name>
      <ncss>4</ncss>
      <ccn>1</ccn>
      <javadocs>1</javadocs>
    </function>
    <function>
      <name>org.jdom.output.XMLOutputter.output(CDATA,Writer)</name>
      <ncss>2</ncss>
      <ccn>1</ccn>
      <javadocs>1</javadocs>
    </function>
    <function>
      <name>org.jdom.output.XMLOutputter.output(CDATA,OutputStream)</name>
      <ncss>4</ncss>
      <ccn>1</ccn>
      <javadocs>1</javadocs>
    </function>
    <function>
      <name>org.jdom.output.XMLOutputter.output(Comment,Writer)</name>
      <ncss>2</ncss>
      <ccn>1</ccn>
      <javadocs>1</javadocs>
    </function>
    <function>
      <name>org.jdom.output.XMLOutputter.output(Comment,OutputStream)</name>
      <ncss>4</ncss>
      <ccn>1</ccn>
      <javadocs>1</javadocs>
    </function>
    <function>
      <name>org.jdom.output.XMLOutputter.output(String,Writer)</name>
      <ncss>2</ncss>
      <ccn>1</ccn>
      <javadocs>1</javadocs>
    </function>
    <function>
      <name>org.jdom.output.XMLOutputter.output(String,OutputStream)</name>
      <ncss>4</ncss>
      <ccn>1</ccn>
      <javadocs>1</javadocs>
    </function>
    <function>
      <name>org.jdom.output.XMLOutputter.output(Entity,Writer)</name>
      <ncss>2</ncss>
      <ccn>1</ccn>
      <javadocs>1</javadocs>
    </function>
    <function>
      <name>org.jdom.output.XMLOutputter.output(Entity,OutputStream)</name>
      <ncss>4</ncss>
      <ccn>1</ccn>
      <javadocs>1</javadocs>
    </function>
    <function>
      <name>org.jdom.output.XMLOutputter.output(ProcessingInstruction,Writer)</name>
      <ncss>2</ncss>
      <ccn>1</ccn>
      <javadocs>1</javadocs>
    </function>
    <function>
      <name>org.jdom.output.XMLOutputter.output(ProcessingInstruction,OutputStream)</name>
      <ncss>4</ncss>
      <ccn>1</ccn>
      <javadocs>1</javadocs>
    </function>
    <function>
      <name>org.jdom.output.XMLOutputter.outputString(Document)</name>
      <ncss>5</ncss>
      <ccn>1</ccn>
      <javadocs>1</javadocs>
    </function>
    <function>
      <name>org.jdom.output.XMLOutputter.outputString(Element)</name>
      <ncss>5</ncss>
      <ccn>1</ccn>
      <javadocs>1</javadocs>
    </function>
    <function>
      <name>org.jdom.output.XMLOutputter.printDeclaration(Document,Writer,String)</name>
      <ncss>13</ncss>
      <ccn>5</ccn>
      <javadocs>1</javadocs>
    </function>
    <function>
      <name>org.jdom.output.XMLOutputter.printDocType(DocType,Writer)</name>
      <ncss>21</ncss>
      <ccn>8</ccn>
      <javadocs>1</javadocs>
    </function>
    <function>
      <name>org.jdom.output.XMLOutputter.printComment(Comment,Writer,int)</name>
      <ncss>4</ncss>
      <ccn>1</ccn>
      <javadocs>1</javadocs>
    </function>
    <function>
      <name>org.jdom.output.XMLOutputter.printProcessingInstruction(ProcessingInstruction,Writer,int)</name>
      <ncss>4</ncss>
      <ccn>1</ccn>
      <javadocs>1</javadocs>
    </function>
    <function>
      <name>org.jdom.output.XMLOutputter.printCDATASection(CDATA,Writer,int)</name>
      <ncss>4</ncss>
      <ccn>1</ccn>
      <javadocs>1</javadocs>
    </function>
    <function>
      <name>org.jdom.output.XMLOutputter.printElement(Element,Writer,int,NamespaceStack)</name>
      <ncss>42</ncss>
      <ccn>14</ccn>
      <javadocs>1</javadocs>
    </function>
    <function>
      <name>org.jdom.output.XMLOutputter.printElementContent(Element,Writer)</name>
      <ncss>3</ncss>
      <ccn>1</ccn>
      <javadocs>1</javadocs>
    </function>
    <function>
      <name>org.jdom.output.XMLOutputter.printElementContent(Element,Writer,int,NamespaceStack,List)</name>
      <ncss>27</ncss>
      <ccn>12</ccn>
      <javadocs>1</javadocs>
    </function>
    <function>
      <name>org.jdom.output.XMLOutputter.printString(String,Writer)</name>
      <ncss>11</ncss>
      <ccn>4</ccn>
      <javadocs>1</javadocs>
    </function>
    <function>
      <name>org.jdom.output.XMLOutputter.printEntity(Entity,Writer)</name>
      <ncss>2</ncss>
      <ccn>1</ccn>
      <javadocs>1</javadocs>
    </function>
    <function>
      <name>org.jdom.output.XMLOutputter.printNamespace(Namespace,Writer)</name>
      <ncss>8</ncss>
      <ccn>2</ccn>
      <javadocs>1</javadocs>
    </function>
    <function>
      <name>org.jdom.output.XMLOutputter.printAttributes(List,Element,Writer,NamespaceStack)</name>
      <ncss>17</ncss>
      <ccn>5</ccn>
      <javadocs>1</javadocs>
    </function>
    <function>
      <name>org.jdom.output.XMLOutputter.escapeAttributeEntities(String)</name>
      <ncss>31</ncss>
      <ccn>9</ccn>
      <javadocs>1</javadocs>
    </function>
    <function>
      <name>org.jdom.output.XMLOutputter.escapeElementEntities(String)</name>
      <ncss>25</ncss>
      <ccn>7</ccn>
      <javadocs>1</javadocs>
    </function>
    <function>
      <name>org.jdom.output.XMLOutputter.parseArgs(String[],int)</name>
      <ncss>34</ncss>
      <ccn>13</ccn>
      <javadocs>1</javadocs>
    </function>
    <function>
      <name>org.jdom.output.NamespaceStack.push(Namespace)</name>
      <ncss>3</ncss>
      <ccn>1</ccn>
      <javadocs>0</javadocs>
    </function>
    <function>
      <name>org.jdom.output.NamespaceStack.pop()</name>
      <ncss>3</ncss>
      <ccn>1</ccn>
      <javadocs>0</javadocs>
    </function>
    <function>
      <name>org.jdom.output.NamespaceStack.size()</name>
      <ncss>2</ncss>
      <ccn>1</ccn>
      <javadocs>0</javadocs>
    </function>
    <function>
      <name>org.jdom.output.NamespaceStack.getURI(String)</name>
      <ncss>6</ncss>
      <ccn>3</ccn>
      <javadocs>0</javadocs>
    </function>
    <function>
      <name>org.jdom.PartialList.PartialList(List,Element)</name>
      <ncss>4</ncss>
      <ccn>1</ccn>
      <javadocs>1</javadocs>
    </function>
    <function>
      <name>org.jdom.PartialList.PartialList(List)</name>
      <ncss>2</ncss>
      <ccn>1</ccn>
      <javadocs>1</javadocs>
    </function>
    <function>
      <name>org.jdom.PartialList.removeFirst()</name>
      <ncss>6</ncss>
      <ccn>2</ccn>
      <javadocs>1</javadocs>
    </function>
    <function>
      <name>org.jdom.PartialList.removeLast()</name>
      <ncss>6</ncss>
      <ccn>2</ccn>
      <javadocs>1</javadocs>
    </function>
    <function>
      <name>org.jdom.PartialList.addFirst(Object)</name>
      <ncss>9</ncss>
      <ccn>3</ccn>
      <javadocs>1</javadocs>
    </function>
    <function>
      <name>org.jdom.PartialList.addLast(Object)</name>
      <ncss>9</ncss>
      <ccn>4</ccn>
      <javadocs>1</javadocs>
    </function>
    <function>
      <name>org.jdom.PartialList.add(Object)</name>
      <ncss>5</ncss>
      <ccn>2</ccn>
      <javadocs>1</javadocs>
    </function>
    <function>
      <name>org.jdom.PartialList.remove(Object)</name>
      <ncss>5</ncss>
      <ccn>2</ccn>
      <javadocs>1</javadocs>
    </function>
    <function>
      <name>org.jdom.PartialList.addAll(Collection)</name>
      <ncss>11</ncss>
      <ccn>4</ccn>
      <javadocs>1</javadocs>
    </function>
    <function>
      <name>org.jdom.PartialList.addAll(int,Collection)</name>
      <ncss>11</ncss>
      <ccn>4</ccn>
      <javadocs>1</javadocs>
    </function>
    <function>
      <name>org.jdom.PartialList.clear()</name>
      <ncss>7</ncss>
      <ccn>3</ccn>
      <javadocs>1</javadocs>
    </function>
    <function>
      <name>org.jdom.PartialList.set(int,Object)</name>
      <ncss>10</ncss>
      <ccn>4</ccn>
      <javadocs>1</javadocs>
    </function>
    <function>
      <name>org.jdom.PartialList.add(int,Object)</name>
      <ncss>8</ncss>
      <ccn>3</ccn>
      <javadocs>1</javadocs>
    </function>
    <function>
      <name>org.jdom.PartialList.remove(int)</name>
      <ncss>6</ncss>
      <ccn>2</ccn>
      <javadocs>1</javadocs>
    </function>
    <function>
      <name>org.jdom.PartialList.addPartial(Object)</name>
      <ncss>2</ncss>
      <ccn>1</ccn>
      <javadocs>1</javadocs>
    </function>
    <function>
      <name>org.jdom.PartialList.addAllPartial(Collection)</name>
      <ncss>4</ncss>
      <ccn>2</ccn>
      <javadocs>1</javadocs>
    </function>
    <function>
      <name>org.jdom.ProcessingInstruction.ProcessingInstruction()</name>
      <ncss>1</ncss>
      <ccn>1</ccn>
      <javadocs>1</javadocs>
    </function>
    <function>
      <name>org.jdom.ProcessingInstruction.ProcessingInstruction(String,Map)</name>
      <ncss>6</ncss>
      <ccn>3</ccn>
      <javadocs>1</javadocs>
    </function>
    <function>
      <name>org.jdom.ProcessingInstruction.ProcessingInstruction(String,String)</name>
      <ncss>6</ncss>
      <ccn>3</ccn>
      <javadocs>1</javadocs>
    </function>
    <function>
      <name>org.jdom.ProcessingInstruction.getTarget()</name>
      <ncss>2</ncss>
      <ccn>1</ccn>
      <javadocs>1</javadocs>
    </function>
    <function>
      <name>org.jdom.ProcessingInstruction.getData()</name>
      <ncss>2</ncss>
      <ccn>1</ccn>
      <javadocs>1</javadocs>
    </function>
    <function>
      <name>org.jdom.ProcessingInstruction.setData(String)</name>
      <ncss>4</ncss>
      <ccn>1</ccn>
      <javadocs>1</javadocs>
    </function>
    <function>
      <name>org.jdom.ProcessingInstruction.setData(Map)</name>
      <ncss>4</ncss>
      <ccn>1</ccn>
      <javadocs>1</javadocs>
    </function>
    <function>
      <name>org.jdom.ProcessingInstruction.getValue(String)</name>
      <ncss>4</ncss>
      <ccn>3</ccn>
      <javadocs>1</javadocs>
    </function>
    <function>
      <name>org.jdom.ProcessingInstruction.setValue(String,String)</name>
      <ncss>4</ncss>
      <ccn>1</ccn>
      <javadocs>1</javadocs>
    </function>
    <function>
      <name>org.jdom.ProcessingInstruction.removeValue(String)</name>
      <ncss>5</ncss>
      <ccn>3</ccn>
      <javadocs>1</javadocs>
    </function>
    <function>
      <name>org.jdom.ProcessingInstruction.toString(Map)</name>
      <ncss>9</ncss>
      <ccn>2</ccn>
      <javadocs>1</javadocs>
    </function>
    <function>
      <name>org.jdom.ProcessingInstruction.parseData(String)</name>
      <ncss>10</ncss>
      <ccn>3</ccn>
      <javadocs>1</javadocs>
    </function>
    <function>
      <name>org.jdom.ProcessingInstruction.toString()</name>
      <ncss>2</ncss>
      <ccn>1</ccn>
      <javadocs>1</javadocs>
    </function>
    <function>
      <name>org.jdom.ProcessingInstruction.getSerializedForm()</name>
      <ncss>2</ncss>
      <ccn>1</ccn>
      <javadocs>1</javadocs>
    </function>
    <function>
      <name>org.jdom.ProcessingInstruction.equals(Object)</name>
      <ncss>2</ncss>
      <ccn>1</ccn>
      <javadocs>1</javadocs>
    </function>
    <function>
      <name>org.jdom.ProcessingInstruction.hashCode()</name>
      <ncss>2</ncss>
      <ccn>1</ccn>
      <javadocs>1</javadocs>
    </function>
    <function>
      <name>org.jdom.ProcessingInstruction.clone()</name>
      <ncss>3</ncss>
      <ccn>1</ccn>
      <javadocs>1</javadocs>
    </function>
    <function>
      <name>org.jdom.Verifier.Verifier()</name>
      <ncss>1</ncss>
      <ccn>1</ccn>
      <javadocs>1</javadocs>
    </function>
    <function>
      <name>org.jdom.Verifier.checkElementName(String)</name>
      <ncss>7</ncss>
      <ccn>5</ccn>
      <javadocs>1</javadocs>
    </function>
    <function>
      <name>org.jdom.Verifier.checkAttributeName(String)</name>
      <ncss>9</ncss>
      <ccn>8</ccn>
      <javadocs>1</javadocs>
    </function>
    <function>
      <name>org.jdom.Verifier.checkCharacterData(String)</name>
      <ncss>5</ncss>
      <ccn>4</ccn>
      <javadocs>1</javadocs>
    </function>
    <function>
      <name>org.jdom.Verifier.checkNamespacePrefix(String)</name>
      <ncss>21</ncss>
      <ccn>19</ccn>
      <javadocs>1</javadocs>
    </function>
    <function>
      <name>org.jdom.Verifier.checkNamespaceURI(String)</name>
      <ncss>11</ncss>
      <ccn>10</ccn>
      <javadocs>1</javadocs>
    </function>
    <function>
      <name>org.jdom.Verifier.checkProcessingInstructionTarget(String)</name>
      <ncss>9</ncss>
      <ccn>7</ccn>
      <javadocs>1</javadocs>
    </function>
    <function>
      <name>org.jdom.Verifier.checkCommentData(String)</name>
      <ncss>6</ncss>
      <ccn>5</ccn>
      <javadocs>1</javadocs>
    </function>
    <function>
      <name>org.jdom.Verifier.checkXMLName(String)</name>
      <ncss>11</ncss>
      <ccn>10</ccn>
      <javadocs>1</javadocs>
    </function>
    <function>
      <name>org.jdom.Verifier.isXMLCharacter(char)</name>
      <ncss>14</ncss>
      <ccn>16</ccn>
      <javadocs>1</javadocs>
    </function>
    <function>
      <name>org.jdom.Verifier.isXMLNameCharacter(char)</name>
      <ncss>2</ncss>
      <ccn>8</ccn>
      <javadocs>1</javadocs>
    </function>
    <function>
      <name>org.jdom.Verifier.isXMLNameStartCharacter(char)</name>
      <ncss>2</ncss>
      <ccn>3</ccn>
      <javadocs>1</javadocs>
    </function>
    <function>
      <name>org.jdom.Verifier.isXMLLetterOrDigit(char)</name>
      <ncss>2</ncss>
      <ccn>2</ccn>
      <javadocs>1</javadocs>
    </function>
    <function>
      <name>org.jdom.Verifier.isXMLLetter(char)</name>
      <ncss>412</ncss>
      <ccn>563</ccn>
      <javadocs>1</javadocs>
    </function>
    <function>
      <name>org.jdom.Verifier.isXMLCombiningChar(char)</name>
      <ncss>192</ncss>
      <ccn>257</ccn>
      <javadocs>1</javadocs>
    </function>
    <function>
      <name>org.jdom.Verifier.isXMLExtender(char)</name>
      <ncss>24</ncss>
      <ccn>26</ccn>
      <javadocs>1</javadocs>
    </function>
    <function>
      <name>org.jdom.Verifier.isXMLDigit(char)</name>
      <ncss>32</ncss>
      <ccn>46</ccn>
      <javadocs>1</javadocs>
    </function>
    <function_averages>
      <ncss>7.28</ncss>
      <ccn>4.93</ccn>
      <javadocs>0.97</javadocs>
    </function_averages>
    <ncss>3,162.00</ncss>
  </functions>
</javancss>
