<?xml version="1.0"?>
<javancss>
  <date>2008-09-16</date>
  <time>23:00:21</time>
  <packages>
    <package>
      <name>org.jdom</name>
      <classes>17</classes>
      <functions>273</functions>
      <ncss>3268</ncss>
      <javadocs>278</javadocs>
      <javadoc_lines>2810</javadoc_lines>
      <single_comment_lines>133</single_comment_lines>
      <multi_comment_lines>924</multi_comment_lines>
    </package>
    <package>
      <name>org.jdom.adapters</name>
      <classes>8</classes>
      <functions>18</functions>
      <ncss>231</ncss>
      <javadocs>26</javadocs>
      <javadoc_lines>242</javadoc_lines>
      <single_comment_lines>20</single_comment_lines>
      <multi_comment_lines>489</multi_comment_lines>
    </package>
    <package>
      <name>org.jdom.input</name>
      <classes>4</classes>
      <functions>48</functions>
      <ncss>467</ncss>
      <javadocs>46</javadocs>
      <javadoc_lines>484</javadoc_lines>
      <single_comment_lines>82</single_comment_lines>
      <multi_comment_lines>176</multi_comment_lines>
    </package>
    <package>
      <name>org.jdom.output</name>
      <classes>4</classes>
      <functions>86</functions>
      <ncss>807</ncss>
      <javadocs>87</javadocs>
      <javadoc_lines>794</javadoc_lines>
      <single_comment_lines>128</single_comment_lines>
      <multi_comment_lines>254</multi_comment_lines>
    </package>
    <total>
      <classes>33</classes>
      <functions>425</functions>
      <ncss>4773</ncss>
      <javadocs>437</javadocs>
      <javadoc_lines>4330</javadoc_lines>
      <single_comment_lines>363</single_comment_lines>
      <multi_comment_lines>1843</multi_comment_lines>
    </total>
    <table>
      <tr><td>Packages</td><td>Classes</td><td>Functions</td><td>NCSS</td><td>Javadocs</td><td>per</td></tr>
      <tr><td>4.00</td><td>33.00</td><td>425.00</td><td>4,773.00</td><td>437.00</td><td>Project</td></tr>
      <tr><td></td><td>8.25</td><td>106.25</td><td>1,193.25</td><td>109.25</td><td>Package</td></tr>
      <tr><td></td><td></td><td>12.88</td><td>144.64</td><td>13.24</td><td>Class</td></tr>
      <tr><td></td><td></td><td></td><td>11.23</td><td>1.03</td><td>Function</td></tr>
    </table>
  </packages>

  <objects>
    <object>
      <name>org.jdom.adapters.AbstractDOMAdapter</name>
      <ncss>5</ncss>
      <functions>3</functions>
      <classes>0</classes>
      <javadocs>4</javadocs>
    </object>
    <object>
      <name>org.jdom.adapters.CrimsonDOMAdapter</name>
      <ncss>25</ncss>
      <functions>2</functions>
      <classes>0</classes>
      <javadocs>3</javadocs>
    </object>
    <object>
      <name>org.jdom.adapters.DOMAdapter</name>
      <ncss>4</ncss>
      <functions>3</functions>
      <classes>0</classes>
      <javadocs>4</javadocs>
    </object>
    <object>
      <name>org.jdom.adapters.OracleV1DOMAdapter</name>
      <ncss>22</ncss>
      <functions>2</functions>
      <classes>0</classes>
      <javadocs>3</javadocs>
    </object>
    <object>
      <name>org.jdom.adapters.OracleV2DOMAdapter</name>
      <ncss>22</ncss>
      <functions>2</functions>
      <classes>0</classes>
      <javadocs>3</javadocs>
    </object>
    <object>
      <name>org.jdom.adapters.ProjectXDOMAdapter</name>
      <ncss>25</ncss>
      <functions>2</functions>
      <classes>0</classes>
      <javadocs>3</javadocs>
    </object>
    <object>
      <name>org.jdom.adapters.XercesDOMAdapter</name>
      <ncss>28</ncss>
      <functions>2</functions>
      <classes>0</classes>
      <javadocs>3</javadocs>
    </object>
    <object>
      <name>org.jdom.adapters.XML4JDOMAdapter</name>
      <ncss>28</ncss>
      <functions>2</functions>
      <classes>0</classes>
      <javadocs>3</javadocs>
    </object>
    <object>
      <name>org.jdom.Attribute</name>
      <ncss>91</ncss>
      <functions>25</functions>
      <classes>0</classes>
      <javadocs>24</javadocs>
    </object>
    <object>
      <name>org.jdom.CDATA</name>
      <ncss>23</ncss>
      <functions>9</functions>
      <classes>0</classes>
      <javadocs>10</javadocs>
    </object>
    <object>
      <name>org.jdom.Comment</name>
      <ncss>41</ncss>
      <functions>13</functions>
      <classes>0</classes>
      <javadocs>14</javadocs>
    </object>
    <object>
      <name>org.jdom.DataConversionException</name>
      <ncss>3</ncss>
      <functions>1</functions>
      <classes>0</classes>
      <javadocs>2</javadocs>
    </object>
    <object>
      <name>org.jdom.DocType</name>
      <ncss>46</ncss>
      <functions>14</functions>
      <classes>0</classes>
      <javadocs>15</javadocs>
    </object>
    <object>
      <name>org.jdom.Document</name>
      <ncss>166</ncss>
      <functions>25</functions>
      <classes>0</classes>
      <javadocs>26</javadocs>
    </object>
    <object>
      <name>org.jdom.Element</name>
      <ncss>481</ncss>
      <functions>71</functions>
      <classes>0</classes>
      <javadocs>68</javadocs>
    </object>
    <object>
      <name>org.jdom.Entity</name>
      <ncss>96</ncss>
      <functions>22</functions>
      <classes>0</classes>
      <javadocs>23</javadocs>
    </object>
    <object>
      <name>org.jdom.IllegalAddException</name>
      <ncss>19</ncss>
      <functions>9</functions>
      <classes>0</classes>
      <javadocs>10</javadocs>
    </object>
    <object>
      <name>org.jdom.IllegalDataException</name>
      <ncss>5</ncss>
      <functions>2</functions>
      <classes>0</classes>
      <javadocs>3</javadocs>
    </object>
    <object>
      <name>org.jdom.IllegalNameException</name>
      <ncss>5</ncss>
      <functions>2</functions>
      <classes>0</classes>
      <javadocs>3</javadocs>
    </object>
    <object>
      <name>org.jdom.IllegalTargetException</name>
      <ncss>5</ncss>
      <functions>2</functions>
      <classes>0</classes>
      <javadocs>3</javadocs>
    </object>
    <object>
      <name>org.jdom.input.BuilderErrorHandler</name>
      <ncss>6</ncss>
      <functions>3</functions>
      <classes>0</classes>
      <javadocs>3</javadocs>
    </object>
    <object>
      <name>org.jdom.input.DOMBuilder</name>
      <ncss>161</ncss>
      <functions>11</functions>
      <classes>0</classes>
      <javadocs>12</javadocs>
    </object>
    <object>
      <name>org.jdom.input.SAXBuilder</name>
      <ncss>126</ncss>
      <functions>18</functions>
      <classes>0</classes>
      <javadocs>19</javadocs>
    </object>
    <object>
      <name>org.jdom.input.SAXHandler</name>
      <ncss>120</ncss>
      <functions>16</functions>
      <classes>0</classes>
      <javadocs>12</javadocs>
    </object>
    <object>
      <name>org.jdom.JDOMException</name>
      <ncss>31</ncss>
      <functions>8</functions>
      <classes>0</classes>
      <javadocs>9</javadocs>
    </object>
    <object>
      <name>org.jdom.Namespace</name>
      <ncss>71</ncss>
      <functions>9</functions>
      <classes>0</classes>
      <javadocs>10</javadocs>
    </object>
    <object>
      <name>org.jdom.output.DOMOutputter</name>
      <ncss>157</ncss>
      <functions>9</functions>
      <classes>0</classes>
      <javadocs>7</javadocs>
    </object>
    <object>
      <name>org.jdom.output.NamespaceStack</name>
      <ncss>25</ncss>
      <functions>6</functions>
      <classes>0</classes>
      <javadocs>7</javadocs>
    </object>
    <object>
      <name>org.jdom.output.SAXOutputter</name>
      <ncss>149</ncss>
      <functions>19</functions>
      <classes>0</classes>
      <javadocs>20</javadocs>
    </object>
    <object>
      <name>org.jdom.output.XMLOutputter</name>
      <ncss>422</ncss>
      <functions>52</functions>
      <classes>0</classes>
      <javadocs>53</javadocs>
    </object>
    <object>
      <name>org.jdom.PartialList</name>
      <ncss>101</ncss>
      <functions>16</functions>
      <classes>0</classes>
      <javadocs>17</javadocs>
    </object>
    <object>
      <name>org.jdom.ProcessingInstruction</name>
      <ncss>91</ncss>
      <functions>21</functions>
      <classes>0</classes>
      <javadocs>22</javadocs>
    </object>
    <object>
      <name>org.jdom.Verifier</name>
      <ncss>1943</ncss>
      <functions>24</functions>
      <classes>0</classes>
      <javadocs>19</javadocs>
    </object>
    <averages>
      <ncss>137.67</ncss>
      <functions>12.88</functions>
      <classes>0.00</classes>
      <javadocs>13.24</javadocs>
    </averages>
    <ncss>4,773.00</ncss>
  </objects>

  <functions>
    <function>
      <name>org.jdom.adapters.AbstractDOMAdapter.getDocument(File,boolean)</name>
      <ncss>2</ncss>
      <ccn>1</ccn>
      <javadocs>1</javadocs>
    </function>
    <function>
      <name>org.jdom.adapters.AbstractDOMAdapter.getDocument(InputStream,boolean)</name>
      <ncss>1</ncss>
      <ccn>1</ccn>
      <javadocs>1</javadocs>
    </function>
    <function>
      <name>org.jdom.adapters.AbstractDOMAdapter.createDocument()</name>
      <ncss>1</ncss>
      <ccn>1</ccn>
      <javadocs>1</javadocs>
    </function>
    <function>
      <name>org.jdom.adapters.CrimsonDOMAdapter.getDocument(InputStream,boolean)</name>
      <ncss>20</ncss>
      <ccn>8</ccn>
      <javadocs>1</javadocs>
    </function>
    <function>
      <name>org.jdom.adapters.CrimsonDOMAdapter.createDocument()</name>
      <ncss>4</ncss>
      <ccn>4</ccn>
      <javadocs>1</javadocs>
    </function>
    <function>
      <name>org.jdom.adapters.DOMAdapter.getDocument(File,boolean)</name>
      <ncss>1</ncss>
      <ccn>1</ccn>
      <javadocs>1</javadocs>
    </function>
    <function>
      <name>org.jdom.adapters.DOMAdapter.getDocument(InputStream,boolean)</name>
      <ncss>1</ncss>
      <ccn>1</ccn>
      <javadocs>1</javadocs>
    </function>
    <function>
      <name>org.jdom.adapters.DOMAdapter.createDocument()</name>
      <ncss>1</ncss>
      <ccn>1</ccn>
      <javadocs>1</javadocs>
    </function>
    <function>
      <name>org.jdom.adapters.OracleV1DOMAdapter.getDocument(InputStream,boolean)</name>
      <ncss>17</ncss>
      <ccn>8</ccn>
      <javadocs>1</javadocs>
    </function>
    <function>
      <name>org.jdom.adapters.OracleV1DOMAdapter.createDocument()</name>
      <ncss>4</ncss>
      <ccn>4</ccn>
      <javadocs>1</javadocs>
    </function>
    <function>
      <name>org.jdom.adapters.OracleV2DOMAdapter.getDocument(InputStream,boolean)</name>
      <ncss>17</ncss>
      <ccn>8</ccn>
      <javadocs>1</javadocs>
    </function>
    <function>
      <name>org.jdom.adapters.OracleV2DOMAdapter.createDocument()</name>
      <ncss>4</ncss>
      <ccn>4</ccn>
      <javadocs>1</javadocs>
    </function>
    <function>
      <name>org.jdom.adapters.ProjectXDOMAdapter.getDocument(InputStream,boolean)</name>
      <ncss>20</ncss>
      <ccn>8</ccn>
      <javadocs>1</javadocs>
    </function>
    <function>
      <name>org.jdom.adapters.ProjectXDOMAdapter.createDocument()</name>
      <ncss>4</ncss>
      <ccn>4</ccn>
      <javadocs>1</javadocs>
    </function>
    <function>
      <name>org.jdom.adapters.XercesDOMAdapter.getDocument(InputStream,boolean)</name>
      <ncss>23</ncss>
      <ccn>9</ccn>
      <javadocs>1</javadocs>
    </function>
    <function>
      <name>org.jdom.adapters.XercesDOMAdapter.createDocument()</name>
      <ncss>4</ncss>
      <ccn>4</ccn>
      <javadocs>1</javadocs>
    </function>
    <function>
      <name>org.jdom.adapters.XML4JDOMAdapter.getDocument(InputStream,boolean)</name>
      <ncss>23</ncss>
      <ccn>9</ccn>
      <javadocs>1</javadocs>
    </function>
    <function>
      <name>org.jdom.adapters.XML4JDOMAdapter.createDocument()</name>
      <ncss>4</ncss>
      <ccn>4</ccn>
      <javadocs>1</javadocs>
    </function>
    <function>
      <name>org.jdom.Attribute.Attribute()</name>
      <ncss>1</ncss>
      <ccn>1</ccn>
      <javadocs>1</javadocs>
    </function>
    <function>
      <name>org.jdom.Attribute.Attribute(String,String,Namespace)</name>
      <ncss>11</ncss>
      <ccn>7</ccn>
      <javadocs>1</javadocs>
    </function>
    <function>
      <name>org.jdom.Attribute.Attribute(String,String,String,String)</name>
      <ncss>2</ncss>
      <ccn>1</ccn>
      <javadocs>1</javadocs>
    </function>
    <function>
      <name>org.jdom.Attribute.Attribute(String,String)</name>
      <ncss>2</ncss>
      <ccn>1</ccn>
      <javadocs>1</javadocs>
    </function>
    <function>
      <name>org.jdom.Attribute.getParent()</name>
      <ncss>2</ncss>
      <ccn>1</ccn>
      <javadocs>1</javadocs>
    </function>
    <function>
      <name>org.jdom.Attribute.setParent(Element)</name>
      <ncss>3</ncss>
      <ccn>1</ccn>
      <javadocs>1</javadocs>
    </function>
    <function>
      <name>org.jdom.Attribute.getName()</name>
      <ncss>2</ncss>
      <ccn>1</ccn>
      <javadocs>1</javadocs>
    </function>
    <function>
      <name>org.jdom.Attribute.getQualifiedName()</name>
      <ncss>7</ncss>
      <ccn>3</ccn>
      <javadocs>1</javadocs>
    </function>
    <function>
      <name>org.jdom.Attribute.getNamespacePrefix()</name>
      <ncss>2</ncss>
      <ccn>1</ccn>
      <javadocs>1</javadocs>
    </function>
    <function>
      <name>org.jdom.Attribute.getNamespaceURI()</name>
      <ncss>2</ncss>
      <ccn>1</ccn>
      <javadocs>1</javadocs>
    </function>
    <function>
      <name>org.jdom.Attribute.getNamespace()</name>
      <ncss>2</ncss>
      <ccn>1</ccn>
      <javadocs>1</javadocs>
    </function>
    <function>
      <name>org.jdom.Attribute.getValue()</name>
      <ncss>2</ncss>
      <ccn>1</ccn>
      <javadocs>1</javadocs>
    </function>
    <function>
      <name>org.jdom.Attribute.setValue(String)</name>
      <ncss>6</ncss>
      <ccn>3</ccn>
      <javadocs>1</javadocs>
    </function>
    <function>
      <name>org.jdom.Attribute.toString()</name>
      <ncss>2</ncss>
      <ccn>1</ccn>
      <javadocs>1</javadocs>
    </function>
    <function>
      <name>org.jdom.Attribute.getSerializedForm()</name>
      <ncss>2</ncss>
      <ccn>1</ccn>
      <javadocs>1</javadocs>
    </function>
    <function>
      <name>org.jdom.Attribute.equals(Object)</name>
      <ncss>2</ncss>
      <ccn>1</ccn>
      <javadocs>1</javadocs>
    </function>
    <function>
      <name>org.jdom.Attribute.hashCode()</name>
      <ncss>2</ncss>
      <ccn>1</ccn>
      <javadocs>1</javadocs>
    </function>
    <function>
      <name>org.jdom.Attribute.clone()</name>
      <ncss>3</ncss>
      <ccn>1</ccn>
      <javadocs>1</javadocs>
    </function>
    <function>
      <name>org.jdom.Attribute.getIntValue()</name>
      <ncss>4</ncss>
      <ccn>4</ccn>
      <javadocs>1</javadocs>
    </function>
    <function>
      <name>org.jdom.Attribute.getLongValue()</name>
      <ncss>4</ncss>
      <ccn>4</ccn>
      <javadocs>1</javadocs>
    </function>
    <function>
      <name>org.jdom.Attribute.getFloatValue()</name>
      <ncss>4</ncss>
      <ccn>4</ccn>
      <javadocs>1</javadocs>
    </function>
    <function>
      <name>org.jdom.Attribute.getDoubleValue()</name>
      <ncss>4</ncss>
      <ccn>4</ccn>
      <javadocs>1</javadocs>
    </function>
    <function>
      <name>org.jdom.Attribute.getBooleanValue()</name>
      <ncss>8</ncss>
      <ccn>10</ccn>
      <javadocs>1</javadocs>
    </function>
    <function>
      <name>org.jdom.Attribute.writeObject(ObjectOutputStream)</name>
      <ncss>4</ncss>
      <ccn>1</ccn>
      <javadocs>0</javadocs>
    </function>
    <function>
      <name>org.jdom.Attribute.readObject(ObjectInputStream)</name>
      <ncss>3</ncss>
      <ccn>1</ccn>
      <javadocs>0</javadocs>
    </function>
    <function>
      <name>org.jdom.CDATA.CDATA()</name>
      <ncss>1</ncss>
      <ccn>1</ccn>
      <javadocs>1</javadocs>
    </function>
    <function>
      <name>org.jdom.CDATA.CDATA(String)</name>
      <ncss>5</ncss>
      <ccn>3</ccn>
      <javadocs>1</javadocs>
    </function>
    <function>
      <name>org.jdom.CDATA.getText()</name>
      <ncss>2</ncss>
      <ccn>1</ccn>
      <javadocs>1</javadocs>
    </function>
    <function>
      <name>org.jdom.CDATA.setText(String)</name>
      <ncss>2</ncss>
      <ccn>1</ccn>
      <javadocs>1</javadocs>
    </function>
    <function>
      <name>org.jdom.CDATA.toString()</name>
      <ncss>2</ncss>
      <ccn>1</ccn>
      <javadocs>1</javadocs>
    </function>
    <function>
      <name>org.jdom.CDATA.getSerializedForm()</name>
      <ncss>2</ncss>
      <ccn>1</ccn>
      <javadocs>1</javadocs>
    </function>
    <function>
      <name>org.jdom.CDATA.equals(Object)</name>
      <ncss>2</ncss>
      <ccn>1</ccn>
      <javadocs>1</javadocs>
    </function>
    <function>
      <name>org.jdom.CDATA.hashCode()</name>
      <ncss>2</ncss>
      <ccn>1</ccn>
      <javadocs>1</javadocs>
    </function>
    <function>
      <name>org.jdom.CDATA.clone()</name>
      <ncss>3</ncss>
      <ccn>1</ccn>
      <javadocs>1</javadocs>
    </function>
    <function>
      <name>org.jdom.Comment.Comment()</name>
      <ncss>1</ncss>
      <ccn>1</ccn>
      <javadocs>1</javadocs>
    </function>
    <function>
      <name>org.jdom.Comment.Comment(String)</name>
      <ncss>2</ncss>
      <ccn>1</ccn>
      <javadocs>1</javadocs>
    </function>
    <function>
      <name>org.jdom.Comment.getParent()</name>
      <ncss>2</ncss>
      <ccn>1</ccn>
      <javadocs>1</javadocs>
    </function>
    <function>
      <name>org.jdom.Comment.setParent(Element)</name>
      <ncss>3</ncss>
      <ccn>1</ccn>
      <javadocs>1</javadocs>
    </function>
    <function>
      <name>org.jdom.Comment.getDocument()</name>
      <ncss>7</ncss>
      <ccn>5</ccn>
      <javadocs>1</javadocs>
    </function>
    <function>
      <name>org.jdom.Comment.setDocument(Document)</name>
      <ncss>3</ncss>
      <ccn>1</ccn>
      <javadocs>1</javadocs>
    </function>
    <function>
      <name>org.jdom.Comment.getText()</name>
      <ncss>2</ncss>
      <ccn>1</ccn>
      <javadocs>1</javadocs>
    </function>
    <function>
      <name>org.jdom.Comment.setText(String)</name>
      <ncss>6</ncss>
      <ccn>3</ccn>
      <javadocs>1</javadocs>
    </function>
    <function>
      <name>org.jdom.Comment.toString()</name>
      <ncss>2</ncss>
      <ccn>1</ccn>
      <javadocs>1</javadocs>
    </function>
    <function>
      <name>org.jdom.Comment.getSerializedForm()</name>
      <ncss>2</ncss>
      <ccn>1</ccn>
      <javadocs>1</javadocs>
    </function>
    <function>
      <name>org.jdom.Comment.equals(Object)</name>
      <ncss>2</ncss>
      <ccn>1</ccn>
      <javadocs>1</javadocs>
    </function>
    <function>
      <name>org.jdom.Comment.hashCode()</name>
      <ncss>2</ncss>
      <ccn>1</ccn>
      <javadocs>1</javadocs>
    </function>
    <function>
      <name>org.jdom.Comment.clone()</name>
      <ncss>3</ncss>
      <ccn>1</ccn>
      <javadocs>1</javadocs>
    </function>
    <function>
      <name>org.jdom.DataConversionException.DataConversionException(String,String)</name>
      <ncss>2</ncss>
      <ccn>1</ccn>
      <javadocs>1</javadocs>
    </function>
    <function>
      <name>org.jdom.DocType.DocType()</name>
      <ncss>1</ncss>
      <ccn>1</ccn>
      <javadocs>1</javadocs>
    </function>
    <function>
      <name>org.jdom.DocType.DocType(String,String,String)</name>
      <ncss>4</ncss>
      <ccn>1</ccn>
      <javadocs>1</javadocs>
    </function>
    <function>
      <name>org.jdom.DocType.DocType(String,String)</name>
      <ncss>2</ncss>
      <ccn>1</ccn>
      <javadocs>1</javadocs>
    </function>
    <function>
      <name>org.jdom.DocType.DocType(String)</name>
      <ncss>2</ncss>
      <ccn>1</ccn>
      <javadocs>1</javadocs>
    </function>
    <function>
      <name>org.jdom.DocType.getElementName()</name>
      <ncss>2</ncss>
      <ccn>1</ccn>
      <javadocs>1</javadocs>
    </function>
    <function>
      <name>org.jdom.DocType.getPublicID()</name>
      <ncss>2</ncss>
      <ccn>1</ccn>
      <javadocs>1</javadocs>
    </function>
    <function>
      <name>org.jdom.DocType.setPublicID(String)</name>
      <ncss>3</ncss>
      <ccn>1</ccn>
      <javadocs>1</javadocs>
    </function>
    <function>
      <name>org.jdom.DocType.getSystemID()</name>
      <ncss>2</ncss>
      <ccn>1</ccn>
      <javadocs>1</javadocs>
    </function>
    <function>
      <name>org.jdom.DocType.setSystemID(String)</name>
      <ncss>3</ncss>
      <ccn>1</ccn>
      <javadocs>1</javadocs>
    </function>
    <function>
      <name>org.jdom.DocType.toString()</name>
      <ncss>2</ncss>
      <ccn>1</ccn>
      <javadocs>1</javadocs>
    </function>
    <function>
      <name>org.jdom.DocType.getSerializedForm()</name>
      <ncss>12</ncss>
      <ccn>6</ccn>
      <javadocs>1</javadocs>
    </function>
    <function>
      <name>org.jdom.DocType.equals(Object)</name>
      <ncss>2</ncss>
      <ccn>1</ccn>
      <javadocs>1</javadocs>
    </function>
    <function>
      <name>org.jdom.DocType.hashCode()</name>
      <ncss>2</ncss>
      <ccn>1</ccn>
      <javadocs>1</javadocs>
    </function>
    <function>
      <name>org.jdom.DocType.clone()</name>
      <ncss>3</ncss>
      <ccn>1</ccn>
      <javadocs>1</javadocs>
    </function>
    <function>
      <name>org.jdom.Document.Document()</name>
      <ncss>1</ncss>
      <ccn>1</ccn>
      <javadocs>1</javadocs>
    </function>
    <function>
      <name>org.jdom.Document.Document(Element,DocType)</name>
      <ncss>7</ncss>
      <ccn>2</ccn>
      <javadocs>1</javadocs>
    </function>
    <function>
      <name>org.jdom.Document.Document(Element)</name>
      <ncss>2</ncss>
      <ccn>1</ccn>
      <javadocs>1</javadocs>
    </function>
    <function>
      <name>org.jdom.Document.getRootElement()</name>
      <ncss>2</ncss>
      <ccn>1</ccn>
      <javadocs>1</javadocs>
    </function>
    <function>
      <name>org.jdom.Document.setRootElement(Element)</name>
      <ncss>11</ncss>
      <ccn>3</ccn>
      <javadocs>1</javadocs>
    </function>
    <function>
      <name>org.jdom.Document.getDocType()</name>
      <ncss>2</ncss>
      <ccn>1</ccn>
      <javadocs>1</javadocs>
    </function>
    <function>
      <name>org.jdom.Document.setDocType(DocType)</name>
      <ncss>3</ncss>
      <ccn>1</ccn>
      <javadocs>1</javadocs>
    </function>
    <function>
      <name>org.jdom.Document.getProcessingInstructions()</name>
      <ncss>7</ncss>
      <ccn>3</ccn>
      <javadocs>1</javadocs>
    </function>
    <function>
      <name>org.jdom.Document.getProcessingInstructions(String)</name>
      <ncss>8</ncss>
      <ccn>4</ccn>
      <javadocs>1</javadocs>
    </function>
    <function>
      <name>org.jdom.Document.getProcessingInstruction(String)</name>
      <ncss>7</ncss>
      <ccn>5</ccn>
      <javadocs>1</javadocs>
    </function>
    <function>
      <name>org.jdom.Document.removeProcessingInstruction(String)</name>
      <ncss>6</ncss>
      <ccn>3</ccn>
      <javadocs>1</javadocs>
    </function>
    <function>
      <name>org.jdom.Document.removeProcessingInstructions(String)</name>
      <ncss>11</ncss>
      <ccn>4</ccn>
      <javadocs>1</javadocs>
    </function>
    <function>
      <name>org.jdom.Document.setProcessingInstructions(List)</name>
      <ncss>6</ncss>
      <ccn>2</ccn>
      <javadocs>1</javadocs>
    </function>
    <function>
      <name>org.jdom.Document.addContent(ProcessingInstruction)</name>
      <ncss>9</ncss>
      <ccn>5</ccn>
      <javadocs>1</javadocs>
    </function>
    <function>
      <name>org.jdom.Document.addContent(Comment)</name>
      <ncss>9</ncss>
      <ccn>5</ccn>
      <javadocs>1</javadocs>
    </function>
    <function>
      <name>org.jdom.Document.getMixedContent()</name>
      <ncss>2</ncss>
      <ccn>1</ccn>
      <javadocs>1</javadocs>
    </function>
    <function>
      <name>org.jdom.Document.setMixedContent(List)</name>
      <ncss>16</ncss>
      <ccn>6</ccn>
      <javadocs>1</javadocs>
    </function>
    <function>
      <name>org.jdom.Document.toString()</name>
      <ncss>12</ncss>
      <ccn>3</ccn>
      <javadocs>1</javadocs>
    </function>
    <function>
      <name>org.jdom.Document.getSerializedForm()</name>
      <ncss>2</ncss>
      <ccn>2</ccn>
      <javadocs>1</javadocs>
    </function>
    <function>
      <name>org.jdom.Document.equals(Object)</name>
      <ncss>2</ncss>
      <ccn>1</ccn>
      <javadocs>1</javadocs>
    </function>
    <function>
      <name>org.jdom.Document.hashCode()</name>
      <ncss>2</ncss>
      <ccn>1</ccn>
      <javadocs>1</javadocs>
    </function>
    <function>
      <name>org.jdom.Document.clone()</name>
      <ncss>18</ncss>
      <ccn>6</ccn>
      <javadocs>1</javadocs>
    </function>
    <function>
      <name>org.jdom.Document.removeContent(ProcessingInstruction)</name>
      <ncss>4</ncss>
      <ccn>3</ccn>
      <javadocs>1</javadocs>
    </function>
    <function>
      <name>org.jdom.Document.removeContent(Comment)</name>
      <ncss>8</ncss>
      <ccn>5</ccn>
      <javadocs>1</javadocs>
    </function>
    <function>
      <name>org.jdom.Document.addContent(Element)</name>
      <ncss>5</ncss>
      <ccn>3</ccn>
      <javadocs>1</javadocs>
    </function>
    <function>
      <name>org.jdom.Element.Element()</name>
      <ncss>1</ncss>
      <ccn>1</ccn>
      <javadocs>1</javadocs>
    </function>
    <function>
      <name>org.jdom.Element.Element(String,Namespace)</name>
      <ncss>9</ncss>
      <ccn>4</ccn>
      <javadocs>1</javadocs>
    </function>
    <function>
      <name>org.jdom.Element.Element(String)</name>
      <ncss>2</ncss>
      <ccn>1</ccn>
      <javadocs>1</javadocs>
    </function>
    <function>
      <name>org.jdom.Element.Element(String,String)</name>
      <ncss>2</ncss>
      <ccn>1</ccn>
      <javadocs>1</javadocs>
    </function>
    <function>
      <name>org.jdom.Element.Element(String,String,String)</name>
      <ncss>2</ncss>
      <ccn>1</ccn>
      <javadocs>1</javadocs>
    </function>
    <function>
      <name>org.jdom.Element.getCopy(String,Namespace)</name>
      <ncss>5</ncss>
      <ccn>1</ccn>
      <javadocs>1</javadocs>
    </function>
    <function>
      <name>org.jdom.Element.getCopy(String)</name>
      <ncss>2</ncss>
      <ccn>1</ccn>
      <javadocs>1</javadocs>
    </function>
    <function>
      <name>org.jdom.Element.getName()</name>
      <ncss>2</ncss>
      <ccn>1</ccn>
      <javadocs>1</javadocs>
    </function>
    <function>
      <name>org.jdom.Element.getNamespace()</name>
      <ncss>2</ncss>
      <ccn>1</ccn>
      <javadocs>1</javadocs>
    </function>
    <function>
      <name>org.jdom.Element.getNamespacePrefix()</name>
      <ncss>2</ncss>
      <ccn>1</ccn>
      <javadocs>1</javadocs>
    </function>
    <function>
      <name>org.jdom.Element.getNamespaceURI()</name>
      <ncss>2</ncss>
      <ccn>1</ccn>
      <javadocs>1</javadocs>
    </function>
    <function>
      <name>org.jdom.Element.getNamespace(String)</name>
      <ncss>16</ncss>
      <ccn>11</ccn>
      <javadocs>1</javadocs>
    </function>
    <function>
      <name>org.jdom.Element.getQualifiedName()</name>
      <ncss>4</ncss>
      <ccn>3</ccn>
      <javadocs>1</javadocs>
    </function>
    <function>
      <name>org.jdom.Element.addNamespaceDeclaration(Namespace)</name>
      <ncss>4</ncss>
      <ccn>2</ccn>
      <javadocs>1</javadocs>
    </function>
    <function>
      <name>org.jdom.Element.getAdditionalNamespaces()</name>
      <ncss>5</ncss>
      <ccn>3</ccn>
      <javadocs>1</javadocs>
    </function>
    <function>
      <name>org.jdom.Element.getParent()</name>
      <ncss>2</ncss>
      <ccn>1</ccn>
      <javadocs>1</javadocs>
    </function>
    <function>
      <name>org.jdom.Element.setParent(Element)</name>
      <ncss>3</ncss>
      <ccn>1</ccn>
      <javadocs>1</javadocs>
    </function>
    <function>
      <name>org.jdom.Element.isRootElement()</name>
      <ncss>2</ncss>
      <ccn>1</ccn>
      <javadocs>1</javadocs>
    </function>
    <function>
      <name>org.jdom.Element.setDocument(Document)</name>
      <ncss>3</ncss>
      <ccn>1</ccn>
      <javadocs>1</javadocs>
    </function>
    <function>
      <name>org.jdom.Element.getDocument()</name>
      <ncss>6</ncss>
      <ccn>5</ccn>
      <javadocs>1</javadocs>
    </function>
    <function>
      <name>org.jdom.Element.getText()</name>
      <ncss>21</ncss>
      <ccn>13</ccn>
      <javadocs>1</javadocs>
    </function>
    <function>
      <name>org.jdom.Element.getTextTrim()</name>
      <ncss>10</ncss>
      <ccn>3</ccn>
      <javadocs>1</javadocs>
    </function>
    <function>
      <name>org.jdom.Element.getChildText(String)</name>
      <ncss>6</ncss>
      <ccn>3</ccn>
      <javadocs>1</javadocs>
    </function>
    <function>
      <name>org.jdom.Element.getChildTextTrim(String)</name>
      <ncss>6</ncss>
      <ccn>3</ccn>
      <javadocs>1</javadocs>
    </function>
    <function>
      <name>org.jdom.Element.getChildText(String,Namespace)</name>
      <ncss>6</ncss>
      <ccn>3</ccn>
      <javadocs>1</javadocs>
    </function>
    <function>
      <name>org.jdom.Element.getChildTextTrim(String,Namespace)</name>
      <ncss>6</ncss>
      <ccn>3</ccn>
      <javadocs>1</javadocs>
    </function>
    <function>
      <name>org.jdom.Element.setText(String)</name>
      <ncss>8</ncss>
      <ccn>3</ccn>
      <javadocs>1</javadocs>
    </function>
    <function>
      <name>org.jdom.Element.hasMixedContent()</name>
      <ncss>13</ncss>
      <ccn>7</ccn>
      <javadocs>1</javadocs>
    </function>
    <function>
      <name>org.jdom.Element.getMixedContent()</name>
      <ncss>6</ncss>
      <ccn>2</ccn>
      <javadocs>1</javadocs>
    </function>
    <function>
      <name>org.jdom.Element.setMixedContent(List)</name>
      <ncss>8</ncss>
      <ccn>3</ccn>
      <javadocs>1</javadocs>
    </function>
    <function>
      <name>org.jdom.Element.hasChildren()</name>
      <ncss>10</ncss>
      <ccn>7</ccn>
      <javadocs>0</javadocs>
    </function>
    <function>
      <name>org.jdom.Element.getChildren()</name>
      <ncss>10</ncss>
      <ccn>4</ccn>
      <javadocs>1</javadocs>
    </function>
    <function>
      <name>org.jdom.Element.setChildren(List)</name>
      <ncss>2</ncss>
      <ccn>1</ccn>
      <javadocs>1</javadocs>
    </function>
    <function>
      <name>org.jdom.Element.getChildren(String)</name>
      <ncss>2</ncss>
      <ccn>1</ccn>
      <javadocs>1</javadocs>
    </function>
    <function>
      <name>org.jdom.Element.getChildren(String,Namespace)</name>
      <ncss>12</ncss>
      <ccn>6</ccn>
      <javadocs>1</javadocs>
    </function>
    <function>
      <name>org.jdom.Element.getChild(String,Namespace)</name>
      <ncss>12</ncss>
      <ccn>8</ccn>
      <javadocs>1</javadocs>
    </function>
    <function>
      <name>org.jdom.Element.getChild(String)</name>
      <ncss>2</ncss>
      <ccn>1</ccn>
      <javadocs>1</javadocs>
    </function>
    <function>
      <name>org.jdom.Element.addContent(String)</name>
      <ncss>10</ncss>
      <ccn>4</ccn>
      <javadocs>1</javadocs>
    </function>
    <function>
      <name>org.jdom.Element.addContent(Element)</name>
      <ncss>17</ncss>
      <ccn>10</ccn>
      <javadocs>1</javadocs>
    </function>
    <function>
      <name>org.jdom.Element.isAncestor(Element)</name>
      <ncss>7</ncss>
      <ccn>4</ccn>
      <javadocs>0</javadocs>
    </function>
    <function>
      <name>org.jdom.Element.addContent(ProcessingInstruction)</name>
      <ncss>11</ncss>
      <ccn>6</ccn>
      <javadocs>1</javadocs>
    </function>
    <function>
      <name>org.jdom.Element.addContent(Entity)</name>
      <ncss>8</ncss>
      <ccn>4</ccn>
      <javadocs>1</javadocs>
    </function>
    <function>
      <name>org.jdom.Element.addContent(CDATA)</name>
      <ncss>5</ncss>
      <ccn>2</ccn>
      <javadocs>1</javadocs>
    </function>
    <function>
      <name>org.jdom.Element.addContent(Comment)</name>
      <ncss>11</ncss>
      <ccn>6</ccn>
      <javadocs>1</javadocs>
    </function>
    <function>
      <name>org.jdom.Element.removeChild(String)</name>
      <ncss>2</ncss>
      <ccn>1</ccn>
      <javadocs>1</javadocs>
    </function>
    <function>
      <name>org.jdom.Element.removeChild(String,Namespace)</name>
      <ncss>14</ncss>
      <ccn>8</ccn>
      <javadocs>1</javadocs>
    </function>
    <function>
      <name>org.jdom.Element.removeChildren(String)</name>
      <ncss>2</ncss>
      <ccn>1</ccn>
      <javadocs>1</javadocs>
    </function>
    <function>
      <name>org.jdom.Element.removeChildren(String,Namespace)</name>
      <ncss>15</ncss>
      <ccn>7</ccn>
      <javadocs>1</javadocs>
    </function>
    <function>
      <name>org.jdom.Element.removeChildren()</name>
      <ncss>12</ncss>
      <ccn>4</ccn>
      <javadocs>1</javadocs>
    </function>
    <function>
      <name>org.jdom.Element.getAttributes()</name>
      <ncss>6</ncss>
      <ccn>2</ccn>
      <javadocs>1</javadocs>
    </function>
    <function>
      <name>org.jdom.Element.getAttribute(String)</name>
      <ncss>2</ncss>
      <ccn>1</ccn>
      <javadocs>1</javadocs>
    </function>
    <function>
      <name>org.jdom.Element.getAttribute(String,Namespace)</name>
      <ncss>10</ncss>
      <ccn>7</ccn>
      <javadocs>1</javadocs>
    </function>
    <function>
      <name>org.jdom.Element.getAttributeValue(String)</name>
      <ncss>2</ncss>
      <ccn>1</ccn>
      <javadocs>1</javadocs>
    </function>
    <function>
      <name>org.jdom.Element.getAttributeValue(String,Namespace)</name>
      <ncss>6</ncss>
      <ccn>3</ccn>
      <javadocs>1</javadocs>
    </function>
    <function>
      <name>org.jdom.Element.setAttributes(List)</name>
      <ncss>3</ncss>
      <ccn>1</ccn>
      <javadocs>1</javadocs>
    </function>
    <function>
      <name>org.jdom.Element.addAttribute(Attribute)</name>
      <ncss>10</ncss>
      <ccn>6</ccn>
      <javadocs>1</javadocs>
    </function>
    <function>
      <name>org.jdom.Element.addAttribute(String,String)</name>
      <ncss>2</ncss>
      <ccn>1</ccn>
      <javadocs>1</javadocs>
    </function>
    <function>
      <name>org.jdom.Element.removeAttribute(String,String)</name>
      <ncss>9</ncss>
      <ccn>5</ccn>
      <javadocs>1</javadocs>
    </function>
    <function>
      <name>org.jdom.Element.removeAttribute(String)</name>
      <ncss>2</ncss>
      <ccn>1</ccn>
      <javadocs>1</javadocs>
    </function>
    <function>
      <name>org.jdom.Element.removeAttribute(String,Namespace)</name>
      <ncss>12</ncss>
      <ccn>7</ccn>
      <javadocs>1</javadocs>
    </function>
    <function>
      <name>org.jdom.Element.toString()</name>
      <ncss>7</ncss>
      <ccn>2</ccn>
      <javadocs>1</javadocs>
    </function>
    <function>
      <name>org.jdom.Element.getSerializedForm()</name>
      <ncss>2</ncss>
      <ccn>2</ccn>
      <javadocs>1</javadocs>
    </function>
    <function>
      <name>org.jdom.Element.equals(Object)</name>
      <ncss>2</ncss>
      <ccn>1</ccn>
      <javadocs>1</javadocs>
    </function>
    <function>
      <name>org.jdom.Element.hashCode()</name>
      <ncss>2</ncss>
      <ccn>1</ccn>
      <javadocs>1</javadocs>
    </function>
    <function>
      <name>org.jdom.Element.clone()</name>
      <ncss>27</ncss>
      <ccn>11</ccn>
      <javadocs>1</javadocs>
    </function>
    <function>
      <name>org.jdom.Element.writeObject(ObjectOutputStream)</name>
      <ncss>4</ncss>
      <ccn>1</ccn>
      <javadocs>0</javadocs>
    </function>
    <function>
      <name>org.jdom.Element.readObject(ObjectInputStream)</name>
      <ncss>3</ncss>
      <ccn>1</ccn>
      <javadocs>0</javadocs>
    </function>
    <function>
      <name>org.jdom.Element.removeContent(Element)</name>
      <ncss>8</ncss>
      <ccn>5</ccn>
      <javadocs>1</javadocs>
    </function>
    <function>
      <name>org.jdom.Element.removeContent(ProcessingInstruction)</name>
      <ncss>8</ncss>
      <ccn>5</ccn>
      <javadocs>1</javadocs>
    </function>
    <function>
      <name>org.jdom.Element.removeContent(Entity)</name>
      <ncss>8</ncss>
      <ccn>5</ccn>
      <javadocs>1</javadocs>
    </function>
    <function>
      <name>org.jdom.Element.removeContent(Comment)</name>
      <ncss>8</ncss>
      <ccn>5</ccn>
      <javadocs>1</javadocs>
    </function>
    <function>
      <name>org.jdom.Entity.Entity()</name>
      <ncss>1</ncss>
      <ccn>1</ccn>
      <javadocs>1</javadocs>
    </function>
    <function>
      <name>org.jdom.Entity.Entity(String)</name>
      <ncss>3</ncss>
      <ccn>1</ccn>
      <javadocs>1</javadocs>
    </function>
    <function>
      <name>org.jdom.Entity.getName()</name>
      <ncss>2</ncss>
      <ccn>1</ccn>
      <javadocs>1</javadocs>
    </function>
    <function>
      <name>org.jdom.Entity.getParent()</name>
      <ncss>2</ncss>
      <ccn>1</ccn>
      <javadocs>1</javadocs>
    </function>
    <function>
      <name>org.jdom.Entity.setParent(Element)</name>
      <ncss>3</ncss>
      <ccn>1</ccn>
      <javadocs>1</javadocs>
    </function>
    <function>
      <name>org.jdom.Entity.getDocument()</name>
      <ncss>7</ncss>
      <ccn>5</ccn>
      <javadocs>1</javadocs>
    </function>
    <function>
      <name>org.jdom.Entity.setDocument(Document)</name>
      <ncss>3</ncss>
      <ccn>1</ccn>
      <javadocs>1</javadocs>
    </function>
    <function>
      <name>org.jdom.Entity.getContent()</name>
      <ncss>8</ncss>
      <ccn>3</ccn>
      <javadocs>1</javadocs>
    </function>
    <function>
      <name>org.jdom.Entity.setContent(String)</name>
      <ncss>4</ncss>
      <ccn>1</ccn>
      <javadocs>1</javadocs>
    </function>
    <function>
      <name>org.jdom.Entity.hasMixedContent()</name>
      <ncss>22</ncss>
      <ccn>14</ccn>
      <javadocs>1</javadocs>
    </function>
    <function>
      <name>org.jdom.Entity.getMixedContent()</name>
      <ncss>2</ncss>
      <ccn>1</ccn>
      <javadocs>1</javadocs>
    </function>
    <function>
      <name>org.jdom.Entity.setMixedContent(List)</name>
      <ncss>3</ncss>
      <ccn>1</ccn>
      <javadocs>1</javadocs>
    </function>
    <function>
      <name>org.jdom.Entity.getChildren()</name>
      <ncss>8</ncss>
      <ccn>3</ccn>
      <javadocs>1</javadocs>
    </function>
    <function>
      <name>org.jdom.Entity.setChildren(List)</name>
      <ncss>2</ncss>
      <ccn>1</ccn>
      <javadocs>1</javadocs>
    </function>
    <function>
      <name>org.jdom.Entity.addText(String)</name>
      <ncss>3</ncss>
      <ccn>1</ccn>
      <javadocs>1</javadocs>
    </function>
    <function>
      <name>org.jdom.Entity.addChild(Element)</name>
      <ncss>3</ncss>
      <ccn>1</ccn>
      <javadocs>1</javadocs>
    </function>
    <function>
      <name>org.jdom.Entity.addChild(String)</name>
      <ncss>3</ncss>
      <ccn>1</ccn>
      <javadocs>1</javadocs>
    </function>
    <function>
      <name>org.jdom.Entity.toString()</name>
      <ncss>2</ncss>
      <ccn>1</ccn>
      <javadocs>1</javadocs>
    </function>
    <function>
      <name>org.jdom.Entity.getSerializedForm()</name>
      <ncss>2</ncss>
      <ccn>1</ccn>
      <javadocs>1</javadocs>
    </function>
    <function>
      <name>org.jdom.Entity.equals(Object)</name>
      <ncss>2</ncss>
      <ccn>1</ccn>
      <javadocs>1</javadocs>
    </function>
    <function>
      <name>org.jdom.Entity.hashCode()</name>
      <ncss>2</ncss>
      <ccn>1</ccn>
      <javadocs>1</javadocs>
    </function>
    <function>
      <name>org.jdom.Entity.clone()</name>
      <ncss>4</ncss>
      <ccn>1</ccn>
      <javadocs>1</javadocs>
    </function>
    <function>
      <name>org.jdom.IllegalAddException.IllegalAddException(Element,Attribute,String)</name>
      <ncss>2</ncss>
      <ccn>1</ccn>
      <javadocs>1</javadocs>
    </function>
    <function>
      <name>org.jdom.IllegalAddException.IllegalAddException(Element,Element,String)</name>
      <ncss>2</ncss>
      <ccn>1</ccn>
      <javadocs>1</javadocs>
    </function>
    <function>
      <name>org.jdom.IllegalAddException.IllegalAddException(Document,Element,String)</name>
      <ncss>2</ncss>
      <ccn>1</ccn>
      <javadocs>1</javadocs>
    </function>
    <function>
      <name>org.jdom.IllegalAddException.IllegalAddException(Element,ProcessingInstruction,String)</name>
      <ncss>2</ncss>
      <ccn>1</ccn>
      <javadocs>1</javadocs>
    </function>
    <function>
      <name>org.jdom.IllegalAddException.IllegalAddException(Document,ProcessingInstruction,String)</name>
      <ncss>2</ncss>
      <ccn>1</ccn>
      <javadocs>1</javadocs>
    </function>
    <function>
      <name>org.jdom.IllegalAddException.IllegalAddException(Element,Comment,String)</name>
      <ncss>2</ncss>
      <ccn>1</ccn>
      <javadocs>1</javadocs>
    </function>
    <function>
      <name>org.jdom.IllegalAddException.IllegalAddException(Document,Comment,String)</name>
      <ncss>2</ncss>
      <ccn>1</ccn>
      <javadocs>1</javadocs>
    </function>
    <function>
      <name>org.jdom.IllegalAddException.IllegalAddException(Element,Entity,String)</name>
      <ncss>2</ncss>
      <ccn>1</ccn>
      <javadocs>1</javadocs>
    </function>
    <function>
      <name>org.jdom.IllegalAddException.IllegalAddException(String)</name>
      <ncss>2</ncss>
      <ccn>1</ccn>
      <javadocs>1</javadocs>
    </function>
    <function>
      <name>org.jdom.IllegalDataException.IllegalDataException(String,String,String)</name>
      <ncss>2</ncss>
      <ccn>1</ccn>
      <javadocs>1</javadocs>
    </function>
    <function>
      <name>org.jdom.IllegalDataException.IllegalDataException(String,String)</name>
      <ncss>2</ncss>
      <ccn>1</ccn>
      <javadocs>1</javadocs>
    </function>
    <function>
      <name>org.jdom.IllegalNameException.IllegalNameException(String,String,String)</name>
      <ncss>2</ncss>
      <ccn>1</ccn>
      <javadocs>1</javadocs>
    </function>
    <function>
      <name>org.jdom.IllegalNameException.IllegalNameException(String,String)</name>
      <ncss>2</ncss>
      <ccn>1</ccn>
      <javadocs>1</javadocs>
    </function>
    <function>
      <name>org.jdom.IllegalTargetException.IllegalTargetException(String,String)</name>
      <ncss>2</ncss>
      <ccn>1</ccn>
      <javadocs>1</javadocs>
    </function>
    <function>
      <name>org.jdom.IllegalTargetException.IllegalTargetException(String)</name>
      <ncss>2</ncss>
      <ccn>1</ccn>
      <javadocs>1</javadocs>
    </function>
    <function>
      <name>org.jdom.input.BuilderErrorHandler.warning(SAXParseException)</name>
      <ncss>1</ncss>
      <ccn>1</ccn>
      <javadocs>1</javadocs>
    </function>
    <function>
      <name>org.jdom.input.BuilderErrorHandler.error(SAXParseException)</name>
      <ncss>2</ncss>
      <ccn>2</ccn>
      <javadocs>1</javadocs>
    </function>
    <function>
      <name>org.jdom.input.BuilderErrorHandler.fatalError(SAXParseException)</name>
      <ncss>2</ncss>
      <ccn>2</ccn>
      <javadocs>1</javadocs>
    </function>
    <function>
      <name>org.jdom.input.DOMBuilder.DOMBuilder()</name>
      <ncss>2</ncss>
      <ccn>1</ccn>
      <javadocs>1</javadocs>
    </function>
    <function>
      <name>org.jdom.input.DOMBuilder.DOMBuilder(boolean)</name>
      <ncss>2</ncss>
      <ccn>1</ccn>
      <javadocs>1</javadocs>
    </function>
    <function>
      <name>org.jdom.input.DOMBuilder.DOMBuilder(String)</name>
      <ncss>2</ncss>
      <ccn>1</ccn>
      <javadocs>1</javadocs>
    </function>
    <function>
      <name>org.jdom.input.DOMBuilder.DOMBuilder(String,boolean)</name>
      <ncss>3</ncss>
      <ccn>1</ccn>
      <javadocs>1</javadocs>
    </function>
    <function>
      <name>org.jdom.input.DOMBuilder.setValidation(boolean)</name>
      <ncss>2</ncss>
      <ccn>1</ccn>
      <javadocs>1</javadocs>
    </function>
    <function>
      <name>org.jdom.input.DOMBuilder.build(InputStream)</name>
      <ncss>43</ncss>
      <ccn>16</ccn>
      <javadocs>1</javadocs>
    </function>
    <function>
      <name>org.jdom.input.DOMBuilder.build(File)</name>
      <ncss>5</ncss>
      <ccn>4</ccn>
      <javadocs>1</javadocs>
    </function>
    <function>
      <name>org.jdom.input.DOMBuilder.build(URL)</name>
      <ncss>4</ncss>
      <ccn>4</ccn>
      <javadocs>1</javadocs>
    </function>
    <function>
      <name>org.jdom.input.DOMBuilder.build(org.w3c.dom.Document)</name>
      <ncss>4</ncss>
      <ccn>1</ccn>
      <javadocs>1</javadocs>
    </function>
    <function>
      <name>org.jdom.input.DOMBuilder.build(org.w3c.dom.Element)</name>
      <ncss>4</ncss>
      <ccn>1</ccn>
      <javadocs>1</javadocs>
    </function>
    <function>
      <name>org.jdom.input.DOMBuilder.buildTree(Node,Document,Element,boolean)</name>
      <ncss>86</ncss>
      <ccn>25</ccn>
      <javadocs>1</javadocs>
    </function>
    <function>
      <name>org.jdom.input.SAXBuilder.SAXBuilder()</name>
      <ncss>2</ncss>
      <ccn>1</ccn>
      <javadocs>1</javadocs>
    </function>
    <function>
      <name>org.jdom.input.SAXBuilder.SAXBuilder(boolean)</name>
      <ncss>2</ncss>
      <ccn>1</ccn>
      <javadocs>1</javadocs>
    </function>
    <function>
      <name>org.jdom.input.SAXBuilder.SAXBuilder(String)</name>
      <ncss>2</ncss>
      <ccn>1</ccn>
      <javadocs>1</javadocs>
    </function>
    <function>
      <name>org.jdom.input.SAXBuilder.SAXBuilder(String,boolean)</name>
      <ncss>3</ncss>
      <ccn>1</ccn>
      <javadocs>1</javadocs>
    </function>
    <function>
      <name>org.jdom.input.SAXBuilder.setValidation(boolean)</name>
      <ncss>2</ncss>
      <ccn>1</ccn>
      <javadocs>1</javadocs>
    </function>
    <function>
      <name>org.jdom.input.SAXBuilder.setErrorHandler(ErrorHandler)</name>
      <ncss>2</ncss>
      <ccn>1</ccn>
      <javadocs>1</javadocs>
    </function>
    <function>
      <name>org.jdom.input.SAXBuilder.setEntityResolver(EntityResolver)</name>
      <ncss>2</ncss>
      <ccn>1</ccn>
      <javadocs>1</javadocs>
    </function>
    <function>
      <name>org.jdom.input.SAXBuilder.setDTDHandler(DTDHandler)</name>
      <ncss>2</ncss>
      <ccn>1</ccn>
      <javadocs>1</javadocs>
    </function>
    <function>
      <name>org.jdom.input.SAXBuilder.setXMLFilter(XMLFilter)</name>
      <ncss>2</ncss>
      <ccn>1</ccn>
      <javadocs>1</javadocs>
    </function>
    <function>
      <name>org.jdom.input.SAXBuilder.build(InputSource)</name>
      <ncss>68</ncss>
      <ccn>29</ccn>
      <javadocs>1</javadocs>
    </function>
    <function>
      <name>org.jdom.input.SAXBuilder.build(InputStream)</name>
      <ncss>2</ncss>
      <ccn>1</ccn>
      <javadocs>1</javadocs>
    </function>
    <function>
      <name>org.jdom.input.SAXBuilder.build(File)</name>
      <ncss>5</ncss>
      <ccn>4</ccn>
      <javadocs>1</javadocs>
    </function>
    <function>
      <name>org.jdom.input.SAXBuilder.build(URL)</name>
      <ncss>3</ncss>
      <ccn>1</ccn>
      <javadocs>1</javadocs>
    </function>
    <function>
      <name>org.jdom.input.SAXBuilder.build(InputStream,String)</name>
      <ncss>4</ncss>
      <ccn>1</ccn>
      <javadocs>1</javadocs>
    </function>
    <function>
      <name>org.jdom.input.SAXBuilder.build(Reader)</name>
      <ncss>2</ncss>
      <ccn>1</ccn>
      <javadocs>1</javadocs>
    </function>
    <function>
      <name>org.jdom.input.SAXBuilder.build(Reader,String)</name>
      <ncss>4</ncss>
      <ccn>1</ccn>
      <javadocs>1</javadocs>
    </function>
    <function>
      <name>org.jdom.input.SAXBuilder.build(String)</name>
      <ncss>2</ncss>
      <ccn>1</ccn>
      <javadocs>1</javadocs>
    </function>
    <function>
      <name>org.jdom.input.SAXBuilder.fileToURL(File)</name>
      <ncss>9</ncss>
      <ccn>5</ccn>
      <javadocs>1</javadocs>
    </function>
    <function>
      <name>org.jdom.input.SAXHandler.SAXHandler(Document)</name>
      <ncss>10</ncss>
      <ccn>1</ccn>
      <javadocs>1</javadocs>
    </function>
    <function>
      <name>org.jdom.input.SAXHandler.processingInstruction(String,String)</name>
      <ncss>5</ncss>
      <ccn>2</ccn>
      <javadocs>1</javadocs>
    </function>
    <function>
      <name>org.jdom.input.SAXHandler.startPrefixMapping(String,String)</name>
      <ncss>3</ncss>
      <ccn>1</ccn>
      <javadocs>1</javadocs>
    </function>
    <function>
      <name>org.jdom.input.SAXHandler.endPrefixMapping(String)</name>
      <ncss>7</ncss>
      <ccn>3</ccn>
      <javadocs>1</javadocs>
    </function>
    <function>
      <name>org.jdom.input.SAXHandler.startElement(String,String,String,Attributes)</name>
      <ncss>31</ncss>
      <ccn>7</ccn>
      <javadocs>1</javadocs>
    </function>
    <function>
      <name>org.jdom.input.SAXHandler.transferNamespaces(Element)</name>
      <ncss>7</ncss>
      <ccn>2</ccn>
      <javadocs>0</javadocs>
    </function>
    <function>
      <name>org.jdom.input.SAXHandler.getNamespace(String)</name>
      <ncss>7</ncss>
      <ccn>4</ccn>
      <javadocs>0</javadocs>
    </function>
    <function>
      <name>org.jdom.input.SAXHandler.characters(Namespace.NO_NAMESPACE[],int,int)</name>
      <ncss>10</ncss>
      <ccn>3</ccn>
      <javadocs>1</javadocs>
    </function>
    <function>
      <name>org.jdom.input.SAXHandler.endElement(String,String,String)</name>
      <ncss>5</ncss>
      <ccn>2</ccn>
      <javadocs>1</javadocs>
    </function>
    <function>
      <name>org.jdom.input.SAXHandler.startDTD(String,String,String)</name>
      <ncss>3</ncss>
      <ccn>1</ccn>
      <javadocs>1</javadocs>
    </function>
    <function>
      <name>org.jdom.input.SAXHandler.endDTD()</name>
      <ncss>2</ncss>
      <ccn>1</ccn>
      <javadocs>1</javadocs>
    </function>
    <function>
      <name>org.jdom.input.SAXHandler.startEntity(String)</name>
      <ncss>6</ncss>
      <ccn>7</ccn>
      <javadocs>0</javadocs>
    </function>
    <function>
      <name>org.jdom.input.SAXHandler.endEntity(String)</name>
      <ncss>4</ncss>
      <ccn>2</ccn>
      <javadocs>0</javadocs>
    </function>
    <function>
      <name>org.jdom.input.SAXHandler.startCDATA()</name>
      <ncss>2</ncss>
      <ccn>1</ccn>
      <javadocs>1</javadocs>
    </function>
    <function>
      <name>org.jdom.input.SAXHandler.endCDATA()</name>
      <ncss>2</ncss>
      <ccn>1</ccn>
      <javadocs>1</javadocs>
    </function>
    <function>
      <name>org.jdom.input.SAXHandler.comment(inCDATA[],int,int)</name>
      <ncss>7</ncss>
      <ccn>4</ccn>
      <javadocs>1</javadocs>
    </function>
    <function>
      <name>org.jdom.JDOMException.JDOMException()</name>
      <ncss>2</ncss>
      <ccn>1</ccn>
      <javadocs>1</javadocs>
    </function>
    <function>
      <name>org.jdom.JDOMException.JDOMException(String)</name>
      <ncss>2</ncss>
      <ccn>1</ccn>
      <javadocs>1</javadocs>
    </function>
    <function>
      <name>org.jdom.JDOMException.JDOMException(String,Throwable)</name>
      <ncss>3</ncss>
      <ccn>1</ccn>
      <javadocs>1</javadocs>
    </function>
    <function>
      <name>org.jdom.JDOMException.getMessage()</name>
      <ncss>5</ncss>
      <ccn>3</ccn>
      <javadocs>1</javadocs>
    </function>
    <function>
      <name>org.jdom.JDOMException.printStackTrace()</name>
      <ncss>5</ncss>
      <ccn>2</ccn>
      <javadocs>1</javadocs>
    </function>
    <function>
      <name>org.jdom.JDOMException.printStackTrace(PrintStream)</name>
      <ncss>5</ncss>
      <ccn>2</ccn>
      <javadocs>1</javadocs>
    </function>
    <function>
      <name>org.jdom.JDOMException.printStackTrace(PrintWriter)</name>
      <ncss>5</ncss>
      <ccn>2</ccn>
      <javadocs>1</javadocs>
    </function>
    <function>
      <name>org.jdom.JDOMException.getRootCause()</name>
      <ncss>2</ncss>
      <ccn>1</ccn>
      <javadocs>1</javadocs>
    </function>
    <function>
      <name>org.jdom.Namespace.getNamespace(String,String)</name>
      <ncss>22</ncss>
      <ccn>18</ccn>
      <javadocs>1</javadocs>
    </function>
    <function>
      <name>org.jdom.Namespace.getNamespace(String)</name>
      <ncss>2</ncss>
      <ccn>1</ccn>
      <javadocs>1</javadocs>
    </function>
    <function>
      <name>org.jdom.Namespace.getNamespace(String,Element)</name>
      <ncss>14</ncss>
      <ccn>8</ccn>
      <javadocs>1</javadocs>
    </function>
    <function>
      <name>org.jdom.Namespace.Namespace(String,String)</name>
      <ncss>3</ncss>
      <ccn>1</ccn>
      <javadocs>1</javadocs>
    </function>
    <function>
      <name>org.jdom.Namespace.getPrefix()</name>
      <ncss>2</ncss>
      <ccn>1</ccn>
      <javadocs>1</javadocs>
    </function>
    <function>
      <name>org.jdom.Namespace.getURI()</name>
      <ncss>2</ncss>
      <ccn>1</ccn>
      <javadocs>1</javadocs>
    </function>
    <function>
      <name>org.jdom.Namespace.equals(Object)</name>
      <ncss>8</ncss>
      <ccn>7</ccn>
      <javadocs>1</javadocs>
    </function>
    <function>
      <name>org.jdom.Namespace.toString()</name>
      <ncss>2</ncss>
      <ccn>1</ccn>
      <javadocs>1</javadocs>
    </function>
    <function>
      <name>org.jdom.Namespace.hashCode()</name>
      <ncss>2</ncss>
      <ccn>1</ccn>
      <javadocs>1</javadocs>
    </function>
    <function>
      <name>org.jdom.output.DOMOutputter.DOMOutputter()</name>
      <ncss>1</ncss>
      <ccn>1</ccn>
      <javadocs>1</javadocs>
    </function>
    <function>
      <name>org.jdom.output.DOMOutputter.DOMOutputter(String)</name>
      <ncss>2</ncss>
      <ccn>1</ccn>
      <javadocs>1</javadocs>
    </function>
    <function>
      <name>org.jdom.output.DOMOutputter.output(Document)</name>
      <ncss>28</ncss>
      <ccn>9</ccn>
      <javadocs>1</javadocs>
    </function>
    <function>
      <name>org.jdom.output.DOMOutputter.output(Element)</name>
      <ncss>5</ncss>
      <ccn>4</ccn>
      <javadocs>1</javadocs>
    </function>
    <function>
      <name>org.jdom.output.DOMOutputter.createDOMDocument()</name>
      <ncss>23</ncss>
      <ccn>12</ccn>
      <javadocs>0</javadocs>
    </function>
    <function>
      <name>org.jdom.output.DOMOutputter.output(Element,org.w3c.dom.Document,NamespaceStack)</name>
      <ncss>75</ncss>
      <ccn>24</ccn>
      <javadocs>0</javadocs>
    </function>
    <function>
      <name>org.jdom.output.DOMOutputter.output(Attribute)</name>
      <ncss>7</ncss>
      <ccn>4</ccn>
      <javadocs>1</javadocs>
    </function>
    <function>
      <name>org.jdom.output.DOMOutputter.output(Attribute,org.w3c.dom.Document)</name>
      <ncss>7</ncss>
      <ccn>3</ccn>
      <javadocs>0</javadocs>
    </function>
    <function>
      <name>org.jdom.output.DOMOutputter.getXmlnsTagFor(Namespace)</name>
      <ncss>6</ncss>
      <ccn>2</ccn>
      <javadocs>1</javadocs>
    </function>
    <function>
      <name>org.jdom.output.NamespaceStack.NamespaceStack()</name>
      <ncss>3</ncss>
      <ccn>1</ccn>
      <javadocs>1</javadocs>
    </function>
    <function>
      <name>org.jdom.output.NamespaceStack.push(Namespace)</name>
      <ncss>3</ncss>
      <ccn>1</ccn>
      <javadocs>1</javadocs>
    </function>
    <function>
      <name>org.jdom.output.NamespaceStack.pop()</name>
      <ncss>4</ncss>
      <ccn>1</ccn>
      <javadocs>1</javadocs>
    </function>
    <function>
      <name>org.jdom.output.NamespaceStack.size()</name>
      <ncss>2</ncss>
      <ccn>1</ccn>
      <javadocs>1</javadocs>
    </function>
    <function>
      <name>org.jdom.output.NamespaceStack.getURI(String)</name>
      <ncss>6</ncss>
      <ccn>3</ccn>
      <javadocs>1</javadocs>
    </function>
    <function>
      <name>org.jdom.output.NamespaceStack.printStack()</name>
      <ncss>4</ncss>
      <ccn>2</ccn>
      <javadocs>1</javadocs>
    </function>
    <function>
      <name>org.jdom.output.SAXOutputter.SAXOutputter(ContentHandler)</name>
      <ncss>2</ncss>
      <ccn>1</ccn>
      <javadocs>1</javadocs>
    </function>
    <function>
      <name>org.jdom.output.SAXOutputter.SAXOutputter(ContentHandler,ErrorHandler,DTDHandler,EntityResolver)</name>
      <ncss>5</ncss>
      <ccn>1</ccn>
      <javadocs>1</javadocs>
    </function>
    <function>
      <name>org.jdom.output.SAXOutputter.setContentHandler(ContentHandler)</name>
      <ncss>2</ncss>
      <ccn>1</ccn>
      <javadocs>1</javadocs>
    </function>
    <function>
      <name>org.jdom.output.SAXOutputter.setErrorHandler(ErrorHandler)</name>
      <ncss>2</ncss>
      <ccn>1</ccn>
      <javadocs>1</javadocs>
    </function>
    <function>
      <name>org.jdom.output.SAXOutputter.setDTDHandler(DTDHandler)</name>
      <ncss>2</ncss>
      <ccn>1</ccn>
      <javadocs>1</javadocs>
    </function>
    <function>
      <name>org.jdom.output.SAXOutputter.setEntityResolver(EntityResolver)</name>
      <ncss>2</ncss>
      <ccn>1</ccn>
      <javadocs>1</javadocs>
    </function>
    <function>
      <name>org.jdom.output.SAXOutputter.output(Document)</name>
      <ncss>18</ncss>
      <ccn>7</ccn>
      <javadocs>1</javadocs>
    </function>
    <function>
      <name>org.jdom.output.SAXOutputter.entityResolver(Document)</name>
      <ncss>14</ncss>
      <ccn>9</ccn>
      <javadocs>1</javadocs>
    </function>
    <function>
      <name>org.jdom.output.SAXOutputter.documentLocator(Document)</name>
      <ncss>13</ncss>
      <ccn>2</ccn>
      <javadocs>1</javadocs>
    </function>
    <function>
      <name>org.jdom.output.SAXOutputter.startDocument()</name>
      <ncss>4</ncss>
      <ccn>3</ccn>
      <javadocs>1</javadocs>
    </function>
    <function>
      <name>org.jdom.output.SAXOutputter.endDocument()</name>
      <ncss>4</ncss>
      <ccn>3</ccn>
      <javadocs>1</javadocs>
    </function>
    <function>
      <name>org.jdom.output.SAXOutputter.processingInstruction(ProcessingInstruction)</name>
      <ncss>7</ncss>
      <ccn>4</ccn>
      <javadocs>1</javadocs>
    </function>
    <function>
      <name>org.jdom.output.SAXOutputter.element(Element,NamespaceStack)</name>
      <ncss>7</ncss>
      <ccn>1</ccn>
      <javadocs>1</javadocs>
    </function>
    <function>
      <name>org.jdom.output.SAXOutputter.startPrefixMapping(Element,NamespaceStack)</name>
      <ncss>10</ncss>
      <ccn>6</ccn>
      <javadocs>1</javadocs>
    </function>
    <function>
      <name>org.jdom.output.SAXOutputter.endPrefixMapping(NamespaceStack,int)</name>
      <ncss>6</ncss>
      <ccn>4</ccn>
      <javadocs>1</javadocs>
    </function>
    <function>
      <name>org.jdom.output.SAXOutputter.startElement(Element)</name>
      <ncss>13</ncss>
      <ccn>4</ccn>
      <javadocs>1</javadocs>
    </function>
    <function>
      <name>org.jdom.output.SAXOutputter.endElement(Element)</name>
      <ncss>7</ncss>
      <ccn>3</ccn>
      <javadocs>1</javadocs>
    </function>
    <function>
      <name>org.jdom.output.SAXOutputter.elementContent(Element,NamespaceStack)</name>
      <ncss>21</ncss>
      <ccn>9</ccn>
      <javadocs>1</javadocs>
    </function>
    <function>
      <name>org.jdom.output.SAXOutputter.characters(String)</name>
      <ncss>5</ncss>
      <ccn>3</ccn>
      <javadocs>1</javadocs>
    </function>
    <function>
      <name>org.jdom.output.XMLOutputter.XMLOutputter()</name>
      <ncss>1</ncss>
      <ccn>1</ccn>
      <javadocs>1</javadocs>
    </function>
    <function>
      <name>org.jdom.output.XMLOutputter.XMLOutputter(String)</name>
      <ncss>2</ncss>
      <ccn>1</ccn>
      <javadocs>1</javadocs>
    </function>
    <function>
      <name>org.jdom.output.XMLOutputter.XMLOutputter(String,boolean)</name>
      <ncss>3</ncss>
      <ccn>1</ccn>
      <javadocs>1</javadocs>
    </function>
    <function>
      <name>org.jdom.output.XMLOutputter.XMLOutputter(String,boolean,String)</name>
      <ncss>4</ncss>
      <ccn>1</ccn>
      <javadocs>1</javadocs>
    </function>
    <function>
      <name>org.jdom.output.XMLOutputter.XMLOutputter(XMLOutputter)</name>
      <ncss>11</ncss>
      <ccn>1</ccn>
      <javadocs>1</javadocs>
    </function>
    <function>
      <name>org.jdom.output.XMLOutputter.setLineSeparator(String)</name>
      <ncss>2</ncss>
      <ccn>1</ccn>
      <javadocs>1</javadocs>
    </function>
    <function>
      <name>org.jdom.output.XMLOutputter.setNewlines(boolean)</name>
      <ncss>2</ncss>
      <ccn>1</ccn>
      <javadocs>1</javadocs>
    </function>
    <function>
      <name>org.jdom.output.XMLOutputter.setEncoding(String)</name>
      <ncss>2</ncss>
      <ccn>1</ccn>
      <javadocs>1</javadocs>
    </function>
    <function>
      <name>org.jdom.output.XMLOutputter.setOmitEncoding(boolean)</name>
      <ncss>2</ncss>
      <ccn>1</ccn>
      <javadocs>1</javadocs>
    </function>
    <function>
      <name>org.jdom.output.XMLOutputter.setSuppressDeclaration(boolean)</name>
      <ncss>2</ncss>
      <ccn>1</ccn>
      <javadocs>1</javadocs>
    </function>
    <function>
      <name>org.jdom.output.XMLOutputter.setExpandEmptyElements(boolean)</name>
      <ncss>2</ncss>
      <ccn>1</ccn>
      <javadocs>1</javadocs>
    </function>
    <function>
      <name>org.jdom.output.XMLOutputter.setTrimText(boolean)</name>
      <ncss>2</ncss>
      <ccn>1</ccn>
      <javadocs>1</javadocs>
    </function>
    <function>
      <name>org.jdom.output.XMLOutputter.setPadText(boolean)</name>
      <ncss>2</ncss>
      <ccn>1</ccn>
      <javadocs>1</javadocs>
    </function>
    <function>
      <name>org.jdom.output.XMLOutputter.setIndent(String)</name>
      <ncss>4</ncss>
      <ccn>2</ccn>
      <javadocs>1</javadocs>
    </function>
    <function>
      <name>org.jdom.output.XMLOutputter.setIndent(boolean)</name>
      <ncss>5</ncss>
      <ccn>2</ccn>
      <javadocs>1</javadocs>
    </function>
    <function>
      <name>org.jdom.output.XMLOutputter.setIndentLevel(int)</name>
      <ncss>2</ncss>
      <ccn>1</ccn>
      <javadocs>1</javadocs>
    </function>
    <function>
      <name>org.jdom.output.XMLOutputter.setIndentSize(int)</name>
      <ncss>5</ncss>
      <ccn>2</ccn>
      <javadocs>1</javadocs>
    </function>
    <function>
      <name>org.jdom.output.XMLOutputter.indent(Writer,int)</name>
      <ncss>4</ncss>
      <ccn>4</ccn>
      <javadocs>1</javadocs>
    </function>
    <function>
      <name>org.jdom.output.XMLOutputter.maybePrintln(Writer)</name>
      <ncss>3</ncss>
      <ccn>2</ccn>
      <javadocs>1</javadocs>
    </function>
    <function>
      <name>org.jdom.output.XMLOutputter.makeWriter(OutputStream)</name>
      <ncss>3</ncss>
      <ccn>1</ccn>
      <javadocs>1</javadocs>
    </function>
    <function>
      <name>org.jdom.output.XMLOutputter.makeWriter(OutputStream,String)</name>
      <ncss>3</ncss>
      <ccn>1</ccn>
      <javadocs>1</javadocs>
    </function>
    <function>
      <name>org.jdom.output.XMLOutputter.output(Document,OutputStream)</name>
      <ncss>4</ncss>
      <ccn>1</ccn>
      <javadocs>1</javadocs>
    </function>
    <function>
      <name>org.jdom.output.XMLOutputter.output(Document,Writer)</name>
      <ncss>23</ncss>
      <ccn>9</ccn>
      <javadocs>1</javadocs>
    </function>
    <function>
      <name>org.jdom.output.XMLOutputter.output(Element,Writer)</name>
      <ncss>2</ncss>
      <ccn>1</ccn>
      <javadocs>1</javadocs>
    </function>
    <function>
      <name>org.jdom.output.XMLOutputter.output(Element,OutputStream)</name>
      <ncss>4</ncss>
      <ccn>1</ccn>
      <javadocs>1</javadocs>
    </function>
    <function>
      <name>org.jdom.output.XMLOutputter.outputElementContent(Element,Writer)</name>
      <ncss>3</ncss>
      <ccn>1</ccn>
      <javadocs>1</javadocs>
    </function>
    <function>
      <name>org.jdom.output.XMLOutputter.output(CDATA,Writer)</name>
      <ncss>2</ncss>
      <ccn>1</ccn>
      <javadocs>1</javadocs>
    </function>
    <function>
      <name>org.jdom.output.XMLOutputter.output(CDATA,OutputStream)</name>
      <ncss>4</ncss>
      <ccn>1</ccn>
      <javadocs>1</javadocs>
    </function>
    <function>
      <name>org.jdom.output.XMLOutputter.output(Comment,Writer)</name>
      <ncss>2</ncss>
      <ccn>1</ccn>
      <javadocs>1</javadocs>
    </function>
    <function>
      <name>org.jdom.output.XMLOutputter.output(Comment,OutputStream)</name>
      <ncss>4</ncss>
      <ccn>1</ccn>
      <javadocs>1</javadocs>
    </function>
    <function>
      <name>org.jdom.output.XMLOutputter.output(String,Writer)</name>
      <ncss>2</ncss>
      <ccn>1</ccn>
      <javadocs>1</javadocs>
    </function>
    <function>
      <name>org.jdom.output.XMLOutputter.output(String,OutputStream)</name>
      <ncss>4</ncss>
      <ccn>1</ccn>
      <javadocs>1</javadocs>
    </function>
    <function>
      <name>org.jdom.output.XMLOutputter.output(Entity,Writer)</name>
      <ncss>2</ncss>
      <ccn>1</ccn>
      <javadocs>1</javadocs>
    </function>
    <function>
      <name>org.jdom.output.XMLOutputter.output(Entity,OutputStream)</name>
      <ncss>4</ncss>
      <ccn>1</ccn>
      <javadocs>1</javadocs>
    </function>
    <function>
      <name>org.jdom.output.XMLOutputter.output(ProcessingInstruction,Writer)</name>
      <ncss>2</ncss>
      <ccn>1</ccn>
      <javadocs>1</javadocs>
    </function>
    <function>
      <name>org.jdom.output.XMLOutputter.output(ProcessingInstruction,OutputStream)</name>
      <ncss>4</ncss>
      <ccn>1</ccn>
      <javadocs>1</javadocs>
    </function>
    <function>
      <name>org.jdom.output.XMLOutputter.outputString(Document)</name>
      <ncss>5</ncss>
      <ccn>1</ccn>
      <javadocs>1</javadocs>
    </function>
    <function>
      <name>org.jdom.output.XMLOutputter.outputString(Element)</name>
      <ncss>5</ncss>
      <ccn>1</ccn>
      <javadocs>1</javadocs>
    </function>
    <function>
      <name>org.jdom.output.XMLOutputter.printDeclaration(Document,Writer,String)</name>
      <ncss>13</ncss>
      <ccn>5</ccn>
      <javadocs>1</javadocs>
    </function>
    <function>
      <name>org.jdom.output.XMLOutputter.printDocType(DocType,Writer)</name>
      <ncss>21</ncss>
      <ccn>8</ccn>
      <javadocs>1</javadocs>
    </function>
    <function>
      <name>org.jdom.output.XMLOutputter.printComment(Comment,Writer,int)</name>
      <ncss>4</ncss>
      <ccn>1</ccn>
      <javadocs>1</javadocs>
    </function>
    <function>
      <name>org.jdom.output.XMLOutputter.printProcessingInstruction(ProcessingInstruction,Writer,int)</name>
      <ncss>4</ncss>
      <ccn>1</ccn>
      <javadocs>1</javadocs>
    </function>
    <function>
      <name>org.jdom.output.XMLOutputter.printCDATASection(CDATA,Writer,int)</name>
      <ncss>4</ncss>
      <ccn>1</ccn>
      <javadocs>1</javadocs>
    </function>
    <function>
      <name>org.jdom.output.XMLOutputter.printElement(Element,Writer,int,NamespaceStack)</name>
      <ncss>51</ncss>
      <ccn>18</ccn>
      <javadocs>1</javadocs>
    </function>
    <function>
      <name>org.jdom.output.XMLOutputter.printElementContent(Element,Writer,int,NamespaceStack,List)</name>
      <ncss>38</ncss>
      <ccn>16</ccn>
      <javadocs>1</javadocs>
    </function>
    <function>
      <name>org.jdom.output.XMLOutputter.printString(String,Writer)</name>
      <ncss>11</ncss>
      <ccn>4</ccn>
      <javadocs>1</javadocs>
    </function>
    <function>
      <name>org.jdom.output.XMLOutputter.printEntity(Entity,Writer)</name>
      <ncss>2</ncss>
      <ccn>1</ccn>
      <javadocs>1</javadocs>
    </function>
    <function>
      <name>org.jdom.output.XMLOutputter.printNamespace(Namespace,Writer)</name>
      <ncss>9</ncss>
      <ccn>2</ccn>
      <javadocs>1</javadocs>
    </function>
    <function>
      <name>org.jdom.output.XMLOutputter.printAttributes(List,Element,Writer,NamespaceStack)</name>
      <ncss>17</ncss>
      <ccn>5</ccn>
      <javadocs>1</javadocs>
    </function>
    <function>
      <name>org.jdom.output.XMLOutputter.escapeAttributeEntities(String)</name>
      <ncss>31</ncss>
      <ccn>9</ccn>
      <javadocs>1</javadocs>
    </function>
    <function>
      <name>org.jdom.output.XMLOutputter.escapeElementEntities(String)</name>
      <ncss>25</ncss>
      <ccn>7</ccn>
      <javadocs>1</javadocs>
    </function>
    <function>
      <name>org.jdom.output.XMLOutputter.parseArgs(String[],int)</name>
      <ncss>37</ncss>
      <ccn>14</ccn>
      <javadocs>1</javadocs>
    </function>
    <function>
      <name>org.jdom.PartialList.PartialList(List,Element)</name>
      <ncss>4</ncss>
      <ccn>1</ccn>
      <javadocs>1</javadocs>
    </function>
    <function>
      <name>org.jdom.PartialList.PartialList(List)</name>
      <ncss>2</ncss>
      <ccn>1</ccn>
      <javadocs>1</javadocs>
    </function>
    <function>
      <name>org.jdom.PartialList.removeFirst()</name>
      <ncss>6</ncss>
      <ccn>2</ccn>
      <javadocs>1</javadocs>
    </function>
    <function>
      <name>org.jdom.PartialList.removeLast()</name>
      <ncss>6</ncss>
      <ccn>2</ccn>
      <javadocs>1</javadocs>
    </function>
    <function>
      <name>org.jdom.PartialList.addFirst(Object)</name>
      <ncss>9</ncss>
      <ccn>3</ccn>
      <javadocs>1</javadocs>
    </function>
    <function>
      <name>org.jdom.PartialList.addLast(Object)</name>
      <ncss>9</ncss>
      <ccn>4</ccn>
      <javadocs>1</javadocs>
    </function>
    <function>
      <name>org.jdom.PartialList.add(Object)</name>
      <ncss>5</ncss>
      <ccn>2</ccn>
      <javadocs>1</javadocs>
    </function>
    <function>
      <name>org.jdom.PartialList.remove(Object)</name>
      <ncss>5</ncss>
      <ccn>2</ccn>
      <javadocs>1</javadocs>
    </function>
    <function>
      <name>org.jdom.PartialList.addAll(Collection)</name>
      <ncss>5</ncss>
      <ccn>3</ccn>
      <javadocs>1</javadocs>
    </function>
    <function>
      <name>org.jdom.PartialList.addAll(int,Collection)</name>
      <ncss>10</ncss>
      <ccn>4</ccn>
      <javadocs>1</javadocs>
    </function>
    <function>
      <name>org.jdom.PartialList.clear()</name>
      <ncss>7</ncss>
      <ccn>3</ccn>
      <javadocs>1</javadocs>
    </function>
    <function>
      <name>org.jdom.PartialList.set(int,Object)</name>
      <ncss>10</ncss>
      <ccn>4</ccn>
      <javadocs>1</javadocs>
    </function>
    <function>
      <name>org.jdom.PartialList.add(int,Object)</name>
      <ncss>8</ncss>
      <ccn>3</ccn>
      <javadocs>1</javadocs>
    </function>
    <function>
      <name>org.jdom.PartialList.remove(int)</name>
      <ncss>6</ncss>
      <ccn>2</ccn>
      <javadocs>1</javadocs>
    </function>
    <function>
      <name>org.jdom.PartialList.addPartial(Object)</name>
      <ncss>2</ncss>
      <ccn>1</ccn>
      <javadocs>1</javadocs>
    </function>
    <function>
      <name>org.jdom.PartialList.addAllPartial(Collection)</name>
      <ncss>4</ncss>
      <ccn>2</ccn>
      <javadocs>1</javadocs>
    </function>
    <function>
      <name>org.jdom.ProcessingInstruction.ProcessingInstruction()</name>
      <ncss>1</ncss>
      <ccn>1</ccn>
      <javadocs>1</javadocs>
    </function>
    <function>
      <name>org.jdom.ProcessingInstruction.ProcessingInstruction(String,Map)</name>
      <ncss>6</ncss>
      <ccn>3</ccn>
      <javadocs>1</javadocs>
    </function>
    <function>
      <name>org.jdom.ProcessingInstruction.ProcessingInstruction(String,String)</name>
      <ncss>6</ncss>
      <ccn>3</ccn>
      <javadocs>1</javadocs>
    </function>
    <function>
      <name>org.jdom.ProcessingInstruction.getParent()</name>
      <ncss>2</ncss>
      <ccn>1</ccn>
      <javadocs>1</javadocs>
    </function>
    <function>
      <name>org.jdom.ProcessingInstruction.setParent(Element)</name>
      <ncss>3</ncss>
      <ccn>1</ccn>
      <javadocs>1</javadocs>
    </function>
    <function>
      <name>org.jdom.ProcessingInstruction.getDocument()</name>
      <ncss>7</ncss>
      <ccn>5</ccn>
      <javadocs>1</javadocs>
    </function>
    <function>
      <name>org.jdom.ProcessingInstruction.setDocument(Document)</name>
      <ncss>3</ncss>
      <ccn>1</ccn>
      <javadocs>1</javadocs>
    </function>
    <function>
      <name>org.jdom.ProcessingInstruction.getTarget()</name>
      <ncss>2</ncss>
      <ccn>1</ccn>
      <javadocs>1</javadocs>
    </function>
    <function>
      <name>org.jdom.ProcessingInstruction.getData()</name>
      <ncss>2</ncss>
      <ccn>1</ccn>
      <javadocs>1</javadocs>
    </function>
    <function>
      <name>org.jdom.ProcessingInstruction.setData(String)</name>
      <ncss>4</ncss>
      <ccn>1</ccn>
      <javadocs>1</javadocs>
    </function>
    <function>
      <name>org.jdom.ProcessingInstruction.setData(Map)</name>
      <ncss>4</ncss>
      <ccn>1</ccn>
      <javadocs>1</javadocs>
    </function>
    <function>
      <name>org.jdom.ProcessingInstruction.getValue(String)</name>
      <ncss>4</ncss>
      <ccn>3</ccn>
      <javadocs>1</javadocs>
    </function>
    <function>
      <name>org.jdom.ProcessingInstruction.setValue(String,String)</name>
      <ncss>4</ncss>
      <ccn>1</ccn>
      <javadocs>1</javadocs>
    </function>
    <function>
      <name>org.jdom.ProcessingInstruction.removeValue(String)</name>
      <ncss>5</ncss>
      <ccn>3</ccn>
      <javadocs>1</javadocs>
    </function>
    <function>
      <name>org.jdom.ProcessingInstruction.toString(Map)</name>
      <ncss>9</ncss>
      <ccn>2</ccn>
      <javadocs>1</javadocs>
    </function>
    <function>
      <name>org.jdom.ProcessingInstruction.parseData(String)</name>
      <ncss>10</ncss>
      <ccn>3</ccn>
      <javadocs>1</javadocs>
    </function>
    <function>
      <name>org.jdom.ProcessingInstruction.toString()</name>
      <ncss>2</ncss>
      <ccn>1</ccn>
      <javadocs>1</javadocs>
    </function>
    <function>
      <name>org.jdom.ProcessingInstruction.getSerializedForm()</name>
      <ncss>5</ncss>
      <ccn>3</ccn>
      <javadocs>1</javadocs>
    </function>
    <function>
      <name>org.jdom.ProcessingInstruction.equals(Object)</name>
      <ncss>2</ncss>
      <ccn>1</ccn>
      <javadocs>1</javadocs>
    </function>
    <function>
      <name>org.jdom.ProcessingInstruction.hashCode()</name>
      <ncss>2</ncss>
      <ccn>1</ccn>
      <javadocs>1</javadocs>
    </function>
    <function>
      <name>org.jdom.ProcessingInstruction.clone()</name>
      <ncss>2</ncss>
      <ccn>1</ccn>
      <javadocs>1</javadocs>
    </function>
    <function>
      <name>org.jdom.Verifier.Verifier()</name>
      <ncss>1</ncss>
      <ccn>1</ccn>
      <javadocs>1</javadocs>
    </function>
    <function>
      <name>org.jdom.Verifier.checkElementName(String)</name>
      <ncss>7</ncss>
      <ccn>5</ccn>
      <javadocs>1</javadocs>
    </function>
    <function>
      <name>org.jdom.Verifier.checkAttributeName(String)</name>
      <ncss>11</ncss>
      <ccn>10</ccn>
      <javadocs>1</javadocs>
    </function>
    <function>
      <name>org.jdom.Verifier.checkCharacterData(String)</name>
      <ncss>7</ncss>
      <ccn>6</ccn>
      <javadocs>1</javadocs>
    </function>
    <function>
      <name>org.jdom.Verifier.checkCDATASection(String)</name>
      <ncss>7</ncss>
      <ccn>5</ccn>
      <javadocs>1</javadocs>
    </function>
    <function>
      <name>org.jdom.Verifier.checkNamespacePrefix(String)</name>
      <ncss>21</ncss>
      <ccn>19</ccn>
      <javadocs>1</javadocs>
    </function>
    <function>
      <name>org.jdom.Verifier.checkNamespaceURI(String)</name>
      <ncss>11</ncss>
      <ccn>10</ccn>
      <javadocs>1</javadocs>
    </function>
    <function>
      <name>org.jdom.Verifier.checkProcessingInstructionTarget(String)</name>
      <ncss>9</ncss>
      <ccn>7</ccn>
      <javadocs>1</javadocs>
    </function>
    <function>
      <name>org.jdom.Verifier.checkCommentData(String)</name>
      <ncss>7</ncss>
      <ccn>5</ccn>
      <javadocs>1</javadocs>
    </function>
    <function>
      <name>org.jdom.Verifier.checkXMLName(String)</name>
      <ncss>11</ncss>
      <ccn>10</ccn>
      <javadocs>1</javadocs>
    </function>
    <function>
      <name>org.jdom.Verifier.isXMLCharacter(char)</name>
      <ncss>20</ncss>
      <ccn>19</ccn>
      <javadocs>1</javadocs>
    </function>
    <function>
      <name>org.jdom.Verifier.isXMLNameCharacter(char)</name>
      <ncss>2</ncss>
      <ccn>8</ccn>
      <javadocs>1</javadocs>
    </function>
    <function>
      <name>org.jdom.Verifier.isXMLNameStartCharacter(char)</name>
      <ncss>2</ncss>
      <ccn>3</ccn>
      <javadocs>1</javadocs>
    </function>
    <function>
      <name>org.jdom.Verifier.isXMLLetterOrDigit(char)</name>
      <ncss>2</ncss>
      <ccn>2</ccn>
      <javadocs>1</javadocs>
    </function>
    <function>
      <name>org.jdom.Verifier.isXMLLetter(char)</name>
      <ncss>716</ncss>
      <ccn>715</ccn>
      <javadocs>1</javadocs>
    </function>
    <function>
      <name>org.jdom.Verifier.isXMLCombiningChar(char)</name>
      <ncss>324</ncss>
      <ccn>323</ccn>
      <javadocs>1</javadocs>
    </function>
    <function>
      <name>org.jdom.Verifier.isXMLExtender(char)</name>
      <ncss>32</ncss>
      <ccn>31</ccn>
      <javadocs>1</javadocs>
    </function>
    <function>
      <name>org.jdom.Verifier.isXMLDigit(char)</name>
      <ncss>62</ncss>
      <ccn>61</ccn>
      <javadocs>1</javadocs>
    </function>
    <function>
      <name>org.jdom.Verifier.isXMLLetterOld(char)</name>
      <ncss>412</ncss>
      <ccn>563</ccn>
      <javadocs>0</javadocs>
    </function>
    <function>
      <name>org.jdom.Verifier.isXMLDigitOld(char)</name>
      <ncss>32</ncss>
      <ccn>46</ccn>
      <javadocs>0</javadocs>
    </function>
    <function>
      <name>org.jdom.Verifier.isXMLCombiningCharOld(char)</name>
      <ncss>192</ncss>
      <ccn>257</ccn>
      <javadocs>0</javadocs>
    </function>
    <function>
      <name>org.jdom.Verifier.isXMLExtenderOld(char)</name>
      <ncss>24</ncss>
      <ccn>26</ccn>
      <javadocs>0</javadocs>
    </function>
    <function>
      <name>org.jdom.Verifier.isXMLCharacterOld(char)</name>
      <ncss>14</ncss>
      <ccn>16</ccn>
      <javadocs>0</javadocs>
    </function>
    <function>
      <name>org.jdom.Verifier.main(String[])</name>
      <ncss>16</ncss>
      <ccn>11</ccn>
      <javadocs>0</javadocs>
    </function>
    <function_averages>
      <ncss>10.41</ncss>
      <ccn>7.72</ccn>
      <javadocs>0.96</javadocs>
    </function_averages>
    <ncss>4,773.00</ncss>
  </functions>
</javancss>
