<?xml version="1.0"?>
<javancss>
  <date>2008-09-16</date>
  <time>23:04:30</time>
  <packages>
    <package>
      <name>org.jdom.contrib.beans</name>
      <classes>7</classes>
      <functions>84</functions>
      <ncss>731</ncss>
      <javadocs>36</javadocs>
      <javadoc_lines>341</javadoc_lines>
      <single_comment_lines>103</single_comment_lines>
      <multi_comment_lines>217</multi_comment_lines>
    </package>
    <package>
      <name>org.jdom.contrib.input</name>
      <classes>2</classes>
      <functions>22</functions>
      <ncss>126</ncss>
      <javadocs>22</javadocs>
      <javadoc_lines>250</javadoc_lines>
      <single_comment_lines>4</single_comment_lines>
      <multi_comment_lines>90</multi_comment_lines>
    </package>
    <package>
      <name>org.jdom.contrib.output</name>
      <classes>1</classes>
      <functions>6</functions>
      <ncss>35</ncss>
      <javadocs>2</javadocs>
      <javadoc_lines>12</javadoc_lines>
      <single_comment_lines>1</single_comment_lines>
      <multi_comment_lines>63</multi_comment_lines>
    </package>
    <package>
      <name>org.jdom.contrib.transform</name>
      <classes>2</classes>
      <functions>10</functions>
      <ncss>166</ncss>
      <javadocs>40</javadocs>
      <javadoc_lines>490</javadoc_lines>
      <single_comment_lines>45</single_comment_lines>
      <multi_comment_lines>127</multi_comment_lines>
    </package>
    <package>
      <name>org.jdom.contrib.xpath</name>
      <classes>7</classes>
      <functions>47</functions>
      <ncss>285</ncss>
      <javadocs>41</javadocs>
      <javadoc_lines>164</javadoc_lines>
      <single_comment_lines>11</single_comment_lines>
      <multi_comment_lines>95</multi_comment_lines>
    </package>
    <package>
      <name>org.jdom.contrib.xpath.a</name>
      <classes>10</classes>
      <functions>116</functions>
      <ncss>572</ncss>
      <javadocs>110</javadocs>
      <javadoc_lines>446</javadoc_lines>
      <single_comment_lines>37</single_comment_lines>
      <multi_comment_lines>34</multi_comment_lines>
    </package>
    <package>
      <name>org.jdom.contrib.xpath.impl</name>
      <classes>10</classes>
      <functions>35</functions>
      <ncss>246</ncss>
      <javadocs>20</javadocs>
      <javadoc_lines>82</javadoc_lines>
      <single_comment_lines>22</single_comment_lines>
      <multi_comment_lines>88</multi_comment_lines>
    </package>
    <package>
      <name>org.jdom.contrib.xpath.jdom</name>
      <classes>2</classes>
      <functions>16</functions>
      <ncss>134</ncss>
      <javadocs>11</javadocs>
      <javadoc_lines>39</javadoc_lines>
      <single_comment_lines>8</single_comment_lines>
      <multi_comment_lines>0</multi_comment_lines>
    </package>
    <package>
      <name>org.jdom.contrib.xpath.parser</name>
      <classes>4</classes>
      <functions>68</functions>
      <ncss>1759</ncss>
      <javadocs>0</javadocs>
      <javadoc_lines>0</javadoc_lines>
      <single_comment_lines>35</single_comment_lines>
      <multi_comment_lines>0</multi_comment_lines>
    </package>
    <total>
      <classes>45</classes>
      <functions>404</functions>
      <ncss>4054</ncss>
      <javadocs>282</javadocs>
      <javadoc_lines>1824</javadoc_lines>
      <single_comment_lines>266</single_comment_lines>
      <multi_comment_lines>714</multi_comment_lines>
    </total>
    <table>
      <tr><td>Packages</td><td>Classes</td><td>Functions</td><td>NCSS</td><td>Javadocs</td><td>per</td></tr>
      <tr><td>9.00</td><td>45.00</td><td>404.00</td><td>4,054.00</td><td>282.00</td><td>Project</td></tr>
      <tr><td></td><td>5.00</td><td>44.89</td><td>450.44</td><td>31.33</td><td>Package</td></tr>
      <tr><td></td><td></td><td>8.98</td><td>90.09</td><td>6.27</td><td>Class</td></tr>
      <tr><td></td><td></td><td></td><td>10.03</td><td>0.70</td><td>Function</td></tr>
    </table>
  </packages>

  <objects>
    <object>
      <name>org.jdom.contrib.beans.BeanMapper</name>
      <ncss>371</ncss>
      <functions>41</functions>
      <classes>1</classes>
      <javadocs>22</javadocs>
    </object>
    <object>
      <name>org.jdom.contrib.beans.BeanMapperException</name>
      <ncss>17</ncss>
      <functions>5</functions>
      <classes>0</classes>
      <javadocs>1</javadocs>
    </object>
    <object>
      <name>org.jdom.contrib.beans.DateUtils</name>
      <ncss>80</ncss>
      <functions>5</functions>
      <classes>1</classes>
      <javadocs>3</javadocs>
    </object>
    <object>
      <name>org.jdom.contrib.beans.JDOMBean</name>
      <ncss>66</ncss>
      <functions>10</functions>
      <classes>1</classes>
      <javadocs>9</javadocs>
    </object>
    <object>
      <name>org.jdom.contrib.beans.StringConverter</name>
      <ncss>39</ncss>
      <functions>3</functions>
      <classes>2</classes>
      <javadocs>1</javadocs>
    </object>
    <object>
      <name>org.jdom.contrib.beans.TestBean</name>
      <ncss>45</ncss>
      <functions>10</functions>
      <classes>0</classes>
      <javadocs>0</javadocs>
    </object>
    <object>
      <name>org.jdom.contrib.beans.TestIndexed</name>
      <ncss>65</ncss>
      <functions>10</functions>
      <classes>0</classes>
      <javadocs>0</javadocs>
    </object>
    <object>
      <name>org.jdom.contrib.input.ResultSetBuilder</name>
      <ncss>102</ncss>
      <functions>16</functions>
      <classes>0</classes>
      <javadocs>15</javadocs>
    </object>
    <object>
      <name>org.jdom.contrib.input.SpitfireBuilder</name>
      <ncss>14</ncss>
      <functions>6</functions>
      <classes>0</classes>
      <javadocs>7</javadocs>
    </object>
    <object>
      <name>org.jdom.contrib.output.JTreeOutputter</name>
      <ncss>25</ncss>
      <functions>6</functions>
      <classes>0</classes>
      <javadocs>2</javadocs>
    </object>
    <object>
      <name>org.jdom.contrib.transform.JDOMResult</name>
      <ncss>42</ncss>
      <functions>4</functions>
      <classes>1</classes>
      <javadocs>13</javadocs>
    </object>
    <object>
      <name>org.jdom.contrib.transform.JDOMSource</name>
      <ncss>106</ncss>
      <functions>6</functions>
      <classes>2</classes>
      <javadocs>27</javadocs>
    </object>
    <object>
      <name>org.jdom.contrib.xpath.a.DefaultHandler</name>
      <ncss>21</ncss>
      <functions>19</functions>
      <classes>0</classes>
      <javadocs>14</javadocs>
    </object>
    <object>
      <name>org.jdom.contrib.xpath.a.JDOMLocator</name>
      <ncss>247</ncss>
      <functions>27</functions>
      <classes>2</classes>
      <javadocs>30</javadocs>
    </object>
    <object>
      <name>org.jdom.contrib.xpath.a.ParseUtils</name>
      <ncss>15</ncss>
      <functions>1</functions>
      <classes>0</classes>
      <javadocs>2</javadocs>
    </object>
    <object>
      <name>org.jdom.contrib.xpath.a.PoCParser</name>
      <ncss>91</ncss>
      <functions>12</functions>
      <classes>0</classes>
      <javadocs>13</javadocs>
    </object>
    <object>
      <name>org.jdom.contrib.xpath.a.PoCPredicateParser</name>
      <ncss>72</ncss>
      <functions>7</functions>
      <classes>0</classes>
      <javadocs>6</javadocs>
    </object>
    <object>
      <name>org.jdom.contrib.xpath.a.PrintHandler</name>
      <ncss>53</ncss>
      <functions>22</functions>
      <classes>0</classes>
      <javadocs>17</javadocs>
    </object>
    <object>
      <name>org.jdom.contrib.xpath.a.XPathHandler</name>
      <ncss>12</ncss>
      <functions>11</functions>
      <classes>0</classes>
      <javadocs>12</javadocs>
    </object>
    <object>
      <name>org.jdom.contrib.xpath.a.XPathParser</name>
      <ncss>6</ncss>
      <functions>5</functions>
      <classes>0</classes>
      <javadocs>6</javadocs>
    </object>
    <object>
      <name>org.jdom.contrib.xpath.a.XPathPredicateHandler</name>
      <ncss>22</ncss>
      <functions>7</functions>
      <classes>0</classes>
      <javadocs>4</javadocs>
    </object>
    <object>
      <name>org.jdom.contrib.xpath.a.XPathPredicateParser</name>
      <ncss>6</ncss>
      <functions>5</functions>
      <classes>0</classes>
      <javadocs>6</javadocs>
    </object>
    <object>
      <name>org.jdom.contrib.xpath.Context</name>
      <ncss>2</ncss>
      <functions>1</functions>
      <classes>0</classes>
      <javadocs>0</javadocs>
    </object>
    <object>
      <name>org.jdom.contrib.xpath.impl.Axis</name>
      <ncss>70</ncss>
      <functions>5</functions>
      <classes>0</classes>
      <javadocs>6</javadocs>
    </object>
    <object>
      <name>org.jdom.contrib.xpath.impl.BinaryExpr</name>
      <ncss>27</ncss>
      <functions>2</functions>
      <classes>1</classes>
      <javadocs>0</javadocs>
    </object>
    <object>
      <name>org.jdom.contrib.xpath.impl.LocationPath</name>
      <ncss>21</ncss>
      <functions>6</functions>
      <classes>0</classes>
      <javadocs>3</javadocs>
    </object>
    <object>
      <name>org.jdom.contrib.xpath.impl.NegativeUnaryExpr</name>
      <ncss>7</ncss>
      <functions>2</functions>
      <classes>0</classes>
      <javadocs>0</javadocs>
    </object>
    <object>
      <name>org.jdom.contrib.xpath.impl.Nodetype</name>
      <ncss>35</ncss>
      <functions>5</functions>
      <classes>0</classes>
      <javadocs>6</javadocs>
    </object>
    <object>
      <name>org.jdom.contrib.xpath.impl.PathExpr</name>
      <ncss>1</ncss>
      <functions>0</functions>
      <classes>0</classes>
      <javadocs>0</javadocs>
    </object>
    <object>
      <name>org.jdom.contrib.xpath.impl.Predicate</name>
      <ncss>4</ncss>
      <functions>1</functions>
      <classes>0</classes>
      <javadocs>0</javadocs>
    </object>
    <object>
      <name>org.jdom.contrib.xpath.impl.Step</name>
      <ncss>39</ncss>
      <functions>11</functions>
      <classes>0</classes>
      <javadocs>4</javadocs>
    </object>
    <object>
      <name>org.jdom.contrib.xpath.impl.UnaryExpr</name>
      <ncss>1</ncss>
      <functions>0</functions>
      <classes>0</classes>
      <javadocs>0</javadocs>
    </object>
    <object>
      <name>org.jdom.contrib.xpath.impl.XPathExprImpl</name>
      <ncss>6</ncss>
      <functions>3</functions>
      <classes>0</classes>
      <javadocs>1</javadocs>
    </object>
    <object>
      <name>org.jdom.contrib.xpath.jdom.JDOMContext</name>
      <ncss>16</ncss>
      <functions>4</functions>
      <classes>0</classes>
      <javadocs>0</javadocs>
    </object>
    <object>
      <name>org.jdom.contrib.xpath.jdom.JdomNodeSet</name>
      <ncss>97</ncss>
      <functions>12</functions>
      <classes>0</classes>
      <javadocs>11</javadocs>
    </object>
    <object>
      <name>org.jdom.contrib.xpath.NodeSet</name>
      <ncss>51</ncss>
      <functions>14</functions>
      <classes>1</classes>
      <javadocs>14</javadocs>
    </object>
    <object>
      <name>org.jdom.contrib.xpath.parser.XPathLexer</name>
      <ncss>724</ncss>
      <functions>34</functions>
      <classes>0</classes>
      <javadocs>0</javadocs>
    </object>
    <object>
      <name>org.jdom.contrib.xpath.parser.XPathLexerTokenTypes</name>
      <ncss>37</ncss>
      <functions>0</functions>
      <classes>0</classes>
      <javadocs>0</javadocs>
    </object>
    <object>
      <name>org.jdom.contrib.xpath.parser.XPathRecognizer</name>
      <ncss>918</ncss>
      <functions>34</functions>
      <classes>0</classes>
      <javadocs>0</javadocs>
    </object>
    <object>
      <name>org.jdom.contrib.xpath.parser.xpathTokenTypes</name>
      <ncss>33</ncss>
      <functions>0</functions>
      <classes>0</classes>
      <javadocs>0</javadocs>
    </object>
    <object>
      <name>org.jdom.contrib.xpath.TestDriver</name>
      <ncss>28</ncss>
      <functions>1</functions>
      <classes>0</classes>
      <javadocs>0</javadocs>
    </object>
    <object>
      <name>org.jdom.contrib.xpath.XPath</name>
      <ncss>20</ncss>
      <functions>4</functions>
      <classes>0</classes>
      <javadocs>2</javadocs>
    </object>
    <object>
      <name>org.jdom.contrib.xpath.XPathElement</name>
      <ncss>139</ncss>
      <functions>23</functions>
      <classes>0</classes>
      <javadocs>20</javadocs>
    </object>
    <object>
      <name>org.jdom.contrib.xpath.XPathExpr</name>
      <ncss>3</ncss>
      <functions>2</functions>
      <classes>0</classes>
      <javadocs>2</javadocs>
    </object>
    <object>
      <name>org.jdom.contrib.xpath.XPathParseException</name>
      <ncss>5</ncss>
      <functions>2</functions>
      <classes>0</classes>
      <javadocs>3</javadocs>
    </object>
    <averages>
      <ncss>84.47</ncss>
      <functions>8.98</functions>
      <classes>0.27</classes>
      <javadocs>6.27</javadocs>
    </averages>
    <ncss>4,054.00</ncss>
  </objects>

  <functions>
    <function>
      <name>org.jdom.contrib.beans.BeanMapper.BeanMapper()</name>
      <ncss>1</ncss>
      <ccn>1</ccn>
      <javadocs>1</javadocs>
    </function>
    <function>
      <name>org.jdom.contrib.beans.BeanMapper.setBeanPackage(String)</name>
      <ncss>2</ncss>
      <ccn>1</ccn>
      <javadocs>1</javadocs>
    </function>
    <function>
      <name>org.jdom.contrib.beans.BeanMapper.setNamespace(Namespace)</name>
      <ncss>2</ncss>
      <ccn>1</ccn>
      <javadocs>1</javadocs>
    </function>
    <function>
      <name>org.jdom.contrib.beans.BeanMapper.getStringConverter()</name>
      <ncss>2</ncss>
      <ccn>1</ccn>
      <javadocs>1</javadocs>
    </function>
    <function>
      <name>org.jdom.contrib.beans.BeanMapper.setStringConverter(StringConverter)</name>
      <ncss>2</ncss>
      <ccn>1</ccn>
      <javadocs>1</javadocs>
    </function>
    <function>
      <name>org.jdom.contrib.beans.BeanMapper.setIgnoreNullProperties(boolean)</name>
      <ncss>2</ncss>
      <ccn>1</ccn>
      <javadocs>1</javadocs>
    </function>
    <function>
      <name>org.jdom.contrib.beans.BeanMapper.setIgnoreMissingProperties(boolean)</name>
      <ncss>2</ncss>
      <ccn>1</ccn>
      <javadocs>1</javadocs>
    </function>
    <function>
      <name>org.jdom.contrib.beans.BeanMapper.toDocument(Object)</name>
      <ncss>2</ncss>
      <ccn>1</ccn>
      <javadocs>1</javadocs>
    </function>
    <function>
      <name>org.jdom.contrib.beans.BeanMapper.toDocument(Object,String)</name>
      <ncss>4</ncss>
      <ccn>1</ccn>
      <javadocs>1</javadocs>
    </function>
    <function>
      <name>org.jdom.contrib.beans.BeanMapper.toElement(Object)</name>
      <ncss>2</ncss>
      <ccn>1</ccn>
      <javadocs>1</javadocs>
    </function>
    <function>
      <name>org.jdom.contrib.beans.BeanMapper.toElement(Object,String)</name>
      <ncss>62</ncss>
      <ccn>25</ccn>
      <javadocs>1</javadocs>
    </function>
    <function>
      <name>org.jdom.contrib.beans.BeanMapper.convertValue(Object)</name>
      <ncss>19</ncss>
      <ccn>7</ccn>
      <javadocs>1</javadocs>
    </function>
    <function>
      <name>org.jdom.contrib.beans.BeanMapper.setElementValue(String,String,Element,Element,Object)</name>
      <ncss>20</ncss>
      <ccn>8</ccn>
      <javadocs>0</javadocs>
    </function>
    <function>
      <name>org.jdom.contrib.beans.BeanMapper.toBean(Document)</name>
      <ncss>2</ncss>
      <ccn>1</ccn>
      <javadocs>1</javadocs>
    </function>
    <function>
      <name>org.jdom.contrib.beans.BeanMapper.toBean(Element)</name>
      <ncss>38</ncss>
      <ccn>10</ccn>
      <javadocs>0</javadocs>
    </function>
    <function>
      <name>org.jdom.contrib.beans.BeanMapper.instantiateBean(String)</name>
      <ncss>15</ncss>
      <ccn>8</ccn>
      <javadocs>1</javadocs>
    </function>
    <function>
      <name>org.jdom.contrib.beans.BeanMapper.getBeanClassName(String,String)</name>
      <ncss>2</ncss>
      <ccn>2</ccn>
      <javadocs>0</javadocs>
    </function>
    <function>
      <name>org.jdom.contrib.beans.BeanMapper.findPropertyDescriptor(Object,String)</name>
      <ncss>13</ncss>
      <ccn>9</ccn>
      <javadocs>0</javadocs>
    </function>
    <function>
      <name>org.jdom.contrib.beans.BeanMapper.setProperty(Object,String,Object)</name>
      <ncss>2</ncss>
      <ccn>1</ccn>
      <javadocs>1</javadocs>
    </function>
    <function>
      <name>org.jdom.contrib.beans.BeanMapper.setProperty(Object,PropertyDescriptor,Element,Object)</name>
      <ncss>26</ncss>
      <ccn>12</ccn>
      <javadocs>1</javadocs>
    </function>
    <function>
      <name>org.jdom.contrib.beans.BeanMapper.convertString(String,Class)</name>
      <ncss>7</ncss>
      <ccn>5</ccn>
      <javadocs>0</javadocs>
    </function>
    <function>
      <name>org.jdom.contrib.beans.BeanMapper.convertJDOMValue(Object,Class)</name>
      <ncss>23</ncss>
      <ccn>9</ccn>
      <javadocs>0</javadocs>
    </function>
    <function>
      <name>org.jdom.contrib.beans.BeanMapper.buildArray(PropertyDescriptor,List)</name>
      <ncss>13</ncss>
      <ccn>4</ccn>
      <javadocs>1</javadocs>
    </function>
    <function>
      <name>org.jdom.contrib.beans.BeanMapper.getArrayItemClass(Class)</name>
      <ncss>33</ncss>
      <ccn>10</ccn>
      <javadocs>0</javadocs>
    </function>
    <function>
      <name>org.jdom.contrib.beans.BeanMapper.addMapping(String,String)</name>
      <ncss>2</ncss>
      <ccn>1</ccn>
      <javadocs>1</javadocs>
    </function>
    <function>
      <name>org.jdom.contrib.beans.BeanMapper.addMapping(String,String,String)</name>
      <ncss>2</ncss>
      <ccn>1</ccn>
      <javadocs>1</javadocs>
    </function>
    <function>
      <name>org.jdom.contrib.beans.BeanMapper.addMapping(String,Class,String,String)</name>
      <ncss>2</ncss>
      <ccn>1</ccn>
      <javadocs>1</javadocs>
    </function>
    <function>
      <name>org.jdom.contrib.beans.BeanMapper.addMapping(Mapping)</name>
      <ncss>2</ncss>
      <ccn>1</ccn>
      <javadocs>0</javadocs>
    </function>
    <function>
      <name>org.jdom.contrib.beans.BeanMapper.getMappingForProperty(String)</name>
      <ncss>7</ncss>
      <ccn>5</ccn>
      <javadocs>0</javadocs>
    </function>
    <function>
      <name>org.jdom.contrib.beans.BeanMapper.getMappingForElement(String)</name>
      <ncss>7</ncss>
      <ccn>4</ccn>
      <javadocs>0</javadocs>
    </function>
    <function>
      <name>org.jdom.contrib.beans.BeanMapper.getMappingForAttribute(String,String)</name>
      <ncss>7</ncss>
      <ccn>7</ccn>
      <javadocs>0</javadocs>
    </function>
    <function>
      <name>org.jdom.contrib.beans.BeanMapper.Mapping.Mapping(String,Class,String,String)</name>
      <ncss>5</ncss>
      <ccn>1</ccn>
      <javadocs>1</javadocs>
    </function>
    <function>
      <name>org.jdom.contrib.beans.BeanMapper.ignoreProperty(String)</name>
      <ncss>2</ncss>
      <ccn>1</ccn>
      <javadocs>0</javadocs>
    </function>
    <function>
      <name>org.jdom.contrib.beans.BeanMapper.isIgnoredProperty(String)</name>
      <ncss>2</ncss>
      <ccn>1</ccn>
      <javadocs>0</javadocs>
    </function>
    <function>
      <name>org.jdom.contrib.beans.BeanMapper.ignoreElement(String)</name>
      <ncss>2</ncss>
      <ccn>1</ccn>
      <javadocs>0</javadocs>
    </function>
    <function>
      <name>org.jdom.contrib.beans.BeanMapper.isIgnoredElement(String)</name>
      <ncss>2</ncss>
      <ccn>1</ccn>
      <javadocs>0</javadocs>
    </function>
    <function>
      <name>org.jdom.contrib.beans.BeanMapper.toAttributeString(String,String)</name>
      <ncss>2</ncss>
      <ccn>2</ccn>
      <javadocs>0</javadocs>
    </function>
    <function>
      <name>org.jdom.contrib.beans.BeanMapper.ignoreAttribute(String,String)</name>
      <ncss>2</ncss>
      <ccn>1</ccn>
      <javadocs>0</javadocs>
    </function>
    <function>
      <name>org.jdom.contrib.beans.BeanMapper.isIgnoredAttribute(String,String)</name>
      <ncss>2</ncss>
      <ccn>1</ccn>
      <javadocs>0</javadocs>
    </function>
    <function>
      <name>org.jdom.contrib.beans.BeanMapper.createElement(String)</name>
      <ncss>2</ncss>
      <ccn>2</ccn>
      <javadocs>0</javadocs>
    </function>
    <function>
      <name>org.jdom.contrib.beans.BeanMapper.unpackage(String)</name>
      <ncss>6</ncss>
      <ccn>2</ccn>
      <javadocs>0</javadocs>
    </function>
    <function>
      <name>org.jdom.contrib.beans.BeanMapper.debug(String)</name>
      <ncss>3</ncss>
      <ccn>2</ccn>
      <javadocs>0</javadocs>
    </function>
    <function>
      <name>org.jdom.contrib.beans.BeanMapperException.BeanMapperException(Exception)</name>
      <ncss>3</ncss>
      <ccn>1</ccn>
      <javadocs>0</javadocs>
    </function>
    <function>
      <name>org.jdom.contrib.beans.BeanMapperException.BeanMapperException(String,Exception)</name>
      <ncss>3</ncss>
      <ccn>1</ccn>
      <javadocs>0</javadocs>
    </function>
    <function>
      <name>org.jdom.contrib.beans.BeanMapperException.BeanMapperException(String)</name>
      <ncss>2</ncss>
      <ccn>1</ccn>
      <javadocs>0</javadocs>
    </function>
    <function>
      <name>org.jdom.contrib.beans.BeanMapperException.getRootCause()</name>
      <ncss>2</ncss>
      <ccn>1</ccn>
      <javadocs>0</javadocs>
    </function>
    <function>
      <name>org.jdom.contrib.beans.BeanMapperException.printStackTrace()</name>
      <ncss>5</ncss>
      <ccn>2</ccn>
      <javadocs>0</javadocs>
    </function>
    <function>
      <name>org.jdom.contrib.beans.DateUtils.parseDate(String)</name>
      <ncss>28</ncss>
      <ccn>10</ccn>
      <javadocs>1</javadocs>
    </function>
    <function>
      <name>org.jdom.contrib.beans.DateUtils.parseISO8601(String)</name>
      <ncss>27</ncss>
      <ccn>6</ccn>
      <javadocs>0</javadocs>
    </function>
    <function>
      <name>org.jdom.contrib.beans.DateUtils.toInt(String)</name>
      <ncss>6</ncss>
      <ccn>5</ccn>
      <javadocs>0</javadocs>
    </function>
    <function>
      <name>org.jdom.contrib.beans.DateUtils.showParens(RE)</name>
      <ncss>3</ncss>
      <ccn>2</ccn>
      <javadocs>1</javadocs>
    </function>
    <function>
      <name>org.jdom.contrib.beans.DateUtils.main(String[])</name>
      <ncss>4</ncss>
      <ccn>2</ccn>
      <javadocs>0</javadocs>
    </function>
    <function>
      <name>org.jdom.contrib.beans.JDOMBean.JDOMBean()</name>
      <ncss>2</ncss>
      <ccn>1</ccn>
      <javadocs>1</javadocs>
    </function>
    <function>
      <name>org.jdom.contrib.beans.JDOMBean.JDOMBean(String)</name>
      <ncss>2</ncss>
      <ccn>1</ccn>
      <javadocs>1</javadocs>
    </function>
    <function>
      <name>org.jdom.contrib.beans.JDOMBean.setParser(String)</name>
      <ncss>3</ncss>
      <ccn>1</ccn>
      <javadocs>1</javadocs>
    </function>
    <function>
      <name>org.jdom.contrib.beans.JDOMBean.getParser()</name>
      <ncss>2</ncss>
      <ccn>1</ccn>
      <javadocs>1</javadocs>
    </function>
    <function>
      <name>org.jdom.contrib.beans.JDOMBean.setFileRoot(String)</name>
      <ncss>5</ncss>
      <ccn>2</ccn>
      <javadocs>1</javadocs>
    </function>
    <function>
      <name>org.jdom.contrib.beans.JDOMBean.getFileRoot()</name>
      <ncss>5</ncss>
      <ccn>3</ccn>
      <javadocs>1</javadocs>
    </function>
    <function>
      <name>org.jdom.contrib.beans.JDOMBean.getDocument(String)</name>
      <ncss>8</ncss>
      <ccn>3</ccn>
      <javadocs>1</javadocs>
    </function>
    <function>
      <name>org.jdom.contrib.beans.JDOMBean.getRootElement(String)</name>
      <ncss>5</ncss>
      <ccn>3</ccn>
      <javadocs>1</javadocs>
    </function>
    <function>
      <name>org.jdom.contrib.beans.JDOMBean.getFile(String)</name>
      <ncss>6</ncss>
      <ccn>3</ccn>
      <javadocs>0</javadocs>
    </function>
    <function>
      <name>org.jdom.contrib.beans.JDOMBean.FileInfo.FileInfo(String,long,Document)</name>
      <ncss>4</ncss>
      <ccn>1</ccn>
      <javadocs>0</javadocs>
    </function>
    <function>
      <name>org.jdom.contrib.beans.JDOMBean.main(String[])</name>
      <ncss>14</ncss>
      <ccn>3</ccn>
      <javadocs>0</javadocs>
    </function>
    <function>
      <name>org.jdom.contrib.beans.StringConverter.Factory.instantiate(String)</name>
      <ncss>1</ncss>
      <ccn>1</ccn>
      <javadocs>0</javadocs>
    </function>
    <function>
      <name>org.jdom.contrib.beans.StringConverter.DateFactory.instantiate(String)</name>
      <ncss>2</ncss>
      <ccn>1</ccn>
      <javadocs>0</javadocs>
    </function>
    <function>
      <name>org.jdom.contrib.beans.StringConverter.StringConverter()</name>
      <ncss>3</ncss>
      <ccn>2</ccn>
      <javadocs>0</javadocs>
    </function>
    <function>
      <name>org.jdom.contrib.beans.StringConverter.setFactory(Class,Factory)</name>
      <ncss>2</ncss>
      <ccn>1</ccn>
      <javadocs>0</javadocs>
    </function>
    <function>
      <name>org.jdom.contrib.beans.StringConverter.parse(String,Class)</name>
      <ncss>26</ncss>
      <ccn>15</ccn>
      <javadocs>0</javadocs>
    </function>
    <function>
      <name>org.jdom.contrib.beans.TestBean.getName()</name>
      <ncss>2</ncss>
      <ccn>1</ccn>
      <javadocs>0</javadocs>
    </function>
    <function>
      <name>org.jdom.contrib.beans.TestBean.getAge()</name>
      <ncss>2</ncss>
      <ccn>1</ccn>
      <javadocs>0</javadocs>
    </function>
    <function>
      <name>org.jdom.contrib.beans.TestBean.getBirthdate()</name>
      <ncss>2</ncss>
      <ccn>1</ccn>
      <javadocs>0</javadocs>
    </function>
    <function>
      <name>org.jdom.contrib.beans.TestBean.getFriend()</name>
      <ncss>2</ncss>
      <ccn>1</ccn>
      <javadocs>0</javadocs>
    </function>
    <function>
      <name>org.jdom.contrib.beans.TestBean.setName(String)</name>
      <ncss>2</ncss>
      <ccn>1</ccn>
      <javadocs>0</javadocs>
    </function>
    <function>
      <name>org.jdom.contrib.beans.TestBean.setAge(int)</name>
      <ncss>2</ncss>
      <ccn>1</ccn>
      <javadocs>0</javadocs>
    </function>
    <function>
      <name>org.jdom.contrib.beans.TestBean.setBirthdate(Date)</name>
      <ncss>2</ncss>
      <ccn>1</ccn>
      <javadocs>0</javadocs>
    </function>
    <function>
      <name>org.jdom.contrib.beans.TestBean.setFriend(TestBean)</name>
      <ncss>2</ncss>
      <ccn>1</ccn>
      <javadocs>0</javadocs>
    </function>
    <function>
      <name>org.jdom.contrib.beans.TestBean.toString()</name>
      <ncss>2</ncss>
      <ccn>1</ccn>
      <javadocs>0</javadocs>
    </function>
    <function>
      <name>org.jdom.contrib.beans.TestBean.main(String[])</name>
      <ncss>22</ncss>
      <ccn>2</ccn>
      <javadocs>0</javadocs>
    </function>
    <function>
      <name>org.jdom.contrib.beans.TestIndexed.getName()</name>
      <ncss>2</ncss>
      <ccn>1</ccn>
      <javadocs>0</javadocs>
    </function>
    <function>
      <name>org.jdom.contrib.beans.TestIndexed.setName(String)</name>
      <ncss>2</ncss>
      <ccn>1</ccn>
      <javadocs>0</javadocs>
    </function>
    <function>
      <name>org.jdom.contrib.beans.TestIndexed.getTopping(int)</name>
      <ncss>2</ncss>
      <ccn>1</ccn>
      <javadocs>0</javadocs>
    </function>
    <function>
      <name>org.jdom.contrib.beans.TestIndexed.setTopping(int,String)</name>
      <ncss>4</ncss>
      <ccn>2</ccn>
      <javadocs>0</javadocs>
    </function>
    <function>
      <name>org.jdom.contrib.beans.TestIndexed.getTopping()</name>
      <ncss>5</ncss>
      <ccn>2</ccn>
      <javadocs>0</javadocs>
    </function>
    <function>
      <name>org.jdom.contrib.beans.TestIndexed.setTopping(String[])</name>
      <ncss>3</ncss>
      <ccn>2</ccn>
      <javadocs>0</javadocs>
    </function>
    <function>
      <name>org.jdom.contrib.beans.TestIndexed.getMeasurements()</name>
      <ncss>2</ncss>
      <ccn>1</ccn>
      <javadocs>0</javadocs>
    </function>
    <function>
      <name>org.jdom.contrib.beans.TestIndexed.setMeasurements(measurements[])</name>
      <ncss>2</ncss>
      <ccn>1</ccn>
      <javadocs>0</javadocs>
    </function>
    <function>
      <name>org.jdom.contrib.beans.TestIndexed.toString()</name>
      <ncss>10</ncss>
      <ccn>3</ccn>
      <javadocs>0</javadocs>
    </function>
    <function>
      <name>org.jdom.contrib.beans.TestIndexed.main(String[])</name>
      <ncss>29</ncss>
      <ccn>3</ccn>
      <javadocs>0</javadocs>
    </function>
    <function>
      <name>org.jdom.contrib.input.ResultSetBuilder.ResultSetBuilder(ResultSet)</name>
      <ncss>5</ncss>
      <ccn>2</ccn>
      <javadocs>1</javadocs>
    </function>
    <function>
      <name>org.jdom.contrib.input.ResultSetBuilder.ResultSetBuilder(ResultSet,String,String)</name>
      <ncss>4</ncss>
      <ccn>1</ccn>
      <javadocs>1</javadocs>
    </function>
    <function>
      <name>org.jdom.contrib.input.ResultSetBuilder.ResultSetBuilder(ResultSet,String,String,Namespace)</name>
      <ncss>3</ncss>
      <ccn>1</ccn>
      <javadocs>1</javadocs>
    </function>
    <function>
      <name>org.jdom.contrib.input.ResultSetBuilder.build()</name>
      <ncss>34</ncss>
      <ccn>15</ccn>
      <javadocs>1</javadocs>
    </function>
    <function>
      <name>org.jdom.contrib.input.ResultSetBuilder.lookupName(String)</name>
      <ncss>6</ncss>
      <ccn>3</ccn>
      <javadocs>0</javadocs>
    </function>
    <function>
      <name>org.jdom.contrib.input.ResultSetBuilder.isAttribute(String)</name>
      <ncss>6</ncss>
      <ccn>3</ccn>
      <javadocs>0</javadocs>
    </function>
    <function>
      <name>org.jdom.contrib.input.ResultSetBuilder.setRootName(String)</name>
      <ncss>2</ncss>
      <ccn>1</ccn>
      <javadocs>1</javadocs>
    </function>
    <function>
      <name>org.jdom.contrib.input.ResultSetBuilder.setRowName(String)</name>
      <ncss>2</ncss>
      <ccn>1</ccn>
      <javadocs>1</javadocs>
    </function>
    <function>
      <name>org.jdom.contrib.input.ResultSetBuilder.setNamespace(Namespace)</name>
      <ncss>2</ncss>
      <ccn>1</ccn>
      <javadocs>1</javadocs>
    </function>
    <function>
      <name>org.jdom.contrib.input.ResultSetBuilder.setMaxRows(int)</name>
      <ncss>2</ncss>
      <ccn>1</ccn>
      <javadocs>1</javadocs>
    </function>
    <function>
      <name>org.jdom.contrib.input.ResultSetBuilder.setAsAttribute(String)</name>
      <ncss>2</ncss>
      <ccn>1</ccn>
      <javadocs>1</javadocs>
    </function>
    <function>
      <name>org.jdom.contrib.input.ResultSetBuilder.setAsAttribute(String,String)</name>
      <ncss>3</ncss>
      <ccn>1</ccn>
      <javadocs>1</javadocs>
    </function>
    <function>
      <name>org.jdom.contrib.input.ResultSetBuilder.setAsAttribute(int)</name>
      <ncss>5</ncss>
      <ccn>2</ccn>
      <javadocs>1</javadocs>
    </function>
    <function>
      <name>org.jdom.contrib.input.ResultSetBuilder.setAsAttribute(int,String)</name>
      <ncss>6</ncss>
      <ccn>2</ccn>
      <javadocs>1</javadocs>
    </function>
    <function>
      <name>org.jdom.contrib.input.ResultSetBuilder.setAsElement(String,String)</name>
      <ncss>4</ncss>
      <ccn>1</ccn>
      <javadocs>1</javadocs>
    </function>
    <function>
      <name>org.jdom.contrib.input.ResultSetBuilder.setAsElement(int,String)</name>
      <ncss>6</ncss>
      <ccn>2</ccn>
      <javadocs>1</javadocs>
    </function>
    <function>
      <name>org.jdom.contrib.input.SpitfireBuilder.SpitfireBuilder()</name>
      <ncss>2</ncss>
      <ccn>1</ccn>
      <javadocs>1</javadocs>
    </function>
    <function>
      <name>org.jdom.contrib.input.SpitfireBuilder.SpitfireBuilder(boolean)</name>
      <ncss>2</ncss>
      <ccn>1</ccn>
      <javadocs>1</javadocs>
    </function>
    <function>
      <name>org.jdom.contrib.input.SpitfireBuilder.build(InputStream)</name>
      <ncss>2</ncss>
      <ccn>1</ccn>
      <javadocs>1</javadocs>
    </function>
    <function>
      <name>org.jdom.contrib.input.SpitfireBuilder.build(File)</name>
      <ncss>2</ncss>
      <ccn>1</ccn>
      <javadocs>1</javadocs>
    </function>
    <function>
      <name>org.jdom.contrib.input.SpitfireBuilder.build(URL)</name>
      <ncss>2</ncss>
      <ccn>1</ccn>
      <javadocs>1</javadocs>
    </function>
    <function>
      <name>org.jdom.contrib.input.SpitfireBuilder.build(String)</name>
      <ncss>2</ncss>
      <ccn>1</ccn>
      <javadocs>1</javadocs>
    </function>
    <function>
      <name>org.jdom.contrib.output.JTreeOutputter.JTreeOutputter()</name>
      <ncss>1</ncss>
      <ccn>1</ccn>
      <javadocs>0</javadocs>
    </function>
    <function>
      <name>org.jdom.contrib.output.JTreeOutputter.JTreeOutputter(boolean)</name>
      <ncss>1</ncss>
      <ccn>1</ccn>
      <javadocs>0</javadocs>
    </function>
    <function>
      <name>org.jdom.contrib.output.JTreeOutputter.output(Document,DefaultMutableTreeNode)</name>
      <ncss>2</ncss>
      <ccn>1</ccn>
      <javadocs>1</javadocs>
    </function>
    <function>
      <name>org.jdom.contrib.output.JTreeOutputter.output(Element,DefaultMutableTreeNode)</name>
      <ncss>2</ncss>
      <ccn>1</ccn>
      <javadocs>1</javadocs>
    </function>
    <function>
      <name>org.jdom.contrib.output.JTreeOutputter.processElement(Element,DefaultMutableTreeNode)</name>
      <ncss>11</ncss>
      <ccn>4</ccn>
      <javadocs>0</javadocs>
    </function>
    <function>
      <name>org.jdom.contrib.output.JTreeOutputter.processAttributes(Element,DefaultMutableTreeNode)</name>
      <ncss>7</ncss>
      <ccn>2</ccn>
      <javadocs>0</javadocs>
    </function>
    <function>
      <name>org.jdom.contrib.transform.JDOMResult.JDOMResult()</name>
      <ncss>4</ncss>
      <ccn>1</ccn>
      <javadocs>1</javadocs>
    </function>
    <function>
      <name>org.jdom.contrib.transform.JDOMResult.getDocument()</name>
      <ncss>2</ncss>
      <ccn>1</ccn>
      <javadocs>1</javadocs>
    </function>
    <function>
      <name>org.jdom.contrib.transform.JDOMResult.setHandler(ContentHandler)</name>
      <ncss>1</ncss>
      <ccn>1</ccn>
      <javadocs>1</javadocs>
    </function>
    <function>
      <name>org.jdom.contrib.transform.JDOMResult.setLexicalHandler(LexicalHandler)</name>
      <ncss>1</ncss>
      <ccn>1</ccn>
      <javadocs>1</javadocs>
    </function>
    <function>
      <name>org.jdom.contrib.transform.JDOMResult.DocumentBuilder.DocumentBuilder()</name>
      <ncss>1</ncss>
      <ccn>1</ccn>
      <javadocs>1</javadocs>
    </function>
    <function>
      <name>org.jdom.contrib.transform.JDOMResult.DocumentBuilder.getDocument()</name>
      <ncss>2</ncss>
      <ccn>2</ccn>
      <javadocs>0</javadocs>
    </function>
    <function>
      <name>org.jdom.contrib.transform.JDOMResult.DocumentBuilder.startDocument()</name>
      <ncss>8</ncss>
      <ccn>3</ccn>
      <javadocs>0</javadocs>
    </function>
    <function>
      <name>org.jdom.contrib.transform.JDOMResult.DocumentBuilder.endDocument()</name>
      <ncss>3</ncss>
      <ccn>1</ccn>
      <javadocs>0</javadocs>
    </function>
    <function>
      <name>org.jdom.contrib.transform.JDOMResult.DocumentBuilder.startDTD(String,String,String)</name>
      <ncss>2</ncss>
      <ccn>1</ccn>
      <javadocs>1</javadocs>
    </function>
    <function>
      <name>org.jdom.contrib.transform.JDOMResult.DocumentBuilder.endDTD()</name>
      <ncss>2</ncss>
      <ccn>1</ccn>
      <javadocs>1</javadocs>
    </function>
    <function>
      <name>org.jdom.contrib.transform.JDOMResult.DocumentBuilder.startEntity(String)</name>
      <ncss>2</ncss>
      <ccn>1</ccn>
      <javadocs>1</javadocs>
    </function>
    <function>
      <name>org.jdom.contrib.transform.JDOMResult.DocumentBuilder.endEntity(String)</name>
      <ncss>2</ncss>
      <ccn>1</ccn>
      <javadocs>1</javadocs>
    </function>
    <function>
      <name>org.jdom.contrib.transform.JDOMResult.DocumentBuilder.startCDATA()</name>
      <ncss>2</ncss>
      <ccn>1</ccn>
      <javadocs>1</javadocs>
    </function>
    <function>
      <name>org.jdom.contrib.transform.JDOMResult.DocumentBuilder.endCDATA()</name>
      <ncss>2</ncss>
      <ccn>1</ccn>
      <javadocs>1</javadocs>
    </function>
    <function>
      <name>org.jdom.contrib.transform.JDOMResult.DocumentBuilder.comment(char[],int,int)</name>
      <ncss>2</ncss>
      <ccn>1</ccn>
      <javadocs>1</javadocs>
    </function>
    <function>
      <name>org.jdom.contrib.transform.JDOMSource.JDOMSource(Document)</name>
      <ncss>2</ncss>
      <ccn>1</ccn>
      <javadocs>1</javadocs>
    </function>
    <function>
      <name>org.jdom.contrib.transform.JDOMSource.setDocument(Document)</name>
      <ncss>2</ncss>
      <ccn>1</ccn>
      <javadocs>1</javadocs>
    </function>
    <function>
      <name>org.jdom.contrib.transform.JDOMSource.getDocument()</name>
      <ncss>2</ncss>
      <ccn>1</ccn>
      <javadocs>1</javadocs>
    </function>
    <function>
      <name>org.jdom.contrib.transform.JDOMSource.setInputSource(InputSource)</name>
      <ncss>2</ncss>
      <ccn>2</ccn>
      <javadocs>1</javadocs>
    </function>
    <function>
      <name>org.jdom.contrib.transform.JDOMSource.setXMLReader(XMLReader)</name>
      <ncss>5</ncss>
      <ccn>3</ccn>
      <javadocs>1</javadocs>
    </function>
    <function>
      <name>org.jdom.contrib.transform.JDOMSource.getXMLReader()</name>
      <ncss>9</ncss>
      <ccn>3</ccn>
      <javadocs>1</javadocs>
    </function>
    <function>
      <name>org.jdom.contrib.transform.JDOMSource.JDOMInputSource.JDOMInputSource(Document)</name>
      <ncss>2</ncss>
      <ccn>1</ccn>
      <javadocs>1</javadocs>
    </function>
    <function>
      <name>org.jdom.contrib.transform.JDOMSource.JDOMInputSource.setDocument(Document)</name>
      <ncss>4</ncss>
      <ccn>3</ccn>
      <javadocs>1</javadocs>
    </function>
    <function>
      <name>org.jdom.contrib.transform.JDOMSource.JDOMInputSource.getDocument()</name>
      <ncss>2</ncss>
      <ccn>1</ccn>
      <javadocs>1</javadocs>
    </function>
    <function>
      <name>org.jdom.contrib.transform.JDOMSource.JDOMInputSource.setCharacterStream(Reader)</name>
      <ncss>2</ncss>
      <ccn>2</ccn>
      <javadocs>1</javadocs>
    </function>
    <function>
      <name>org.jdom.contrib.transform.JDOMSource.JDOMInputSource.Reader$1.read(char[],int,int)</name>
      <ncss>2</ncss>
      <ccn>2</ccn>
      <javadocs>0</javadocs>
    </function>
    <function>
      <name>org.jdom.contrib.transform.JDOMSource.JDOMInputSource.Reader$1.close()</name>
      <ncss>2</ncss>
      <ccn>1</ccn>
      <javadocs>0</javadocs>
    </function>
    <function>
      <name>org.jdom.contrib.transform.JDOMSource.JDOMInputSource.getCharacterStream()</name>
      <ncss>12</ncss>
      <ccn>3</ccn>
      <javadocs>1</javadocs>
    </function>
    <function>
      <name>org.jdom.contrib.transform.JDOMSource.DocumentReader.DocumentReader()</name>
      <ncss>1</ncss>
      <ccn>1</ccn>
      <javadocs>1</javadocs>
    </function>
    <function>
      <name>org.jdom.contrib.transform.JDOMSource.DocumentReader.setFeature(String,boolean)</name>
      <ncss>5</ncss>
      <ccn>4</ccn>
      <javadocs>1</javadocs>
    </function>
    <function>
      <name>org.jdom.contrib.transform.JDOMSource.DocumentReader.getFeature(String)</name>
      <ncss>8</ncss>
      <ccn>6</ccn>
      <javadocs>1</javadocs>
    </function>
    <function>
      <name>org.jdom.contrib.transform.JDOMSource.DocumentReader.setProperty(String,Object)</name>
      <ncss>2</ncss>
      <ccn>2</ccn>
      <javadocs>1</javadocs>
    </function>
    <function>
      <name>org.jdom.contrib.transform.JDOMSource.DocumentReader.getProperty(String)</name>
      <ncss>2</ncss>
      <ccn>2</ccn>
      <javadocs>1</javadocs>
    </function>
    <function>
      <name>org.jdom.contrib.transform.JDOMSource.DocumentReader.setContentHandler(ContentHandler)</name>
      <ncss>3</ncss>
      <ccn>1</ccn>
      <javadocs>1</javadocs>
    </function>
    <function>
      <name>org.jdom.contrib.transform.JDOMSource.DocumentReader.getContentHandler()</name>
      <ncss>2</ncss>
      <ccn>1</ccn>
      <javadocs>1</javadocs>
    </function>
    <function>
      <name>org.jdom.contrib.transform.JDOMSource.DocumentReader.setDTDHandler(DTDHandler)</name>
      <ncss>5</ncss>
      <ccn>3</ccn>
      <javadocs>1</javadocs>
    </function>
    <function>
      <name>org.jdom.contrib.transform.JDOMSource.DocumentReader.getDTDHandler()</name>
      <ncss>2</ncss>
      <ccn>1</ccn>
      <javadocs>1</javadocs>
    </function>
    <function>
      <name>org.jdom.contrib.transform.JDOMSource.DocumentReader.setErrorHandler(ErrorHandler)</name>
      <ncss>3</ncss>
      <ccn>1</ccn>
      <javadocs>1</javadocs>
    </function>
    <function>
      <name>org.jdom.contrib.transform.JDOMSource.DocumentReader.getErrorHandler()</name>
      <ncss>2</ncss>
      <ccn>1</ccn>
      <javadocs>1</javadocs>
    </function>
    <function>
      <name>org.jdom.contrib.transform.JDOMSource.DocumentReader.setEntityResolver(EntityResolver)</name>
      <ncss>5</ncss>
      <ccn>3</ccn>
      <javadocs>1</javadocs>
    </function>
    <function>
      <name>org.jdom.contrib.transform.JDOMSource.DocumentReader.getEntityResolver()</name>
      <ncss>2</ncss>
      <ccn>1</ccn>
      <javadocs>1</javadocs>
    </function>
    <function>
      <name>org.jdom.contrib.transform.JDOMSource.DocumentReader.parse(String)</name>
      <ncss>2</ncss>
      <ccn>2</ccn>
      <javadocs>1</javadocs>
    </function>
    <function>
      <name>org.jdom.contrib.transform.JDOMSource.DocumentReader.parse(InputSource)</name>
      <ncss>7</ncss>
      <ccn>5</ccn>
      <javadocs>1</javadocs>
    </function>
    <function>
      <name>org.jdom.contrib.xpath.a.DefaultHandler.startParsingXPath()</name>
      <ncss>1</ncss>
      <ccn>1</ccn>
      <javadocs>1</javadocs>
    </function>
    <function>
      <name>org.jdom.contrib.xpath.a.DefaultHandler.endParsingXPath()</name>
      <ncss>1</ncss>
      <ccn>1</ccn>
      <javadocs>1</javadocs>
    </function>
    <function>
      <name>org.jdom.contrib.xpath.a.DefaultHandler.startPath()</name>
      <ncss>1</ncss>
      <ccn>1</ccn>
      <javadocs>1</javadocs>
    </function>
    <function>
      <name>org.jdom.contrib.xpath.a.DefaultHandler.endPath()</name>
      <ncss>1</ncss>
      <ccn>1</ccn>
      <javadocs>1</javadocs>
    </function>
    <function>
      <name>org.jdom.contrib.xpath.a.DefaultHandler.absolute()</name>
      <ncss>1</ncss>
      <ccn>1</ccn>
      <javadocs>1</javadocs>
    </function>
    <function>
      <name>org.jdom.contrib.xpath.a.DefaultHandler.startStep()</name>
      <ncss>1</ncss>
      <ccn>1</ccn>
      <javadocs>1</javadocs>
    </function>
    <function>
      <name>org.jdom.contrib.xpath.a.DefaultHandler.nametest(String,String,String)</name>
      <ncss>1</ncss>
      <ccn>1</ccn>
      <javadocs>1</javadocs>
    </function>
    <function>
      <name>org.jdom.contrib.xpath.a.DefaultHandler.nodetype(String,String,String)</name>
      <ncss>1</ncss>
      <ccn>1</ccn>
      <javadocs>1</javadocs>
    </function>
    <function>
      <name>org.jdom.contrib.xpath.a.DefaultHandler.getXPathPredicateHandler()</name>
      <ncss>2</ncss>
      <ccn>1</ccn>
      <javadocs>1</javadocs>
    </function>
    <function>
      <name>org.jdom.contrib.xpath.a.DefaultHandler.endXPathPredicateHandler(XPathPredicateHandler)</name>
      <ncss>1</ncss>
      <ccn>1</ccn>
      <javadocs>1</javadocs>
    </function>
    <function>
      <name>org.jdom.contrib.xpath.a.DefaultHandler.endStep()</name>
      <ncss>1</ncss>
      <ccn>1</ccn>
      <javadocs>1</javadocs>
    </function>
    <function>
      <name>org.jdom.contrib.xpath.a.DefaultHandler.startPredicate()</name>
      <ncss>1</ncss>
      <ccn>1</ccn>
      <javadocs>1</javadocs>
    </function>
    <function>
      <name>org.jdom.contrib.xpath.a.DefaultHandler.endPredicate()</name>
      <ncss>1</ncss>
      <ccn>1</ccn>
      <javadocs>1</javadocs>
    </function>
    <function>
      <name>org.jdom.contrib.xpath.a.DefaultHandler.predicate(String)</name>
      <ncss>1</ncss>
      <ccn>1</ccn>
      <javadocs>0</javadocs>
    </function>
    <function>
      <name>org.jdom.contrib.xpath.a.DefaultHandler.opcode(int)</name>
      <ncss>1</ncss>
      <ccn>1</ccn>
      <javadocs>0</javadocs>
    </function>
    <function>
      <name>org.jdom.contrib.xpath.a.DefaultHandler.variable(String)</name>
      <ncss>1</ncss>
      <ccn>1</ccn>
      <javadocs>0</javadocs>
    </function>
    <function>
      <name>org.jdom.contrib.xpath.a.DefaultHandler.literal(String)</name>
      <ncss>1</ncss>
      <ccn>1</ccn>
      <javadocs>0</javadocs>
    </function>
    <function>
      <name>org.jdom.contrib.xpath.a.DefaultHandler.number(String)</name>
      <ncss>1</ncss>
      <ccn>1</ccn>
      <javadocs>0</javadocs>
    </function>
    <function>
      <name>org.jdom.contrib.xpath.a.DefaultHandler.function(String,String[])</name>
      <ncss>1</ncss>
      <ccn>1</ccn>
      <javadocs>0</javadocs>
    </function>
    <function>
      <name>org.jdom.contrib.xpath.a.JDOMLocator.setMatchList(List)</name>
      <ncss>2</ncss>
      <ccn>1</ccn>
      <javadocs>1</javadocs>
    </function>
    <function>
      <name>org.jdom.contrib.xpath.a.JDOMLocator.setContextElement(Element)</name>
      <ncss>2</ncss>
      <ccn>1</ccn>
      <javadocs>1</javadocs>
    </function>
    <function>
      <name>org.jdom.contrib.xpath.a.JDOMLocator.setParser(XPathParser)</name>
      <ncss>2</ncss>
      <ccn>1</ccn>
      <javadocs>1</javadocs>
    </function>
    <function>
      <name>org.jdom.contrib.xpath.a.JDOMLocator.match(String)</name>
      <ncss>8</ncss>
      <ccn>2</ccn>
      <javadocs>1</javadocs>
    </function>
    <function>
      <name>org.jdom.contrib.xpath.a.JDOMLocator.startParsingXPath()</name>
      <ncss>7</ncss>
      <ccn>4</ccn>
      <javadocs>1</javadocs>
    </function>
    <function>
      <name>org.jdom.contrib.xpath.a.JDOMLocator.endParsingXPath()</name>
      <ncss>2</ncss>
      <ccn>1</ccn>
      <javadocs>1</javadocs>
    </function>
    <function>
      <name>org.jdom.contrib.xpath.a.JDOMLocator.startPath()</name>
      <ncss>3</ncss>
      <ccn>1</ccn>
      <javadocs>1</javadocs>
    </function>
    <function>
      <name>org.jdom.contrib.xpath.a.JDOMLocator.endPath()</name>
      <ncss>4</ncss>
      <ccn>1</ccn>
      <javadocs>1</javadocs>
    </function>
    <function>
      <name>org.jdom.contrib.xpath.a.JDOMLocator.absolute()</name>
      <ncss>5</ncss>
      <ccn>1</ccn>
      <javadocs>1</javadocs>
    </function>
    <function>
      <name>org.jdom.contrib.xpath.a.JDOMLocator.startStep()</name>
      <ncss>2</ncss>
      <ccn>1</ccn>
      <javadocs>1</javadocs>
    </function>
    <function>
      <name>org.jdom.contrib.xpath.a.JDOMLocator.nametest(String,String,String)</name>
      <ncss>2</ncss>
      <ccn>1</ccn>
      <javadocs>1</javadocs>
    </function>
    <function>
      <name>org.jdom.contrib.xpath.a.JDOMLocator.nodetype(String,String,String)</name>
      <ncss>2</ncss>
      <ccn>1</ccn>
      <javadocs>1</javadocs>
    </function>
    <function>
      <name>org.jdom.contrib.xpath.a.JDOMLocator.startXPathPredicate()</name>
      <ncss>3</ncss>
      <ccn>1</ccn>
      <javadocs>1</javadocs>
    </function>
    <function>
      <name>org.jdom.contrib.xpath.a.JDOMLocator.endXPathPredicate(XPathPredicateHandler)</name>
      <ncss>9</ncss>
      <ccn>4</ccn>
      <javadocs>1</javadocs>
    </function>
    <function>
      <name>org.jdom.contrib.xpath.a.JDOMLocator.endStep()</name>
      <ncss>4</ncss>
      <ccn>1</ccn>
      <javadocs>1</javadocs>
    </function>
    <function>
      <name>org.jdom.contrib.xpath.a.JDOMLocator.print(Object)</name>
      <ncss>3</ncss>
      <ccn>2</ccn>
      <javadocs>1</javadocs>
    </function>
    <function>
      <name>org.jdom.contrib.xpath.a.JDOMLocator.println(Object)</name>
      <ncss>3</ncss>
      <ccn>2</ccn>
      <javadocs>1</javadocs>
    </function>
    <function>
      <name>org.jdom.contrib.xpath.a.JDOMLocator.println()</name>
      <ncss>3</ncss>
      <ccn>2</ccn>
      <javadocs>1</javadocs>
    </function>
    <function>
      <name>org.jdom.contrib.xpath.a.JDOMLocator.nodetest(String,String,String,String)</name>
      <ncss>11</ncss>
      <ccn>9</ccn>
      <javadocs>1</javadocs>
    </function>
    <function>
      <name>org.jdom.contrib.xpath.a.JDOMLocator.nodetest(Axis,Nodetype,String,String)</name>
      <ncss>39</ncss>
      <ccn>19</ccn>
      <javadocs>1</javadocs>
    </function>
    <function>
      <name>org.jdom.contrib.xpath.a.JDOMLocator.nodetestDescendant(Object,Nodetype,String,String,boolean)</name>
      <ncss>7</ncss>
      <ccn>4</ccn>
      <javadocs>1</javadocs>
    </function>
    <function>
      <name>org.jdom.contrib.xpath.a.JDOMLocator.nodetestSelf(Object,Nodetype,String,String)</name>
      <ncss>26</ncss>
      <ccn>12</ccn>
      <javadocs>0</javadocs>
    </function>
    <function>
      <name>org.jdom.contrib.xpath.a.JDOMLocator.nodetestAncestor(Object,Nodetype,String,String,boolean,boolean)</name>
      <ncss>10</ncss>
      <ccn>6</ccn>
      <javadocs>1</javadocs>
    </function>
    <function>
      <name>org.jdom.contrib.xpath.a.JDOMLocator.nodetestChild(Object,Nodetype,String,String)</name>
      <ncss>32</ncss>
      <ccn>15</ccn>
      <javadocs>1</javadocs>
    </function>
    <function>
      <name>org.jdom.contrib.xpath.a.JDOMLocator.nodetestNamespace(Object,Nodetype,String,String)</name>
      <ncss>5</ncss>
      <ccn>4</ccn>
      <javadocs>1</javadocs>
    </function>
    <function>
      <name>org.jdom.contrib.xpath.a.JDOMLocator.nodetestAttribute(Object,Nodetype,String,String)</name>
      <ncss>17</ncss>
      <ccn>7</ccn>
      <javadocs>1</javadocs>
    </function>
    <function>
      <name>org.jdom.contrib.xpath.a.JDOMLocator.elemext(Element)</name>
      <ncss>6</ncss>
      <ccn>2</ccn>
      <javadocs>1</javadocs>
    </function>
    <function>
      <name>org.jdom.contrib.xpath.a.JDOMLocator.JDOMLocatorPredicateHandler.JDOMLocatorPredicateHandler()</name>
      <ncss>2</ncss>
      <ccn>1</ccn>
      <javadocs>0</javadocs>
    </function>
    <function>
      <name>org.jdom.contrib.xpath.a.JDOMLocator.JDOMLocatorPredicateHandler.getPosition()</name>
      <ncss>2</ncss>
      <ccn>1</ccn>
      <javadocs>0</javadocs>
    </function>
    <function>
      <name>org.jdom.contrib.xpath.a.JDOMLocator.JDOMLocatorPredicateHandler.startPredicate()</name>
      <ncss>1</ncss>
      <ccn>1</ccn>
      <javadocs>1</javadocs>
    </function>
    <function>
      <name>org.jdom.contrib.xpath.a.JDOMLocator.JDOMLocatorPredicateHandler.endPredicate()</name>
      <ncss>1</ncss>
      <ccn>1</ccn>
      <javadocs>1</javadocs>
    </function>
    <function>
      <name>org.jdom.contrib.xpath.a.JDOMLocator.JDOMLocatorPredicateHandler.number(String)</name>
      <ncss>6</ncss>
      <ccn>3</ccn>
      <javadocs>1</javadocs>
    </function>
    <function>
      <name>org.jdom.contrib.xpath.a.JDOMLocator.NotImplementedException.NotImplementedException(String)</name>
      <ncss>2</ncss>
      <ccn>1</ccn>
      <javadocs>0</javadocs>
    </function>
    <function>
      <name>org.jdom.contrib.xpath.a.JDOMLocator.NotImplementedException.NotImplementedException(String,Throwable)</name>
      <ncss>2</ncss>
      <ccn>1</ccn>
      <javadocs>0</javadocs>
    </function>
    <function>
      <name>org.jdom.contrib.xpath.a.PoCParser.setXPathHandler(XPathHandler)</name>
      <ncss>2</ncss>
      <ccn>1</ccn>
      <javadocs>1</javadocs>
    </function>
    <function>
      <name>org.jdom.contrib.xpath.a.PoCParser.getXPathHandler()</name>
      <ncss>2</ncss>
      <ccn>1</ccn>
      <javadocs>1</javadocs>
    </function>
    <function>
      <name>org.jdom.contrib.xpath.a.PoCParser.parse(String)</name>
      <ncss>8</ncss>
      <ccn>3</ccn>
      <javadocs>1</javadocs>
    </function>
    <function>
      <name>org.jdom.contrib.xpath.a.PoCParser.setXPathPredicateParser(XPathPredicateParser)</name>
      <ncss>2</ncss>
      <ccn>1</ccn>
      <javadocs>1</javadocs>
    </function>
    <function>
      <name>org.jdom.contrib.xpath.a.PoCParser.getXPathPredicateParser()</name>
      <ncss>2</ncss>
      <ccn>1</ccn>
      <javadocs>1</javadocs>
    </function>
    <function>
      <name>org.jdom.contrib.xpath.a.PoCParser.assertValidCharacters(String)</name>
      <ncss>6</ncss>
      <ccn>5</ccn>
      <javadocs>1</javadocs>
    </function>
    <function>
      <name>org.jdom.contrib.xpath.a.PoCParser.parseWhole(String)</name>
      <ncss>6</ncss>
      <ccn>3</ccn>
      <javadocs>1</javadocs>
    </function>
    <function>
      <name>org.jdom.contrib.xpath.a.PoCParser.parseLocationPath(String)</name>
      <ncss>14</ncss>
      <ccn>4</ccn>
      <javadocs>1</javadocs>
    </function>
    <function>
      <name>org.jdom.contrib.xpath.a.PoCParser.parseStep(String)</name>
      <ncss>12</ncss>
      <ccn>3</ccn>
      <javadocs>1</javadocs>
    </function>
    <function>
      <name>org.jdom.contrib.xpath.a.PoCParser.parseNodeTest(String)</name>
      <ncss>20</ncss>
      <ccn>8</ccn>
      <javadocs>1</javadocs>
    </function>
    <function>
      <name>org.jdom.contrib.xpath.a.PoCParser.parsePredicates(String)</name>
      <ncss>5</ncss>
      <ccn>2</ccn>
      <javadocs>1</javadocs>
    </function>
    <function>
      <name>org.jdom.contrib.xpath.a.PoCParser.parsePredicate(String)</name>
      <ncss>9</ncss>
      <ccn>3</ccn>
      <javadocs>1</javadocs>
    </function>
    <function>
      <name>org.jdom.contrib.xpath.a.ParseUtils.extractLiteral(String)</name>
      <ncss>14</ncss>
      <ccn>6</ccn>
      <javadocs>1</javadocs>
    </function>
    <function>
      <name>org.jdom.contrib.xpath.a.PoCPredicateParser.setXPathPredicateHandler(XPathPredicateHandler)</name>
      <ncss>2</ncss>
      <ccn>1</ccn>
      <javadocs>1</javadocs>
    </function>
    <function>
      <name>org.jdom.contrib.xpath.a.PoCPredicateParser.getXPathPredicateHandler()</name>
      <ncss>2</ncss>
      <ccn>1</ccn>
      <javadocs>1</javadocs>
    </function>
    <function>
      <name>org.jdom.contrib.xpath.a.PoCPredicateParser.setXPathParser(XPathParser)</name>
      <ncss>2</ncss>
      <ccn>1</ccn>
      <javadocs>1</javadocs>
    </function>
    <function>
      <name>org.jdom.contrib.xpath.a.PoCPredicateParser.getXPathParser()</name>
      <ncss>2</ncss>
      <ccn>1</ccn>
      <javadocs>1</javadocs>
    </function>
    <function>
      <name>org.jdom.contrib.xpath.a.PoCPredicateParser.parsePredicate(String)</name>
      <ncss>4</ncss>
      <ccn>1</ccn>
      <javadocs>1</javadocs>
    </function>
    <function>
      <name>org.jdom.contrib.xpath.a.PoCPredicateParser.parse(String)</name>
      <ncss>51</ncss>
      <ccn>18</ccn>
      <javadocs>0</javadocs>
    </function>
    <function>
      <name>org.jdom.contrib.xpath.a.PoCPredicateParser.parseThing(String)</name>
      <ncss>5</ncss>
      <ccn>3</ccn>
      <javadocs>0</javadocs>
    </function>
    <function>
      <name>org.jdom.contrib.xpath.a.PrintHandler.startParsingXPath()</name>
      <ncss>2</ncss>
      <ccn>1</ccn>
      <javadocs>1</javadocs>
    </function>
    <function>
      <name>org.jdom.contrib.xpath.a.PrintHandler.endParsingXPath()</name>
      <ncss>2</ncss>
      <ccn>1</ccn>
      <javadocs>1</javadocs>
    </function>
    <function>
      <name>org.jdom.contrib.xpath.a.PrintHandler.startPath()</name>
      <ncss>2</ncss>
      <ccn>1</ccn>
      <javadocs>1</javadocs>
    </function>
    <function>
      <name>org.jdom.contrib.xpath.a.PrintHandler.endPath()</name>
      <ncss>2</ncss>
      <ccn>1</ccn>
      <javadocs>1</javadocs>
    </function>
    <function>
      <name>org.jdom.contrib.xpath.a.PrintHandler.absolute()</name>
      <ncss>2</ncss>
      <ccn>1</ccn>
      <javadocs>1</javadocs>
    </function>
    <function>
      <name>org.jdom.contrib.xpath.a.PrintHandler.startStep()</name>
      <ncss>2</ncss>
      <ccn>1</ccn>
      <javadocs>1</javadocs>
    </function>
    <function>
      <name>org.jdom.contrib.xpath.a.PrintHandler.nametest(String,String,String)</name>
      <ncss>2</ncss>
      <ccn>1</ccn>
      <javadocs>1</javadocs>
    </function>
    <function>
      <name>org.jdom.contrib.xpath.a.PrintHandler.nodetype(String,String,String)</name>
      <ncss>2</ncss>
      <ccn>2</ccn>
      <javadocs>1</javadocs>
    </function>
    <function>
      <name>org.jdom.contrib.xpath.a.PrintHandler.startXPathPredicate()</name>
      <ncss>2</ncss>
      <ccn>1</ccn>
      <javadocs>1</javadocs>
    </function>
    <function>
      <name>org.jdom.contrib.xpath.a.PrintHandler.endXPathPredicate(XPathPredicateHandler)</name>
      <ncss>1</ncss>
      <ccn>1</ccn>
      <javadocs>1</javadocs>
    </function>
    <function>
      <name>org.jdom.contrib.xpath.a.PrintHandler.endStep()</name>
      <ncss>2</ncss>
      <ccn>1</ccn>
      <javadocs>1</javadocs>
    </function>
    <function>
      <name>org.jdom.contrib.xpath.a.PrintHandler.startPredicate()</name>
      <ncss>2</ncss>
      <ccn>1</ccn>
      <javadocs>1</javadocs>
    </function>
    <function>
      <name>org.jdom.contrib.xpath.a.PrintHandler.endPredicate()</name>
      <ncss>2</ncss>
      <ccn>1</ccn>
      <javadocs>1</javadocs>
    </function>
    <function>
      <name>org.jdom.contrib.xpath.a.PrintHandler.predicate(String)</name>
      <ncss>2</ncss>
      <ccn>1</ccn>
      <javadocs>0</javadocs>
    </function>
    <function>
      <name>org.jdom.contrib.xpath.a.PrintHandler.opcode(int)</name>
      <ncss>2</ncss>
      <ccn>1</ccn>
      <javadocs>0</javadocs>
    </function>
    <function>
      <name>org.jdom.contrib.xpath.a.PrintHandler.variable(String)</name>
      <ncss>2</ncss>
      <ccn>1</ccn>
      <javadocs>0</javadocs>
    </function>
    <function>
      <name>org.jdom.contrib.xpath.a.PrintHandler.literal(String)</name>
      <ncss>2</ncss>
      <ccn>1</ccn>
      <javadocs>0</javadocs>
    </function>
    <function>
      <name>org.jdom.contrib.xpath.a.PrintHandler.number(String)</name>
      <ncss>2</ncss>
      <ccn>1</ccn>
      <javadocs>0</javadocs>
    </function>
    <function>
      <name>org.jdom.contrib.xpath.a.PrintHandler.function(String,String[])</name>
      <ncss>7</ncss>
      <ccn>3</ccn>
      <javadocs>0</javadocs>
    </function>
    <function>
      <name>org.jdom.contrib.xpath.a.PrintHandler.print(Object)</name>
      <ncss>3</ncss>
      <ccn>2</ccn>
      <javadocs>1</javadocs>
    </function>
    <function>
      <name>org.jdom.contrib.xpath.a.PrintHandler.println(Object)</name>
      <ncss>3</ncss>
      <ccn>2</ccn>
      <javadocs>1</javadocs>
    </function>
    <function>
      <name>org.jdom.contrib.xpath.a.PrintHandler.println()</name>
      <ncss>3</ncss>
      <ccn>2</ccn>
      <javadocs>1</javadocs>
    </function>
    <function>
      <name>org.jdom.contrib.xpath.a.XPathHandler.startParsingXPath()</name>
      <ncss>1</ncss>
      <ccn>1</ccn>
      <javadocs>1</javadocs>
    </function>
    <function>
      <name>org.jdom.contrib.xpath.a.XPathHandler.endParsingXPath()</name>
      <ncss>1</ncss>
      <ccn>1</ccn>
      <javadocs>1</javadocs>
    </function>
    <function>
      <name>org.jdom.contrib.xpath.a.XPathHandler.startPath()</name>
      <ncss>1</ncss>
      <ccn>1</ccn>
      <javadocs>1</javadocs>
    </function>
    <function>
      <name>org.jdom.contrib.xpath.a.XPathHandler.endPath()</name>
      <ncss>1</ncss>
      <ccn>1</ccn>
      <javadocs>1</javadocs>
    </function>
    <function>
      <name>org.jdom.contrib.xpath.a.XPathHandler.absolute()</name>
      <ncss>1</ncss>
      <ccn>1</ccn>
      <javadocs>1</javadocs>
    </function>
    <function>
      <name>org.jdom.contrib.xpath.a.XPathHandler.startStep()</name>
      <ncss>1</ncss>
      <ccn>1</ccn>
      <javadocs>1</javadocs>
    </function>
    <function>
      <name>org.jdom.contrib.xpath.a.XPathHandler.nametest(String,String,String)</name>
      <ncss>1</ncss>
      <ccn>1</ccn>
      <javadocs>1</javadocs>
    </function>
    <function>
      <name>org.jdom.contrib.xpath.a.XPathHandler.nodetype(String,String,String)</name>
      <ncss>1</ncss>
      <ccn>1</ccn>
      <javadocs>1</javadocs>
    </function>
    <function>
      <name>org.jdom.contrib.xpath.a.XPathHandler.startXPathPredicate()</name>
      <ncss>1</ncss>
      <ccn>1</ccn>
      <javadocs>1</javadocs>
    </function>
    <function>
      <name>org.jdom.contrib.xpath.a.XPathHandler.endXPathPredicate(XPathPredicateHandler)</name>
      <ncss>1</ncss>
      <ccn>1</ccn>
      <javadocs>1</javadocs>
    </function>
    <function>
      <name>org.jdom.contrib.xpath.a.XPathHandler.endStep()</name>
      <ncss>1</ncss>
      <ccn>1</ccn>
      <javadocs>1</javadocs>
    </function>
    <function>
      <name>org.jdom.contrib.xpath.a.XPathParser.setXPathHandler(XPathHandler)</name>
      <ncss>1</ncss>
      <ccn>1</ccn>
      <javadocs>1</javadocs>
    </function>
    <function>
      <name>org.jdom.contrib.xpath.a.XPathParser.getXPathHandler()</name>
      <ncss>1</ncss>
      <ccn>1</ccn>
      <javadocs>1</javadocs>
    </function>
    <function>
      <name>org.jdom.contrib.xpath.a.XPathParser.parse(String)</name>
      <ncss>1</ncss>
      <ccn>1</ccn>
      <javadocs>1</javadocs>
    </function>
    <function>
      <name>org.jdom.contrib.xpath.a.XPathParser.setXPathPredicateParser(XPathPredicateParser)</name>
      <ncss>1</ncss>
      <ccn>1</ccn>
      <javadocs>1</javadocs>
    </function>
    <function>
      <name>org.jdom.contrib.xpath.a.XPathParser.getXPathPredicateParser()</name>
      <ncss>1</ncss>
      <ccn>1</ccn>
      <javadocs>1</javadocs>
    </function>
    <function>
      <name>org.jdom.contrib.xpath.a.XPathPredicateHandler.startPredicate()</name>
      <ncss>1</ncss>
      <ccn>1</ccn>
      <javadocs>1</javadocs>
    </function>
    <function>
      <name>org.jdom.contrib.xpath.a.XPathPredicateHandler.endPredicate()</name>
      <ncss>1</ncss>
      <ccn>1</ccn>
      <javadocs>1</javadocs>
    </function>
    <function>
      <name>org.jdom.contrib.xpath.a.XPathPredicateHandler.opcode(int)</name>
      <ncss>1</ncss>
      <ccn>1</ccn>
      <javadocs>0</javadocs>
    </function>
    <function>
      <name>org.jdom.contrib.xpath.a.XPathPredicateHandler.variable(String)</name>
      <ncss>1</ncss>
      <ccn>1</ccn>
      <javadocs>0</javadocs>
    </function>
    <function>
      <name>org.jdom.contrib.xpath.a.XPathPredicateHandler.literal(String)</name>
      <ncss>1</ncss>
      <ccn>1</ccn>
      <javadocs>0</javadocs>
    </function>
    <function>
      <name>org.jdom.contrib.xpath.a.XPathPredicateHandler.number(String)</name>
      <ncss>1</ncss>
      <ccn>1</ccn>
      <javadocs>0</javadocs>
    </function>
    <function>
      <name>org.jdom.contrib.xpath.a.XPathPredicateHandler.function(String,String[])</name>
      <ncss>1</ncss>
      <ccn>1</ccn>
      <javadocs>1</javadocs>
    </function>
    <function>
      <name>org.jdom.contrib.xpath.a.XPathPredicateParser.setXPathPredicateHandler(XPathPredicateHandler)</name>
      <ncss>1</ncss>
      <ccn>1</ccn>
      <javadocs>1</javadocs>
    </function>
    <function>
      <name>org.jdom.contrib.xpath.a.XPathPredicateParser.getXPathPredicateHandler()</name>
      <ncss>1</ncss>
      <ccn>1</ccn>
      <javadocs>1</javadocs>
    </function>
    <function>
      <name>org.jdom.contrib.xpath.a.XPathPredicateParser.parsePredicate(String)</name>
      <ncss>1</ncss>
      <ccn>1</ccn>
      <javadocs>1</javadocs>
    </function>
    <function>
      <name>org.jdom.contrib.xpath.a.XPathPredicateParser.setXPathParser(XPathParser)</name>
      <ncss>1</ncss>
      <ccn>1</ccn>
      <javadocs>1</javadocs>
    </function>
    <function>
      <name>org.jdom.contrib.xpath.a.XPathPredicateParser.getXPathParser()</name>
      <ncss>1</ncss>
      <ccn>1</ccn>
      <javadocs>1</javadocs>
    </function>
    <function>
      <name>org.jdom.contrib.xpath.Context.walkStep(Step)</name>
      <ncss>1</ncss>
      <ccn>1</ccn>
      <javadocs>0</javadocs>
    </function>
    <function>
      <name>org.jdom.contrib.xpath.impl.Axis.Axis(String)</name>
      <ncss>3</ncss>
      <ccn>1</ccn>
      <javadocs>1</javadocs>
    </function>
    <function>
      <name>org.jdom.contrib.xpath.impl.Axis.getString()</name>
      <ncss>2</ncss>
      <ccn>1</ccn>
      <javadocs>1</javadocs>
    </function>
    <function>
      <name>org.jdom.contrib.xpath.impl.Axis.getCode()</name>
      <ncss>2</ncss>
      <ccn>1</ccn>
      <javadocs>1</javadocs>
    </function>
    <function>
      <name>org.jdom.contrib.xpath.impl.Axis.toString()</name>
      <ncss>2</ncss>
      <ccn>1</ccn>
      <javadocs>1</javadocs>
    </function>
    <function>
      <name>org.jdom.contrib.xpath.impl.Axis.axisCode(String)</name>
      <ncss>44</ncss>
      <ccn>29</ccn>
      <javadocs>1</javadocs>
    </function>
    <function>
      <name>org.jdom.contrib.xpath.impl.BinaryExpr.Op.Op()</name>
      <ncss>1</ncss>
      <ccn>1</ccn>
      <javadocs>0</javadocs>
    </function>
    <function>
      <name>org.jdom.contrib.xpath.impl.BinaryExpr.BinaryExpr(Op,XPathExpr,XPathExpr)</name>
      <ncss>4</ncss>
      <ccn>1</ccn>
      <javadocs>0</javadocs>
    </function>
    <function>
      <name>org.jdom.contrib.xpath.impl.BinaryExpr.apply(Context)</name>
      <ncss>3</ncss>
      <ccn>1</ccn>
      <javadocs>0</javadocs>
    </function>
    <function>
      <name>org.jdom.contrib.xpath.impl.LocationPath.LocationPath()</name>
      <ncss>1</ncss>
      <ccn>1</ccn>
      <javadocs>0</javadocs>
    </function>
    <function>
      <name>org.jdom.contrib.xpath.impl.LocationPath.toString()</name>
      <ncss>2</ncss>
      <ccn>1</ccn>
      <javadocs>1</javadocs>
    </function>
    <function>
      <name>org.jdom.contrib.xpath.impl.LocationPath.setAbsolute(boolean)</name>
      <ncss>5</ncss>
      <ccn>2</ccn>
      <javadocs>0</javadocs>
    </function>
    <function>
      <name>org.jdom.contrib.xpath.impl.LocationPath.isAbsolute()</name>
      <ncss>2</ncss>
      <ccn>1</ccn>
      <javadocs>0</javadocs>
    </function>
    <function>
      <name>org.jdom.contrib.xpath.impl.LocationPath.addStep(Step)</name>
      <ncss>4</ncss>
      <ccn>2</ccn>
      <javadocs>0</javadocs>
    </function>
    <function>
      <name>org.jdom.contrib.xpath.impl.LocationPath.apply(NodeSet)</name>
      <ncss>4</ncss>
      <ccn>2</ccn>
      <javadocs>1</javadocs>
    </function>
    <function>
      <name>org.jdom.contrib.xpath.impl.NegativeUnaryExpr.NegativeUnaryExpr(XPathExpr)</name>
      <ncss>2</ncss>
      <ccn>1</ccn>
      <javadocs>0</javadocs>
    </function>
    <function>
      <name>org.jdom.contrib.xpath.impl.NegativeUnaryExpr.apply(Context)</name>
      <ncss>3</ncss>
      <ccn>1</ccn>
      <javadocs>0</javadocs>
    </function>
    <function>
      <name>org.jdom.contrib.xpath.impl.Nodetype.Nodetype(String)</name>
      <ncss>3</ncss>
      <ccn>1</ccn>
      <javadocs>1</javadocs>
    </function>
    <function>
      <name>org.jdom.contrib.xpath.impl.Nodetype.getString()</name>
      <ncss>2</ncss>
      <ccn>1</ccn>
      <javadocs>1</javadocs>
    </function>
    <function>
      <name>org.jdom.contrib.xpath.impl.Nodetype.getCode()</name>
      <ncss>2</ncss>
      <ccn>1</ccn>
      <javadocs>1</javadocs>
    </function>
    <function>
      <name>org.jdom.contrib.xpath.impl.Nodetype.toString()</name>
      <ncss>2</ncss>
      <ccn>1</ccn>
      <javadocs>1</javadocs>
    </function>
    <function>
      <name>org.jdom.contrib.xpath.impl.Nodetype.nodetypeCode(String)</name>
      <ncss>17</ncss>
      <ccn>12</ccn>
      <javadocs>1</javadocs>
    </function>
    <function>
      <name>org.jdom.contrib.xpath.impl.Predicate.Predicate(XPathExpr)</name>
      <ncss>2</ncss>
      <ccn>1</ccn>
      <javadocs>0</javadocs>
    </function>
    <function>
      <name>org.jdom.contrib.xpath.impl.Step.Step(String,String,String,String)</name>
      <ncss>5</ncss>
      <ccn>1</ccn>
      <javadocs>1</javadocs>
    </function>
    <function>
      <name>org.jdom.contrib.xpath.impl.Step.toString()</name>
      <ncss>2</ncss>
      <ccn>2</ccn>
      <javadocs>1</javadocs>
    </function>
    <function>
      <name>org.jdom.contrib.xpath.impl.Step.setAbsolute(boolean)</name>
      <ncss>3</ncss>
      <ccn>1</ccn>
      <javadocs>0</javadocs>
    </function>
    <function>
      <name>org.jdom.contrib.xpath.impl.Step.isAbsolute()</name>
      <ncss>2</ncss>
      <ccn>1</ccn>
      <javadocs>0</javadocs>
    </function>
    <function>
      <name>org.jdom.contrib.xpath.impl.Step.addPredicate(Predicate)</name>
      <ncss>2</ncss>
      <ccn>1</ccn>
      <javadocs>0</javadocs>
    </function>
    <function>
      <name>org.jdom.contrib.xpath.impl.Step.getAxis()</name>
      <ncss>2</ncss>
      <ccn>1</ccn>
      <javadocs>0</javadocs>
    </function>
    <function>
      <name>org.jdom.contrib.xpath.impl.Step.getNodetype()</name>
      <ncss>2</ncss>
      <ccn>1</ccn>
      <javadocs>0</javadocs>
    </function>
    <function>
      <name>org.jdom.contrib.xpath.impl.Step.getPrefix()</name>
      <ncss>2</ncss>
      <ccn>1</ccn>
      <javadocs>0</javadocs>
    </function>
    <function>
      <name>org.jdom.contrib.xpath.impl.Step.getLocalName()</name>
      <ncss>2</ncss>
      <ccn>1</ccn>
      <javadocs>0</javadocs>
    </function>
    <function>
      <name>org.jdom.contrib.xpath.impl.Step.getPredicates()</name>
      <ncss>2</ncss>
      <ccn>1</ccn>
      <javadocs>0</javadocs>
    </function>
    <function>
      <name>org.jdom.contrib.xpath.impl.Step.apply(NodeSet)</name>
      <ncss>8</ncss>
      <ccn>2</ccn>
      <javadocs>1</javadocs>
    </function>
    <function>
      <name>org.jdom.contrib.xpath.impl.XPathExprImpl.XPathExprImpl()</name>
      <ncss>1</ncss>
      <ccn>1</ccn>
      <javadocs>0</javadocs>
    </function>
    <function>
      <name>org.jdom.contrib.xpath.impl.XPathExprImpl.apply(Context)</name>
      <ncss>3</ncss>
      <ccn>1</ccn>
      <javadocs>0</javadocs>
    </function>
    <function>
      <name>org.jdom.contrib.xpath.impl.XPathExprImpl.apply(NodeSet)</name>
      <ncss>1</ncss>
      <ccn>1</ccn>
      <javadocs>1</javadocs>
    </function>
    <function>
      <name>org.jdom.contrib.xpath.jdom.JDOMContext.JDOMContext(Element)</name>
      <ncss>2</ncss>
      <ccn>1</ccn>
      <javadocs>0</javadocs>
    </function>
    <function>
      <name>org.jdom.contrib.xpath.jdom.JDOMContext.walkStep(Step)</name>
      <ncss>2</ncss>
      <ccn>1</ccn>
      <javadocs>0</javadocs>
    </function>
    <function>
      <name>org.jdom.contrib.xpath.jdom.JDOMContext.wrapInContexts(List)</name>
      <ncss>6</ncss>
      <ccn>2</ccn>
      <javadocs>0</javadocs>
    </function>
    <function>
      <name>org.jdom.contrib.xpath.jdom.JDOMContext.toString()</name>
      <ncss>4</ncss>
      <ccn>3</ccn>
      <javadocs>0</javadocs>
    </function>
    <function>
      <name>org.jdom.contrib.xpath.jdom.JdomNodeSet.JdomNodeSet(Element)</name>
      <ncss>2</ncss>
      <ccn>1</ccn>
      <javadocs>1</javadocs>
    </function>
    <function>
      <name>org.jdom.contrib.xpath.jdom.JdomNodeSet.JdomNodeSet(Attribute)</name>
      <ncss>2</ncss>
      <ccn>1</ccn>
      <javadocs>1</javadocs>
    </function>
    <function>
      <name>org.jdom.contrib.xpath.jdom.JdomNodeSet.add(Element)</name>
      <ncss>2</ncss>
      <ccn>1</ccn>
      <javadocs>1</javadocs>
    </function>
    <function>
      <name>org.jdom.contrib.xpath.jdom.JdomNodeSet.add(Attribute)</name>
      <ncss>2</ncss>
      <ccn>1</ccn>
      <javadocs>1</javadocs>
    </function>
    <function>
      <name>org.jdom.contrib.xpath.jdom.JdomNodeSet.add(ProcessingInstruction)</name>
      <ncss>2</ncss>
      <ccn>1</ccn>
      <javadocs>1</javadocs>
    </function>
    <function>
      <name>org.jdom.contrib.xpath.jdom.JdomNodeSet.add(Comment)</name>
      <ncss>2</ncss>
      <ccn>1</ccn>
      <javadocs>1</javadocs>
    </function>
    <function>
      <name>org.jdom.contrib.xpath.jdom.JdomNodeSet.add(String)</name>
      <ncss>2</ncss>
      <ccn>1</ccn>
      <javadocs>1</javadocs>
    </function>
    <function>
      <name>org.jdom.contrib.xpath.jdom.JdomNodeSet.applyAbsolute()</name>
      <ncss>6</ncss>
      <ccn>2</ccn>
      <javadocs>1</javadocs>
    </function>
    <function>
      <name>org.jdom.contrib.xpath.jdom.JdomNodeSet.nodetestAttribute(Object,Step,List)</name>
      <ncss>15</ncss>
      <ccn>7</ccn>
      <javadocs>0</javadocs>
    </function>
    <function>
      <name>org.jdom.contrib.xpath.jdom.JdomNodeSet.nodetestChild(Object,Step,List)</name>
      <ncss>47</ncss>
      <ccn>23</ccn>
      <javadocs>1</javadocs>
    </function>
    <function>
      <name>org.jdom.contrib.xpath.jdom.JdomNodeSet.elemext(Element)</name>
      <ncss>6</ncss>
      <ccn>2</ccn>
      <javadocs>1</javadocs>
    </function>
    <function>
      <name>org.jdom.contrib.xpath.jdom.JdomNodeSet.getFirstElementInSet()</name>
      <ncss>7</ncss>
      <ccn>4</ccn>
      <javadocs>0</javadocs>
    </function>
    <function>
      <name>org.jdom.contrib.xpath.NodeSet.NodeSet()</name>
      <ncss>1</ncss>
      <ccn>1</ccn>
      <javadocs>1</javadocs>
    </function>
    <function>
      <name>org.jdom.contrib.xpath.NodeSet.toString()</name>
      <ncss>2</ncss>
      <ccn>1</ccn>
      <javadocs>1</javadocs>
    </function>
    <function>
      <name>org.jdom.contrib.xpath.NodeSet.iterator()</name>
      <ncss>2</ncss>
      <ccn>1</ccn>
      <javadocs>1</javadocs>
    </function>
    <function>
      <name>org.jdom.contrib.xpath.NodeSet.toList()</name>
      <ncss>2</ncss>
      <ccn>1</ccn>
      <javadocs>1</javadocs>
    </function>
    <function>
      <name>org.jdom.contrib.xpath.NodeSet.add(Object)</name>
      <ncss>2</ncss>
      <ccn>1</ccn>
      <javadocs>1</javadocs>
    </function>
    <function>
      <name>org.jdom.contrib.xpath.NodeSet.apply(XPath)</name>
      <ncss>2</ncss>
      <ccn>1</ccn>
      <javadocs>0</javadocs>
    </function>
    <function>
      <name>org.jdom.contrib.xpath.NodeSet.apply(String)</name>
      <ncss>2</ncss>
      <ccn>1</ccn>
      <javadocs>0</javadocs>
    </function>
    <function>
      <name>org.jdom.contrib.xpath.NodeSet.applyAbsolute()</name>
      <ncss>1</ncss>
      <ccn>1</ccn>
      <javadocs>1</javadocs>
    </function>
    <function>
      <name>org.jdom.contrib.xpath.NodeSet.applyNodetest(Step)</name>
      <ncss>17</ncss>
      <ccn>6</ccn>
      <javadocs>1</javadocs>
    </function>
    <function>
      <name>org.jdom.contrib.xpath.NodeSet.applyPredicate(Predicate)</name>
      <ncss>4</ncss>
      <ccn>2</ccn>
      <javadocs>1</javadocs>
    </function>
    <function>
      <name>org.jdom.contrib.xpath.NodeSet.list()</name>
      <ncss>2</ncss>
      <ccn>1</ccn>
      <javadocs>1</javadocs>
    </function>
    <function>
      <name>org.jdom.contrib.xpath.NodeSet.nodetestAttribute(Object,Step,List)</name>
      <ncss>1</ncss>
      <ccn>1</ccn>
      <javadocs>1</javadocs>
    </function>
    <function>
      <name>org.jdom.contrib.xpath.NodeSet.nodetestChild(Object,Step,List)</name>
      <ncss>1</ncss>
      <ccn>1</ccn>
      <javadocs>1</javadocs>
    </function>
    <function>
      <name>org.jdom.contrib.xpath.NodeSet.equals(Object,Object)</name>
      <ncss>5</ncss>
      <ccn>3</ccn>
      <javadocs>1</javadocs>
    </function>
    <function>
      <name>org.jdom.contrib.xpath.NodeSet.NotImplementedException.NotImplementedException(String)</name>
      <ncss>2</ncss>
      <ccn>1</ccn>
      <javadocs>0</javadocs>
    </function>
    <function>
      <name>org.jdom.contrib.xpath.NodeSet.NotImplementedException.NotImplementedException(String,Throwable)</name>
      <ncss>2</ncss>
      <ccn>1</ccn>
      <javadocs>0</javadocs>
    </function>
    <function>
      <name>org.jdom.contrib.xpath.parser.XPathLexer.XPathLexer(InputStream)</name>
      <ncss>2</ncss>
      <ccn>1</ccn>
      <javadocs>0</javadocs>
    </function>
    <function>
      <name>org.jdom.contrib.xpath.parser.XPathLexer.XPathLexer(Reader)</name>
      <ncss>2</ncss>
      <ccn>1</ccn>
      <javadocs>0</javadocs>
    </function>
    <function>
      <name>org.jdom.contrib.xpath.parser.XPathLexer.XPathLexer(InputBuffer)</name>
      <ncss>2</ncss>
      <ccn>1</ccn>
      <javadocs>0</javadocs>
    </function>
    <function>
      <name>org.jdom.contrib.xpath.parser.XPathLexer.XPathLexer(LexerSharedInputState)</name>
      <ncss>7</ncss>
      <ccn>1</ccn>
      <javadocs>0</javadocs>
    </function>
    <function>
      <name>org.jdom.contrib.xpath.parser.XPathLexer.nextToken()</name>
      <ncss>195</ncss>
      <ccn>112</ccn>
      <javadocs>0</javadocs>
    </function>
    <function>
      <name>org.jdom.contrib.xpath.parser.XPathLexer.mWS(boolean)</name>
      <ncss>33</ncss>
      <ccn>11</ccn>
      <javadocs>0</javadocs>
    </function>
    <function>
      <name>org.jdom.contrib.xpath.parser.XPathLexer.mDIGIT(boolean)</name>
      <ncss>11</ncss>
      <ccn>4</ccn>
      <javadocs>0</javadocs>
    </function>
    <function>
      <name>org.jdom.contrib.xpath.parser.XPathLexer.mSINGLE_QUOTE_STRING(boolean)</name>
      <ncss>18</ncss>
      <ccn>6</ccn>
      <javadocs>0</javadocs>
    </function>
    <function>
      <name>org.jdom.contrib.xpath.parser.XPathLexer.mDOUBLE_QUOTE_STRING(boolean)</name>
      <ncss>18</ncss>
      <ccn>6</ccn>
      <javadocs>0</javadocs>
    </function>
    <function>
      <name>org.jdom.contrib.xpath.parser.XPathLexer.mLITERAL(boolean)</name>
      <ncss>19</ncss>
      <ccn>7</ccn>
      <javadocs>0</javadocs>
    </function>
    <function>
      <name>org.jdom.contrib.xpath.parser.XPathLexer.mNUMBER(boolean)</name>
      <ncss>35</ncss>
      <ccn>15</ccn>
      <javadocs>0</javadocs>
    </function>
    <function>
      <name>org.jdom.contrib.xpath.parser.XPathLexer.mIDENTIFIER(boolean)</name>
      <ncss>134</ncss>
      <ccn>111</ccn>
      <javadocs>0</javadocs>
    </function>
    <function>
      <name>org.jdom.contrib.xpath.parser.XPathLexer.mLEFT_PAREN(boolean)</name>
      <ncss>11</ncss>
      <ccn>4</ccn>
      <javadocs>0</javadocs>
    </function>
    <function>
      <name>org.jdom.contrib.xpath.parser.XPathLexer.mRIGHT_PAREN(boolean)</name>
      <ncss>11</ncss>
      <ccn>4</ccn>
      <javadocs>0</javadocs>
    </function>
    <function>
      <name>org.jdom.contrib.xpath.parser.XPathLexer.mLEFT_BRACKET(boolean)</name>
      <ncss>11</ncss>
      <ccn>4</ccn>
      <javadocs>0</javadocs>
    </function>
    <function>
      <name>org.jdom.contrib.xpath.parser.XPathLexer.mRIGHT_BRACKET(boolean)</name>
      <ncss>11</ncss>
      <ccn>4</ccn>
      <javadocs>0</javadocs>
    </function>
    <function>
      <name>org.jdom.contrib.xpath.parser.XPathLexer.mPIPE(boolean)</name>
      <ncss>11</ncss>
      <ccn>4</ccn>
      <javadocs>0</javadocs>
    </function>
    <function>
      <name>org.jdom.contrib.xpath.parser.XPathLexer.mDOT(boolean)</name>
      <ncss>11</ncss>
      <ccn>4</ccn>
      <javadocs>0</javadocs>
    </function>
    <function>
      <name>org.jdom.contrib.xpath.parser.XPathLexer.mDOT_DOT(boolean)</name>
      <ncss>11</ncss>
      <ccn>4</ccn>
      <javadocs>0</javadocs>
    </function>
    <function>
      <name>org.jdom.contrib.xpath.parser.XPathLexer.mAT(boolean)</name>
      <ncss>11</ncss>
      <ccn>4</ccn>
      <javadocs>0</javadocs>
    </function>
    <function>
      <name>org.jdom.contrib.xpath.parser.XPathLexer.mCOMMA(boolean)</name>
      <ncss>11</ncss>
      <ccn>4</ccn>
      <javadocs>0</javadocs>
    </function>
    <function>
      <name>org.jdom.contrib.xpath.parser.XPathLexer.mDOUBLE_COLON(boolean)</name>
      <ncss>11</ncss>
      <ccn>4</ccn>
      <javadocs>0</javadocs>
    </function>
    <function>
      <name>org.jdom.contrib.xpath.parser.XPathLexer.mCOLON(boolean)</name>
      <ncss>11</ncss>
      <ccn>4</ccn>
      <javadocs>0</javadocs>
    </function>
    <function>
      <name>org.jdom.contrib.xpath.parser.XPathLexer.mSLASH(boolean)</name>
      <ncss>11</ncss>
      <ccn>4</ccn>
      <javadocs>0</javadocs>
    </function>
    <function>
      <name>org.jdom.contrib.xpath.parser.XPathLexer.mDOUBLE_SLASH(boolean)</name>
      <ncss>12</ncss>
      <ccn>4</ccn>
      <javadocs>0</javadocs>
    </function>
    <function>
      <name>org.jdom.contrib.xpath.parser.XPathLexer.mPLUS(boolean)</name>
      <ncss>11</ncss>
      <ccn>4</ccn>
      <javadocs>0</javadocs>
    </function>
    <function>
      <name>org.jdom.contrib.xpath.parser.XPathLexer.mMINUS(boolean)</name>
      <ncss>11</ncss>
      <ccn>4</ccn>
      <javadocs>0</javadocs>
    </function>
    <function>
      <name>org.jdom.contrib.xpath.parser.XPathLexer.mEQUALS(boolean)</name>
      <ncss>11</ncss>
      <ccn>4</ccn>
      <javadocs>0</javadocs>
    </function>
    <function>
      <name>org.jdom.contrib.xpath.parser.XPathLexer.mNOT_EQUALS(boolean)</name>
      <ncss>11</ncss>
      <ccn>4</ccn>
      <javadocs>0</javadocs>
    </function>
    <function>
      <name>org.jdom.contrib.xpath.parser.XPathLexer.mLT(boolean)</name>
      <ncss>11</ncss>
      <ccn>4</ccn>
      <javadocs>0</javadocs>
    </function>
    <function>
      <name>org.jdom.contrib.xpath.parser.XPathLexer.mLTE(boolean)</name>
      <ncss>11</ncss>
      <ccn>4</ccn>
      <javadocs>0</javadocs>
    </function>
    <function>
      <name>org.jdom.contrib.xpath.parser.XPathLexer.mGT(boolean)</name>
      <ncss>11</ncss>
      <ccn>4</ccn>
      <javadocs>0</javadocs>
    </function>
    <function>
      <name>org.jdom.contrib.xpath.parser.XPathLexer.mGTE(boolean)</name>
      <ncss>11</ncss>
      <ccn>4</ccn>
      <javadocs>0</javadocs>
    </function>
    <function>
      <name>org.jdom.contrib.xpath.parser.XPathLexer.mSTAR(boolean)</name>
      <ncss>11</ncss>
      <ccn>4</ccn>
      <javadocs>0</javadocs>
    </function>
    <function>
      <name>org.jdom.contrib.xpath.parser.XPathRecognizer.makeBinaryExpr(BinaryExpr.Op,XPathExpr,XPathExpr)</name>
      <ncss>4</ncss>
      <ccn>3</ccn>
      <javadocs>0</javadocs>
    </function>
    <function>
      <name>org.jdom.contrib.xpath.parser.XPathRecognizer.XPathRecognizer(TokenBuffer,int)</name>
      <ncss>3</ncss>
      <ccn>1</ccn>
      <javadocs>0</javadocs>
    </function>
    <function>
      <name>org.jdom.contrib.xpath.parser.XPathRecognizer.XPathRecognizer(TokenBuffer)</name>
      <ncss>2</ncss>
      <ccn>1</ccn>
      <javadocs>0</javadocs>
    </function>
    <function>
      <name>org.jdom.contrib.xpath.parser.XPathRecognizer.XPathRecognizer(TokenStream,int)</name>
      <ncss>3</ncss>
      <ccn>1</ccn>
      <javadocs>0</javadocs>
    </function>
    <function>
      <name>org.jdom.contrib.xpath.parser.XPathRecognizer.XPathRecognizer(TokenStream)</name>
      <ncss>2</ncss>
      <ccn>1</ccn>
      <javadocs>0</javadocs>
    </function>
    <function>
      <name>org.jdom.contrib.xpath.parser.XPathRecognizer.XPathRecognizer(ParserSharedInputState)</name>
      <ncss>3</ncss>
      <ccn>1</ccn>
      <javadocs>0</javadocs>
    </function>
    <function>
      <name>org.jdom.contrib.xpath.parser.XPathRecognizer.xpath()</name>
      <ncss>12</ncss>
      <ccn>4</ccn>
      <javadocs>0</javadocs>
    </function>
    <function>
      <name>org.jdom.contrib.xpath.parser.XPathRecognizer.union_expr()</name>
      <ncss>26</ncss>
      <ccn>8</ccn>
      <javadocs>0</javadocs>
    </function>
    <function>
      <name>org.jdom.contrib.xpath.parser.XPathRecognizer.location_path()</name>
      <ncss>25</ncss>
      <ccn>12</ccn>
      <javadocs>0</javadocs>
    </function>
    <function>
      <name>org.jdom.contrib.xpath.parser.XPathRecognizer.absolute_location_path()</name>
      <ncss>52</ncss>
      <ccn>20</ccn>
      <javadocs>0</javadocs>
    </function>
    <function>
      <name>org.jdom.contrib.xpath.parser.XPathRecognizer.relative_location_path()</name>
      <ncss>32</ncss>
      <ccn>12</ccn>
      <javadocs>0</javadocs>
    </function>
    <function>
      <name>org.jdom.contrib.xpath.parser.XPathRecognizer.step()</name>
      <ncss>113</ncss>
      <ccn>61</ccn>
      <javadocs>0</javadocs>
    </function>
    <function>
      <name>org.jdom.contrib.xpath.parser.XPathRecognizer.abbr_step()</name>
      <ncss>24</ncss>
      <ccn>9</ccn>
      <javadocs>0</javadocs>
    </function>
    <function>
      <name>org.jdom.contrib.xpath.parser.XPathRecognizer.axis()</name>
      <ncss>27</ncss>
      <ccn>9</ccn>
      <javadocs>0</javadocs>
    </function>
    <function>
      <name>org.jdom.contrib.xpath.parser.XPathRecognizer.predicate()</name>
      <ncss>14</ncss>
      <ccn>4</ccn>
      <javadocs>0</javadocs>
    </function>
    <function>
      <name>org.jdom.contrib.xpath.parser.XPathRecognizer.function_call()</name>
      <ncss>29</ncss>
      <ccn>18</ccn>
      <javadocs>0</javadocs>
    </function>
    <function>
      <name>org.jdom.contrib.xpath.parser.XPathRecognizer.predicate_expr()</name>
      <ncss>15</ncss>
      <ccn>5</ccn>
      <javadocs>0</javadocs>
    </function>
    <function>
      <name>org.jdom.contrib.xpath.parser.XPathRecognizer.expr()</name>
      <ncss>12</ncss>
      <ccn>4</ccn>
      <javadocs>0</javadocs>
    </function>
    <function>
      <name>org.jdom.contrib.xpath.parser.XPathRecognizer.abbr_axis_specifier()</name>
      <ncss>16</ncss>
      <ccn>7</ccn>
      <javadocs>0</javadocs>
    </function>
    <function>
      <name>org.jdom.contrib.xpath.parser.XPathRecognizer.or_expr()</name>
      <ncss>30</ncss>
      <ccn>11</ccn>
      <javadocs>0</javadocs>
    </function>
    <function>
      <name>org.jdom.contrib.xpath.parser.XPathRecognizer.primary_expr()</name>
      <ncss>28</ncss>
      <ccn>9</ccn>
      <javadocs>0</javadocs>
    </function>
    <function>
      <name>org.jdom.contrib.xpath.parser.XPathRecognizer.variable_reference()</name>
      <ncss>10</ncss>
      <ccn>4</ccn>
      <javadocs>0</javadocs>
    </function>
    <function>
      <name>org.jdom.contrib.xpath.parser.XPathRecognizer.literal()</name>
      <ncss>9</ncss>
      <ccn>4</ccn>
      <javadocs>0</javadocs>
    </function>
    <function>
      <name>org.jdom.contrib.xpath.parser.XPathRecognizer.number()</name>
      <ncss>9</ncss>
      <ccn>4</ccn>
      <javadocs>0</javadocs>
    </function>
    <function>
      <name>org.jdom.contrib.xpath.parser.XPathRecognizer.arg_list()</name>
      <ncss>17</ncss>
      <ccn>6</ccn>
      <javadocs>0</javadocs>
    </function>
    <function>
      <name>org.jdom.contrib.xpath.parser.XPathRecognizer.argument()</name>
      <ncss>12</ncss>
      <ccn>4</ccn>
      <javadocs>0</javadocs>
    </function>
    <function>
      <name>org.jdom.contrib.xpath.parser.XPathRecognizer.path_expr()</name>
      <ncss>56</ncss>
      <ccn>37</ccn>
      <javadocs>0</javadocs>
    </function>
    <function>
      <name>org.jdom.contrib.xpath.parser.XPathRecognizer.filter_expr()</name>
      <ncss>19</ncss>
      <ccn>6</ccn>
      <javadocs>0</javadocs>
    </function>
    <function>
      <name>org.jdom.contrib.xpath.parser.XPathRecognizer.and_expr()</name>
      <ncss>31</ncss>
      <ccn>12</ccn>
      <javadocs>0</javadocs>
    </function>
    <function>
      <name>org.jdom.contrib.xpath.parser.XPathRecognizer.equality_expr()</name>
      <ncss>43</ncss>
      <ccn>18</ccn>
      <javadocs>0</javadocs>
    </function>
    <function>
      <name>org.jdom.contrib.xpath.parser.XPathRecognizer.relational_expr()</name>
      <ncss>57</ncss>
      <ccn>26</ccn>
      <javadocs>0</javadocs>
    </function>
    <function>
      <name>org.jdom.contrib.xpath.parser.XPathRecognizer.additive_expr()</name>
      <ncss>49</ncss>
      <ccn>24</ccn>
      <javadocs>0</javadocs>
    </function>
    <function>
      <name>org.jdom.contrib.xpath.parser.XPathRecognizer.mult_expr()</name>
      <ncss>57</ncss>
      <ccn>29</ccn>
      <javadocs>0</javadocs>
    </function>
    <function>
      <name>org.jdom.contrib.xpath.parser.XPathRecognizer.unary_expr()</name>
      <ncss>33</ncss>
      <ccn>18</ccn>
      <javadocs>0</javadocs>
    </function>
    <function>
      <name>org.jdom.contrib.xpath.TestDriver.main(String[])</name>
      <ncss>27</ncss>
      <ccn>5</ccn>
      <javadocs>0</javadocs>
    </function>
    <function>
      <name>org.jdom.contrib.xpath.XPath.XPath(String)</name>
      <ncss>3</ncss>
      <ccn>1</ccn>
      <javadocs>0</javadocs>
    </function>
    <function>
      <name>org.jdom.contrib.xpath.XPath.toString()</name>
      <ncss>2</ncss>
      <ccn>1</ccn>
      <javadocs>1</javadocs>
    </function>
    <function>
      <name>org.jdom.contrib.xpath.XPath.parse()</name>
      <ncss>10</ncss>
      <ccn>3</ccn>
      <javadocs>0</javadocs>
    </function>
    <function>
      <name>org.jdom.contrib.xpath.XPath.applyTo(NodeSet)</name>
      <ncss>2</ncss>
      <ccn>1</ccn>
      <javadocs>1</javadocs>
    </function>
    <function>
      <name>org.jdom.contrib.xpath.XPathElement.XPathElement()</name>
      <ncss>1</ncss>
      <ccn>1</ccn>
      <javadocs>1</javadocs>
    </function>
    <function>
      <name>org.jdom.contrib.xpath.XPathElement.XPathElement(Element)</name>
      <ncss>2</ncss>
      <ccn>1</ccn>
      <javadocs>1</javadocs>
    </function>
    <function>
      <name>org.jdom.contrib.xpath.XPathElement.toString()</name>
      <ncss>2</ncss>
      <ccn>1</ccn>
      <javadocs>0</javadocs>
    </function>
    <function>
      <name>org.jdom.contrib.xpath.XPathElement.extend(Element)</name>
      <ncss>3</ncss>
      <ccn>1</ccn>
      <javadocs>0</javadocs>
    </function>
    <function>
      <name>org.jdom.contrib.xpath.XPathElement.getElement()</name>
      <ncss>2</ncss>
      <ccn>1</ccn>
      <javadocs>0</javadocs>
    </function>
    <function>
      <name>org.jdom.contrib.xpath.XPathElement.getMatches(String)</name>
      <ncss>7</ncss>
      <ccn>2</ccn>
      <javadocs>0</javadocs>
    </function>
    <function>
      <name>org.jdom.contrib.xpath.XPathElement.getFirstMatch(String)</name>
      <ncss>6</ncss>
      <ccn>4</ccn>
      <javadocs>1</javadocs>
    </function>
    <function>
      <name>org.jdom.contrib.xpath.XPathElement.getTextMatch(String)</name>
      <ncss>8</ncss>
      <ccn>6</ccn>
      <javadocs>1</javadocs>
    </function>
    <function>
      <name>org.jdom.contrib.xpath.XPathElement.getElementMatch(String)</name>
      <ncss>8</ncss>
      <ccn>6</ccn>
      <javadocs>1</javadocs>
    </function>
    <function>
      <name>org.jdom.contrib.xpath.XPathElement.getAttributeMatch(String)</name>
      <ncss>8</ncss>
      <ccn>6</ccn>
      <javadocs>1</javadocs>
    </function>
    <function>
      <name>org.jdom.contrib.xpath.XPathElement.getRootElement()</name>
      <ncss>6</ncss>
      <ccn>4</ccn>
      <javadocs>1</javadocs>
    </function>
    <function>
      <name>org.jdom.contrib.xpath.XPathElement.getAncestors()</name>
      <ncss>5</ncss>
      <ccn>2</ccn>
      <javadocs>1</javadocs>
    </function>
    <function>
      <name>org.jdom.contrib.xpath.XPathElement.getNamespaces()</name>
      <ncss>8</ncss>
      <ccn>2</ccn>
      <javadocs>1</javadocs>
    </function>
    <function>
      <name>org.jdom.contrib.xpath.XPathElement.getComment()</name>
      <ncss>7</ncss>
      <ccn>4</ccn>
      <javadocs>1</javadocs>
    </function>
    <function>
      <name>org.jdom.contrib.xpath.XPathElement.getComments()</name>
      <ncss>7</ncss>
      <ccn>3</ccn>
      <javadocs>1</javadocs>
    </function>
    <function>
      <name>org.jdom.contrib.xpath.XPathElement.getTextChildren()</name>
      <ncss>7</ncss>
      <ccn>3</ccn>
      <javadocs>1</javadocs>
    </function>
    <function>
      <name>org.jdom.contrib.xpath.XPathElement.getProcessingInstructions()</name>
      <ncss>7</ncss>
      <ccn>3</ccn>
      <javadocs>1</javadocs>
    </function>
    <function>
      <name>org.jdom.contrib.xpath.XPathElement.getProcessingInstructions(String)</name>
      <ncss>7</ncss>
      <ccn>3</ccn>
      <javadocs>1</javadocs>
    </function>
    <function>
      <name>org.jdom.contrib.xpath.XPathElement.getChildren(String,String)</name>
      <ncss>13</ncss>
      <ccn>10</ccn>
      <javadocs>1</javadocs>
    </function>
    <function>
      <name>org.jdom.contrib.xpath.XPathElement.getAttribute(String,String)</name>
      <ncss>6</ncss>
      <ccn>4</ccn>
      <javadocs>1</javadocs>
    </function>
    <function>
      <name>org.jdom.contrib.xpath.XPathElement.getDescendants(String,String,boolean)</name>
      <ncss>4</ncss>
      <ccn>1</ccn>
      <javadocs>1</javadocs>
    </function>
    <function>
      <name>org.jdom.contrib.xpath.XPathElement.addDescendants(List,Element,String,String,boolean)</name>
      <ncss>8</ncss>
      <ccn>7</ccn>
      <javadocs>1</javadocs>
    </function>
    <function>
      <name>org.jdom.contrib.xpath.XPathElement.addUnique(List,Object)</name>
      <ncss>4</ncss>
      <ccn>3</ccn>
      <javadocs>1</javadocs>
    </function>
    <function>
      <name>org.jdom.contrib.xpath.XPathExpr.apply(Context)</name>
      <ncss>1</ncss>
      <ccn>1</ccn>
      <javadocs>1</javadocs>
    </function>
    <function>
      <name>org.jdom.contrib.xpath.XPathExpr.apply(NodeSet)</name>
      <ncss>1</ncss>
      <ccn>1</ccn>
      <javadocs>1</javadocs>
    </function>
    <function>
      <name>org.jdom.contrib.xpath.XPathParseException.XPathParseException(String)</name>
      <ncss>2</ncss>
      <ccn>1</ccn>
      <javadocs>1</javadocs>
    </function>
    <function>
      <name>org.jdom.contrib.xpath.XPathParseException.XPathParseException(String,Throwable)</name>
      <ncss>2</ncss>
      <ccn>1</ccn>
      <javadocs>1</javadocs>
    </function>
    <function_averages>
      <ncss>7.72</ncss>
      <ccn>3.66</ccn>
      <javadocs>0.56</javadocs>
    </function_averages>
    <ncss>4,054.00</ncss>
  </functions>
</javancss>
