<?xml version="1.0"?>
<javancss>
  <date>2008-09-16</date>
  <time>23:19:34</time>
  <packages>
    <package>
      <name>.</name>
      <classes>3</classes>
      <functions>8</functions>
      <ncss>111</ncss>
      <javadocs>1</javadocs>
      <javadoc_lines>14</javadoc_lines>
      <single_comment_lines>21</single_comment_lines>
      <multi_comment_lines>4</multi_comment_lines>
    </package>
    <package>
      <name>org.jdom.contrib.beans</name>
      <classes>7</classes>
      <functions>84</functions>
      <ncss>731</ncss>
      <javadocs>36</javadocs>
      <javadoc_lines>341</javadoc_lines>
      <single_comment_lines>103</single_comment_lines>
      <multi_comment_lines>217</multi_comment_lines>
    </package>
    <package>
      <name>org.jdom.contrib.helpers</name>
      <classes>1</classes>
      <functions>7</functions>
      <ncss>54</ncss>
      <javadocs>8</javadocs>
      <javadoc_lines>90</javadoc_lines>
      <single_comment_lines>0</single_comment_lines>
      <multi_comment_lines>53</multi_comment_lines>
    </package>
    <package>
      <name>org.jdom.contrib.ids</name>
      <classes>3</classes>
      <functions>22</functions>
      <ncss>103</ncss>
      <javadocs>12</javadocs>
      <javadoc_lines>141</javadoc_lines>
      <single_comment_lines>29</single_comment_lines>
      <multi_comment_lines>165</multi_comment_lines>
    </package>
    <package>
      <name>org.jdom.contrib.input</name>
      <classes>2</classes>
      <functions>23</functions>
      <ncss>141</ncss>
      <javadocs>22</javadocs>
      <javadoc_lines>250</javadoc_lines>
      <single_comment_lines>4</single_comment_lines>
      <multi_comment_lines>90</multi_comment_lines>
    </package>
    <package>
      <name>org.jdom.contrib.output</name>
      <classes>1</classes>
      <functions>6</functions>
      <ncss>35</ncss>
      <javadocs>2</javadocs>
      <javadoc_lines>12</javadoc_lines>
      <single_comment_lines>1</single_comment_lines>
      <multi_comment_lines>63</multi_comment_lines>
    </package>
    <total>
      <classes>17</classes>
      <functions>150</functions>
      <ncss>1175</ncss>
      <javadocs>81</javadocs>
      <javadoc_lines>848</javadoc_lines>
      <single_comment_lines>158</single_comment_lines>
      <multi_comment_lines>592</multi_comment_lines>
    </total>
    <table>
      <tr><td>Packages</td><td>Classes</td><td>Functions</td><td>NCSS</td><td>Javadocs</td><td>per</td></tr>
      <tr><td>6.00</td><td>17.00</td><td>150.00</td><td>1,175.00</td><td>81.00</td><td>Project</td></tr>
      <tr><td></td><td>2.83</td><td>25.00</td><td>195.83</td><td>13.50</td><td>Package</td></tr>
      <tr><td></td><td></td><td>8.82</td><td>69.12</td><td>4.76</td><td>Class</td></tr>
      <tr><td></td><td></td><td></td><td>7.83</td><td>0.54</td><td>Function</td></tr>
    </table>
  </packages>

  <objects>
    <object>
      <name>Ident</name>
      <ncss>57</ncss>
      <functions>4</functions>
      <classes>0</classes>
      <javadocs>1</javadocs>
    </object>
    <object>
      <name>org.jdom.contrib.beans.BeanMapper</name>
      <ncss>371</ncss>
      <functions>41</functions>
      <classes>1</classes>
      <javadocs>22</javadocs>
    </object>
    <object>
      <name>org.jdom.contrib.beans.BeanMapperException</name>
      <ncss>17</ncss>
      <functions>5</functions>
      <classes>0</classes>
      <javadocs>1</javadocs>
    </object>
    <object>
      <name>org.jdom.contrib.beans.DateUtils</name>
      <ncss>80</ncss>
      <functions>5</functions>
      <classes>1</classes>
      <javadocs>3</javadocs>
    </object>
    <object>
      <name>org.jdom.contrib.beans.JDOMBean</name>
      <ncss>66</ncss>
      <functions>10</functions>
      <classes>1</classes>
      <javadocs>9</javadocs>
    </object>
    <object>
      <name>org.jdom.contrib.beans.StringConverter</name>
      <ncss>39</ncss>
      <functions>3</functions>
      <classes>2</classes>
      <javadocs>1</javadocs>
    </object>
    <object>
      <name>org.jdom.contrib.beans.TestBean</name>
      <ncss>45</ncss>
      <functions>10</functions>
      <classes>0</classes>
      <javadocs>0</javadocs>
    </object>
    <object>
      <name>org.jdom.contrib.beans.TestIndexed</name>
      <ncss>65</ncss>
      <functions>10</functions>
      <classes>0</classes>
      <javadocs>0</javadocs>
    </object>
    <object>
      <name>org.jdom.contrib.helpers.TextHelper</name>
      <ncss>52</ncss>
      <functions>7</functions>
      <classes>0</classes>
      <javadocs>8</javadocs>
    </object>
    <object>
      <name>TestIds</name>
      <ncss>16</ncss>
      <functions>1</functions>
      <classes>0</classes>
      <javadocs>0</javadocs>
    </object>
    <object>
      <name>org.jdom.contrib.ids.IdDocument</name>
      <ncss>13</ncss>
      <functions>5</functions>
      <classes>0</classes>
      <javadocs>6</javadocs>
    </object>
    <object>
      <name>org.jdom.contrib.ids.IdElement</name>
      <ncss>58</ncss>
      <functions>10</functions>
      <classes>0</classes>
      <javadocs>4</javadocs>
    </object>
    <object>
      <name>org.jdom.contrib.ids.IdFactory</name>
      <ncss>15</ncss>
      <functions>7</functions>
      <classes>0</classes>
      <javadocs>2</javadocs>
    </object>
    <object>
      <name>org.jdom.contrib.input.ResultSetBuilder</name>
      <ncss>116</ncss>
      <functions>17</functions>
      <classes>0</classes>
      <javadocs>15</javadocs>
    </object>
    <object>
      <name>org.jdom.contrib.input.SpitfireBuilder</name>
      <ncss>14</ncss>
      <functions>6</functions>
      <classes>0</classes>
      <javadocs>7</javadocs>
    </object>
    <object>
      <name>org.jdom.contrib.output.JTreeOutputter</name>
      <ncss>25</ncss>
      <functions>6</functions>
      <classes>0</classes>
      <javadocs>2</javadocs>
    </object>
    <object>
      <name>WhichClass</name>
      <ncss>25</ncss>
      <functions>3</functions>
      <classes>0</classes>
      <javadocs>0</javadocs>
    </object>
    <averages>
      <ncss>63.18</ncss>
      <functions>8.82</functions>
      <classes>0.29</classes>
      <javadocs>4.76</javadocs>
    </averages>
    <ncss>1,175.00</ncss>
  </objects>

  <functions>
    <function>
      <name>Ident.main(String[])</name>
      <ncss>16</ncss>
      <ccn>5</ccn>
      <javadocs>0</javadocs>
    </function>
    <function>
      <name>Ident.printUsage()</name>
      <ncss>3</ncss>
      <ccn>1</ccn>
      <javadocs>0</javadocs>
    </function>
    <function>
      <name>Ident.isZip(String)</name>
      <ncss>2</ncss>
      <ccn>2</ccn>
      <javadocs>0</javadocs>
    </function>
    <function>
      <name>Ident.scan(InputStream)</name>
      <ncss>27</ncss>
      <ccn>10</ccn>
      <javadocs>0</javadocs>
    </function>
    <function>
      <name>org.jdom.contrib.beans.BeanMapper.BeanMapper()</name>
      <ncss>1</ncss>
      <ccn>1</ccn>
      <javadocs>1</javadocs>
    </function>
    <function>
      <name>org.jdom.contrib.beans.BeanMapper.setBeanPackage(String)</name>
      <ncss>2</ncss>
      <ccn>1</ccn>
      <javadocs>1</javadocs>
    </function>
    <function>
      <name>org.jdom.contrib.beans.BeanMapper.setNamespace(Namespace)</name>
      <ncss>2</ncss>
      <ccn>1</ccn>
      <javadocs>1</javadocs>
    </function>
    <function>
      <name>org.jdom.contrib.beans.BeanMapper.getStringConverter()</name>
      <ncss>2</ncss>
      <ccn>1</ccn>
      <javadocs>1</javadocs>
    </function>
    <function>
      <name>org.jdom.contrib.beans.BeanMapper.setStringConverter(StringConverter)</name>
      <ncss>2</ncss>
      <ccn>1</ccn>
      <javadocs>1</javadocs>
    </function>
    <function>
      <name>org.jdom.contrib.beans.BeanMapper.setIgnoreNullProperties(boolean)</name>
      <ncss>2</ncss>
      <ccn>1</ccn>
      <javadocs>1</javadocs>
    </function>
    <function>
      <name>org.jdom.contrib.beans.BeanMapper.setIgnoreMissingProperties(boolean)</name>
      <ncss>2</ncss>
      <ccn>1</ccn>
      <javadocs>1</javadocs>
    </function>
    <function>
      <name>org.jdom.contrib.beans.BeanMapper.toDocument(Object)</name>
      <ncss>2</ncss>
      <ccn>1</ccn>
      <javadocs>1</javadocs>
    </function>
    <function>
      <name>org.jdom.contrib.beans.BeanMapper.toDocument(Object,String)</name>
      <ncss>4</ncss>
      <ccn>1</ccn>
      <javadocs>1</javadocs>
    </function>
    <function>
      <name>org.jdom.contrib.beans.BeanMapper.toElement(Object)</name>
      <ncss>2</ncss>
      <ccn>1</ccn>
      <javadocs>1</javadocs>
    </function>
    <function>
      <name>org.jdom.contrib.beans.BeanMapper.toElement(Object,String)</name>
      <ncss>62</ncss>
      <ccn>25</ccn>
      <javadocs>1</javadocs>
    </function>
    <function>
      <name>org.jdom.contrib.beans.BeanMapper.convertValue(Object)</name>
      <ncss>19</ncss>
      <ccn>7</ccn>
      <javadocs>1</javadocs>
    </function>
    <function>
      <name>org.jdom.contrib.beans.BeanMapper.setElementValue(String,String,Element,Element,Object)</name>
      <ncss>20</ncss>
      <ccn>8</ccn>
      <javadocs>0</javadocs>
    </function>
    <function>
      <name>org.jdom.contrib.beans.BeanMapper.toBean(Document)</name>
      <ncss>2</ncss>
      <ccn>1</ccn>
      <javadocs>1</javadocs>
    </function>
    <function>
      <name>org.jdom.contrib.beans.BeanMapper.toBean(Element)</name>
      <ncss>38</ncss>
      <ccn>10</ccn>
      <javadocs>0</javadocs>
    </function>
    <function>
      <name>org.jdom.contrib.beans.BeanMapper.instantiateBean(String)</name>
      <ncss>15</ncss>
      <ccn>8</ccn>
      <javadocs>1</javadocs>
    </function>
    <function>
      <name>org.jdom.contrib.beans.BeanMapper.getBeanClassName(String,String)</name>
      <ncss>2</ncss>
      <ccn>2</ccn>
      <javadocs>0</javadocs>
    </function>
    <function>
      <name>org.jdom.contrib.beans.BeanMapper.findPropertyDescriptor(Object,String)</name>
      <ncss>13</ncss>
      <ccn>9</ccn>
      <javadocs>0</javadocs>
    </function>
    <function>
      <name>org.jdom.contrib.beans.BeanMapper.setProperty(Object,String,Object)</name>
      <ncss>2</ncss>
      <ccn>1</ccn>
      <javadocs>1</javadocs>
    </function>
    <function>
      <name>org.jdom.contrib.beans.BeanMapper.setProperty(Object,PropertyDescriptor,Element,Object)</name>
      <ncss>26</ncss>
      <ccn>12</ccn>
      <javadocs>1</javadocs>
    </function>
    <function>
      <name>org.jdom.contrib.beans.BeanMapper.convertString(String,Class)</name>
      <ncss>7</ncss>
      <ccn>5</ccn>
      <javadocs>0</javadocs>
    </function>
    <function>
      <name>org.jdom.contrib.beans.BeanMapper.convertJDOMValue(Object,Class)</name>
      <ncss>23</ncss>
      <ccn>9</ccn>
      <javadocs>0</javadocs>
    </function>
    <function>
      <name>org.jdom.contrib.beans.BeanMapper.buildArray(PropertyDescriptor,List)</name>
      <ncss>13</ncss>
      <ccn>4</ccn>
      <javadocs>1</javadocs>
    </function>
    <function>
      <name>org.jdom.contrib.beans.BeanMapper.getArrayItemClass(Class)</name>
      <ncss>33</ncss>
      <ccn>10</ccn>
      <javadocs>0</javadocs>
    </function>
    <function>
      <name>org.jdom.contrib.beans.BeanMapper.addMapping(String,String)</name>
      <ncss>2</ncss>
      <ccn>1</ccn>
      <javadocs>1</javadocs>
    </function>
    <function>
      <name>org.jdom.contrib.beans.BeanMapper.addMapping(String,String,String)</name>
      <ncss>2</ncss>
      <ccn>1</ccn>
      <javadocs>1</javadocs>
    </function>
    <function>
      <name>org.jdom.contrib.beans.BeanMapper.addMapping(String,Class,String,String)</name>
      <ncss>2</ncss>
      <ccn>1</ccn>
      <javadocs>1</javadocs>
    </function>
    <function>
      <name>org.jdom.contrib.beans.BeanMapper.addMapping(Mapping)</name>
      <ncss>2</ncss>
      <ccn>1</ccn>
      <javadocs>0</javadocs>
    </function>
    <function>
      <name>org.jdom.contrib.beans.BeanMapper.getMappingForProperty(String)</name>
      <ncss>7</ncss>
      <ccn>5</ccn>
      <javadocs>0</javadocs>
    </function>
    <function>
      <name>org.jdom.contrib.beans.BeanMapper.getMappingForElement(String)</name>
      <ncss>7</ncss>
      <ccn>4</ccn>
      <javadocs>0</javadocs>
    </function>
    <function>
      <name>org.jdom.contrib.beans.BeanMapper.getMappingForAttribute(String,String)</name>
      <ncss>7</ncss>
      <ccn>7</ccn>
      <javadocs>0</javadocs>
    </function>
    <function>
      <name>org.jdom.contrib.beans.BeanMapper.Mapping.Mapping(String,Class,String,String)</name>
      <ncss>5</ncss>
      <ccn>1</ccn>
      <javadocs>1</javadocs>
    </function>
    <function>
      <name>org.jdom.contrib.beans.BeanMapper.ignoreProperty(String)</name>
      <ncss>2</ncss>
      <ccn>1</ccn>
      <javadocs>0</javadocs>
    </function>
    <function>
      <name>org.jdom.contrib.beans.BeanMapper.isIgnoredProperty(String)</name>
      <ncss>2</ncss>
      <ccn>1</ccn>
      <javadocs>0</javadocs>
    </function>
    <function>
      <name>org.jdom.contrib.beans.BeanMapper.ignoreElement(String)</name>
      <ncss>2</ncss>
      <ccn>1</ccn>
      <javadocs>0</javadocs>
    </function>
    <function>
      <name>org.jdom.contrib.beans.BeanMapper.isIgnoredElement(String)</name>
      <ncss>2</ncss>
      <ccn>1</ccn>
      <javadocs>0</javadocs>
    </function>
    <function>
      <name>org.jdom.contrib.beans.BeanMapper.toAttributeString(String,String)</name>
      <ncss>2</ncss>
      <ccn>2</ccn>
      <javadocs>0</javadocs>
    </function>
    <function>
      <name>org.jdom.contrib.beans.BeanMapper.ignoreAttribute(String,String)</name>
      <ncss>2</ncss>
      <ccn>1</ccn>
      <javadocs>0</javadocs>
    </function>
    <function>
      <name>org.jdom.contrib.beans.BeanMapper.isIgnoredAttribute(String,String)</name>
      <ncss>2</ncss>
      <ccn>1</ccn>
      <javadocs>0</javadocs>
    </function>
    <function>
      <name>org.jdom.contrib.beans.BeanMapper.createElement(String)</name>
      <ncss>2</ncss>
      <ccn>2</ccn>
      <javadocs>0</javadocs>
    </function>
    <function>
      <name>org.jdom.contrib.beans.BeanMapper.unpackage(String)</name>
      <ncss>6</ncss>
      <ccn>2</ccn>
      <javadocs>0</javadocs>
    </function>
    <function>
      <name>org.jdom.contrib.beans.BeanMapper.debug(String)</name>
      <ncss>3</ncss>
      <ccn>2</ccn>
      <javadocs>0</javadocs>
    </function>
    <function>
      <name>org.jdom.contrib.beans.BeanMapperException.BeanMapperException(Exception)</name>
      <ncss>3</ncss>
      <ccn>1</ccn>
      <javadocs>0</javadocs>
    </function>
    <function>
      <name>org.jdom.contrib.beans.BeanMapperException.BeanMapperException(String,Exception)</name>
      <ncss>3</ncss>
      <ccn>1</ccn>
      <javadocs>0</javadocs>
    </function>
    <function>
      <name>org.jdom.contrib.beans.BeanMapperException.BeanMapperException(String)</name>
      <ncss>2</ncss>
      <ccn>1</ccn>
      <javadocs>0</javadocs>
    </function>
    <function>
      <name>org.jdom.contrib.beans.BeanMapperException.getRootCause()</name>
      <ncss>2</ncss>
      <ccn>1</ccn>
      <javadocs>0</javadocs>
    </function>
    <function>
      <name>org.jdom.contrib.beans.BeanMapperException.printStackTrace()</name>
      <ncss>5</ncss>
      <ccn>2</ccn>
      <javadocs>0</javadocs>
    </function>
    <function>
      <name>org.jdom.contrib.beans.DateUtils.parseDate(String)</name>
      <ncss>28</ncss>
      <ccn>10</ccn>
      <javadocs>1</javadocs>
    </function>
    <function>
      <name>org.jdom.contrib.beans.DateUtils.parseISO8601(String)</name>
      <ncss>27</ncss>
      <ccn>6</ccn>
      <javadocs>0</javadocs>
    </function>
    <function>
      <name>org.jdom.contrib.beans.DateUtils.toInt(String)</name>
      <ncss>6</ncss>
      <ccn>5</ccn>
      <javadocs>0</javadocs>
    </function>
    <function>
      <name>org.jdom.contrib.beans.DateUtils.showParens(RE)</name>
      <ncss>3</ncss>
      <ccn>2</ccn>
      <javadocs>1</javadocs>
    </function>
    <function>
      <name>org.jdom.contrib.beans.DateUtils.main(String[])</name>
      <ncss>4</ncss>
      <ccn>2</ccn>
      <javadocs>0</javadocs>
    </function>
    <function>
      <name>org.jdom.contrib.beans.JDOMBean.JDOMBean()</name>
      <ncss>2</ncss>
      <ccn>1</ccn>
      <javadocs>1</javadocs>
    </function>
    <function>
      <name>org.jdom.contrib.beans.JDOMBean.JDOMBean(String)</name>
      <ncss>2</ncss>
      <ccn>1</ccn>
      <javadocs>1</javadocs>
    </function>
    <function>
      <name>org.jdom.contrib.beans.JDOMBean.setParser(String)</name>
      <ncss>3</ncss>
      <ccn>1</ccn>
      <javadocs>1</javadocs>
    </function>
    <function>
      <name>org.jdom.contrib.beans.JDOMBean.getParser()</name>
      <ncss>2</ncss>
      <ccn>1</ccn>
      <javadocs>1</javadocs>
    </function>
    <function>
      <name>org.jdom.contrib.beans.JDOMBean.setFileRoot(String)</name>
      <ncss>5</ncss>
      <ccn>2</ccn>
      <javadocs>1</javadocs>
    </function>
    <function>
      <name>org.jdom.contrib.beans.JDOMBean.getFileRoot()</name>
      <ncss>5</ncss>
      <ccn>3</ccn>
      <javadocs>1</javadocs>
    </function>
    <function>
      <name>org.jdom.contrib.beans.JDOMBean.getDocument(String)</name>
      <ncss>8</ncss>
      <ccn>3</ccn>
      <javadocs>1</javadocs>
    </function>
    <function>
      <name>org.jdom.contrib.beans.JDOMBean.getRootElement(String)</name>
      <ncss>5</ncss>
      <ccn>3</ccn>
      <javadocs>1</javadocs>
    </function>
    <function>
      <name>org.jdom.contrib.beans.JDOMBean.getFile(String)</name>
      <ncss>6</ncss>
      <ccn>3</ccn>
      <javadocs>0</javadocs>
    </function>
    <function>
      <name>org.jdom.contrib.beans.JDOMBean.FileInfo.FileInfo(String,long,Document)</name>
      <ncss>4</ncss>
      <ccn>1</ccn>
      <javadocs>0</javadocs>
    </function>
    <function>
      <name>org.jdom.contrib.beans.JDOMBean.main(String[])</name>
      <ncss>14</ncss>
      <ccn>3</ccn>
      <javadocs>0</javadocs>
    </function>
    <function>
      <name>org.jdom.contrib.beans.StringConverter.Factory.instantiate(String)</name>
      <ncss>1</ncss>
      <ccn>1</ccn>
      <javadocs>0</javadocs>
    </function>
    <function>
      <name>org.jdom.contrib.beans.StringConverter.DateFactory.instantiate(String)</name>
      <ncss>2</ncss>
      <ccn>1</ccn>
      <javadocs>0</javadocs>
    </function>
    <function>
      <name>org.jdom.contrib.beans.StringConverter.StringConverter()</name>
      <ncss>3</ncss>
      <ccn>2</ccn>
      <javadocs>0</javadocs>
    </function>
    <function>
      <name>org.jdom.contrib.beans.StringConverter.setFactory(Class,Factory)</name>
      <ncss>2</ncss>
      <ccn>1</ccn>
      <javadocs>0</javadocs>
    </function>
    <function>
      <name>org.jdom.contrib.beans.StringConverter.parse(String,Class)</name>
      <ncss>26</ncss>
      <ccn>15</ccn>
      <javadocs>0</javadocs>
    </function>
    <function>
      <name>org.jdom.contrib.beans.TestBean.getName()</name>
      <ncss>2</ncss>
      <ccn>1</ccn>
      <javadocs>0</javadocs>
    </function>
    <function>
      <name>org.jdom.contrib.beans.TestBean.getAge()</name>
      <ncss>2</ncss>
      <ccn>1</ccn>
      <javadocs>0</javadocs>
    </function>
    <function>
      <name>org.jdom.contrib.beans.TestBean.getBirthdate()</name>
      <ncss>2</ncss>
      <ccn>1</ccn>
      <javadocs>0</javadocs>
    </function>
    <function>
      <name>org.jdom.contrib.beans.TestBean.getFriend()</name>
      <ncss>2</ncss>
      <ccn>1</ccn>
      <javadocs>0</javadocs>
    </function>
    <function>
      <name>org.jdom.contrib.beans.TestBean.setName(String)</name>
      <ncss>2</ncss>
      <ccn>1</ccn>
      <javadocs>0</javadocs>
    </function>
    <function>
      <name>org.jdom.contrib.beans.TestBean.setAge(int)</name>
      <ncss>2</ncss>
      <ccn>1</ccn>
      <javadocs>0</javadocs>
    </function>
    <function>
      <name>org.jdom.contrib.beans.TestBean.setBirthdate(Date)</name>
      <ncss>2</ncss>
      <ccn>1</ccn>
      <javadocs>0</javadocs>
    </function>
    <function>
      <name>org.jdom.contrib.beans.TestBean.setFriend(TestBean)</name>
      <ncss>2</ncss>
      <ccn>1</ccn>
      <javadocs>0</javadocs>
    </function>
    <function>
      <name>org.jdom.contrib.beans.TestBean.toString()</name>
      <ncss>2</ncss>
      <ccn>1</ccn>
      <javadocs>0</javadocs>
    </function>
    <function>
      <name>org.jdom.contrib.beans.TestBean.main(String[])</name>
      <ncss>22</ncss>
      <ccn>2</ccn>
      <javadocs>0</javadocs>
    </function>
    <function>
      <name>org.jdom.contrib.beans.TestIndexed.getName()</name>
      <ncss>2</ncss>
      <ccn>1</ccn>
      <javadocs>0</javadocs>
    </function>
    <function>
      <name>org.jdom.contrib.beans.TestIndexed.setName(String)</name>
      <ncss>2</ncss>
      <ccn>1</ccn>
      <javadocs>0</javadocs>
    </function>
    <function>
      <name>org.jdom.contrib.beans.TestIndexed.getTopping(int)</name>
      <ncss>2</ncss>
      <ccn>1</ccn>
      <javadocs>0</javadocs>
    </function>
    <function>
      <name>org.jdom.contrib.beans.TestIndexed.setTopping(int,String)</name>
      <ncss>4</ncss>
      <ccn>2</ccn>
      <javadocs>0</javadocs>
    </function>
    <function>
      <name>org.jdom.contrib.beans.TestIndexed.getTopping()</name>
      <ncss>5</ncss>
      <ccn>2</ccn>
      <javadocs>0</javadocs>
    </function>
    <function>
      <name>org.jdom.contrib.beans.TestIndexed.setTopping(String[])</name>
      <ncss>3</ncss>
      <ccn>2</ccn>
      <javadocs>0</javadocs>
    </function>
    <function>
      <name>org.jdom.contrib.beans.TestIndexed.getMeasurements()</name>
      <ncss>2</ncss>
      <ccn>1</ccn>
      <javadocs>0</javadocs>
    </function>
    <function>
      <name>org.jdom.contrib.beans.TestIndexed.setMeasurements(measurements[])</name>
      <ncss>2</ncss>
      <ccn>1</ccn>
      <javadocs>0</javadocs>
    </function>
    <function>
      <name>org.jdom.contrib.beans.TestIndexed.toString()</name>
      <ncss>10</ncss>
      <ccn>3</ccn>
      <javadocs>0</javadocs>
    </function>
    <function>
      <name>org.jdom.contrib.beans.TestIndexed.main(String[])</name>
      <ncss>29</ncss>
      <ccn>3</ccn>
      <javadocs>0</javadocs>
    </function>
    <function>
      <name>org.jdom.contrib.helpers.TextHelper.normalize(String)</name>
      <ncss>17</ncss>
      <ccn>9</ccn>
      <javadocs>1</javadocs>
    </function>
    <function>
      <name>org.jdom.contrib.helpers.TextHelper.getChildText(Element,String)</name>
      <ncss>5</ncss>
      <ccn>3</ccn>
      <javadocs>1</javadocs>
    </function>
    <function>
      <name>org.jdom.contrib.helpers.TextHelper.getChildText(Element,String,Namespace)</name>
      <ncss>5</ncss>
      <ccn>3</ccn>
      <javadocs>1</javadocs>
    </function>
    <function>
      <name>org.jdom.contrib.helpers.TextHelper.getChildTextTrim(Element,String)</name>
      <ncss>6</ncss>
      <ccn>3</ccn>
      <javadocs>1</javadocs>
    </function>
    <function>
      <name>org.jdom.contrib.helpers.TextHelper.getChildTextTrim(Element,String,Namespace)</name>
      <ncss>6</ncss>
      <ccn>3</ccn>
      <javadocs>1</javadocs>
    </function>
    <function>
      <name>org.jdom.contrib.helpers.TextHelper.getChildTextNormalize(Element,String)</name>
      <ncss>6</ncss>
      <ccn>3</ccn>
      <javadocs>1</javadocs>
    </function>
    <function>
      <name>org.jdom.contrib.helpers.TextHelper.getChildTextNormalize(Element,String,Namespace)</name>
      <ncss>6</ncss>
      <ccn>3</ccn>
      <javadocs>1</javadocs>
    </function>
    <function>
      <name>TestIds.main(String[])</name>
      <ncss>15</ncss>
      <ccn>3</ccn>
      <javadocs>0</javadocs>
    </function>
    <function>
      <name>org.jdom.contrib.ids.IdDocument.IdDocument(Element,DocType)</name>
      <ncss>2</ncss>
      <ccn>1</ccn>
      <javadocs>1</javadocs>
    </function>
    <function>
      <name>org.jdom.contrib.ids.IdDocument.IdDocument(Element)</name>
      <ncss>2</ncss>
      <ccn>1</ccn>
      <javadocs>1</javadocs>
    </function>
    <function>
      <name>org.jdom.contrib.ids.IdDocument.getElementById(String)</name>
      <ncss>2</ncss>
      <ccn>1</ccn>
      <javadocs>1</javadocs>
    </function>
    <function>
      <name>org.jdom.contrib.ids.IdDocument.addId(String,Element)</name>
      <ncss>3</ncss>
      <ccn>1</ccn>
      <javadocs>1</javadocs>
    </function>
    <function>
      <name>org.jdom.contrib.ids.IdDocument.removeId(String)</name>
      <ncss>2</ncss>
      <ccn>1</ccn>
      <javadocs>1</javadocs>
    </function>
    <function>
      <name>org.jdom.contrib.ids.IdElement.IdElement(String,Namespace)</name>
      <ncss>2</ncss>
      <ccn>1</ccn>
      <javadocs>0</javadocs>
    </function>
    <function>
      <name>org.jdom.contrib.ids.IdElement.IdElement(String)</name>
      <ncss>2</ncss>
      <ccn>1</ccn>
      <javadocs>0</javadocs>
    </function>
    <function>
      <name>org.jdom.contrib.ids.IdElement.IdElement(String,String)</name>
      <ncss>2</ncss>
      <ccn>1</ccn>
      <javadocs>0</javadocs>
    </function>
    <function>
      <name>org.jdom.contrib.ids.IdElement.IdElement(String,String,String)</name>
      <ncss>2</ncss>
      <ccn>1</ccn>
      <javadocs>0</javadocs>
    </function>
    <function>
      <name>org.jdom.contrib.ids.IdElement.setDocument(Document)</name>
      <ncss>6</ncss>
      <ccn>2</ccn>
      <javadocs>0</javadocs>
    </function>
    <function>
      <name>org.jdom.contrib.ids.IdElement.setParent(Element)</name>
      <ncss>7</ncss>
      <ccn>3</ccn>
      <javadocs>0</javadocs>
    </function>
    <function>
      <name>org.jdom.contrib.ids.IdElement.setAttribute(Attribute)</name>
      <ncss>7</ncss>
      <ccn>3</ccn>
      <javadocs>0</javadocs>
    </function>
    <function>
      <name>org.jdom.contrib.ids.IdElement.transferIds(Document,Document)</name>
      <ncss>13</ncss>
      <ccn>7</ccn>
      <javadocs>1</javadocs>
    </function>
    <function>
      <name>org.jdom.contrib.ids.IdElement.getIds(Element,Map)</name>
      <ncss>8</ncss>
      <ccn>3</ccn>
      <javadocs>1</javadocs>
    </function>
    <function>
      <name>org.jdom.contrib.ids.IdElement.addIdAttributes(Element,Map)</name>
      <ncss>8</ncss>
      <ccn>3</ccn>
      <javadocs>1</javadocs>
    </function>
    <function>
      <name>org.jdom.contrib.ids.IdFactory.IdFactory()</name>
      <ncss>2</ncss>
      <ccn>1</ccn>
      <javadocs>1</javadocs>
    </function>
    <function>
      <name>org.jdom.contrib.ids.IdFactory.document(Element,DocType)</name>
      <ncss>2</ncss>
      <ccn>1</ccn>
      <javadocs>0</javadocs>
    </function>
    <function>
      <name>org.jdom.contrib.ids.IdFactory.document(Element)</name>
      <ncss>2</ncss>
      <ccn>1</ccn>
      <javadocs>0</javadocs>
    </function>
    <function>
      <name>org.jdom.contrib.ids.IdFactory.element(String,Namespace)</name>
      <ncss>2</ncss>
      <ccn>1</ccn>
      <javadocs>0</javadocs>
    </function>
    <function>
      <name>org.jdom.contrib.ids.IdFactory.element(String)</name>
      <ncss>2</ncss>
      <ccn>1</ccn>
      <javadocs>0</javadocs>
    </function>
    <function>
      <name>org.jdom.contrib.ids.IdFactory.element(String,String)</name>
      <ncss>2</ncss>
      <ccn>1</ccn>
      <javadocs>0</javadocs>
    </function>
    <function>
      <name>org.jdom.contrib.ids.IdFactory.element(String,String,String)</name>
      <ncss>2</ncss>
      <ccn>1</ccn>
      <javadocs>0</javadocs>
    </function>
    <function>
      <name>org.jdom.contrib.input.ResultSetBuilder.ResultSetBuilder(ResultSet)</name>
      <ncss>5</ncss>
      <ccn>2</ccn>
      <javadocs>1</javadocs>
    </function>
    <function>
      <name>org.jdom.contrib.input.ResultSetBuilder.ResultSetBuilder(ResultSet,String,String)</name>
      <ncss>4</ncss>
      <ccn>1</ccn>
      <javadocs>1</javadocs>
    </function>
    <function>
      <name>org.jdom.contrib.input.ResultSetBuilder.ResultSetBuilder(ResultSet,String,String,Namespace)</name>
      <ncss>3</ncss>
      <ccn>1</ccn>
      <javadocs>1</javadocs>
    </function>
    <function>
      <name>org.jdom.contrib.input.ResultSetBuilder.build()</name>
      <ncss>34</ncss>
      <ccn>15</ccn>
      <javadocs>1</javadocs>
    </function>
    <function>
      <name>org.jdom.contrib.input.ResultSetBuilder.getString(ResultSet,int,int)</name>
      <ncss>14</ncss>
      <ccn>10</ccn>
      <javadocs>0</javadocs>
    </function>
    <function>
      <name>org.jdom.contrib.input.ResultSetBuilder.lookupName(String)</name>
      <ncss>6</ncss>
      <ccn>3</ccn>
      <javadocs>0</javadocs>
    </function>
    <function>
      <name>org.jdom.contrib.input.ResultSetBuilder.isAttribute(String)</name>
      <ncss>6</ncss>
      <ccn>3</ccn>
      <javadocs>0</javadocs>
    </function>
    <function>
      <name>org.jdom.contrib.input.ResultSetBuilder.setRootName(String)</name>
      <ncss>2</ncss>
      <ccn>1</ccn>
      <javadocs>1</javadocs>
    </function>
    <function>
      <name>org.jdom.contrib.input.ResultSetBuilder.setRowName(String)</name>
      <ncss>2</ncss>
      <ccn>1</ccn>
      <javadocs>1</javadocs>
    </function>
    <function>
      <name>org.jdom.contrib.input.ResultSetBuilder.setNamespace(Namespace)</name>
      <ncss>2</ncss>
      <ccn>1</ccn>
      <javadocs>1</javadocs>
    </function>
    <function>
      <name>org.jdom.contrib.input.ResultSetBuilder.setMaxRows(int)</name>
      <ncss>2</ncss>
      <ccn>1</ccn>
      <javadocs>1</javadocs>
    </function>
    <function>
      <name>org.jdom.contrib.input.ResultSetBuilder.setAsAttribute(String)</name>
      <ncss>2</ncss>
      <ccn>1</ccn>
      <javadocs>1</javadocs>
    </function>
    <function>
      <name>org.jdom.contrib.input.ResultSetBuilder.setAsAttribute(String,String)</name>
      <ncss>3</ncss>
      <ccn>1</ccn>
      <javadocs>1</javadocs>
    </function>
    <function>
      <name>org.jdom.contrib.input.ResultSetBuilder.setAsAttribute(int)</name>
      <ncss>5</ncss>
      <ccn>2</ccn>
      <javadocs>1</javadocs>
    </function>
    <function>
      <name>org.jdom.contrib.input.ResultSetBuilder.setAsAttribute(int,String)</name>
      <ncss>6</ncss>
      <ccn>2</ccn>
      <javadocs>1</javadocs>
    </function>
    <function>
      <name>org.jdom.contrib.input.ResultSetBuilder.setAsElement(String,String)</name>
      <ncss>4</ncss>
      <ccn>1</ccn>
      <javadocs>1</javadocs>
    </function>
    <function>
      <name>org.jdom.contrib.input.ResultSetBuilder.setAsElement(int,String)</name>
      <ncss>6</ncss>
      <ccn>2</ccn>
      <javadocs>1</javadocs>
    </function>
    <function>
      <name>org.jdom.contrib.input.SpitfireBuilder.SpitfireBuilder()</name>
      <ncss>2</ncss>
      <ccn>1</ccn>
      <javadocs>1</javadocs>
    </function>
    <function>
      <name>org.jdom.contrib.input.SpitfireBuilder.SpitfireBuilder(boolean)</name>
      <ncss>2</ncss>
      <ccn>1</ccn>
      <javadocs>1</javadocs>
    </function>
    <function>
      <name>org.jdom.contrib.input.SpitfireBuilder.build(InputStream)</name>
      <ncss>2</ncss>
      <ccn>1</ccn>
      <javadocs>1</javadocs>
    </function>
    <function>
      <name>org.jdom.contrib.input.SpitfireBuilder.build(File)</name>
      <ncss>2</ncss>
      <ccn>1</ccn>
      <javadocs>1</javadocs>
    </function>
    <function>
      <name>org.jdom.contrib.input.SpitfireBuilder.build(URL)</name>
      <ncss>2</ncss>
      <ccn>1</ccn>
      <javadocs>1</javadocs>
    </function>
    <function>
      <name>org.jdom.contrib.input.SpitfireBuilder.build(String)</name>
      <ncss>2</ncss>
      <ccn>1</ccn>
      <javadocs>1</javadocs>
    </function>
    <function>
      <name>org.jdom.contrib.output.JTreeOutputter.JTreeOutputter()</name>
      <ncss>1</ncss>
      <ccn>1</ccn>
      <javadocs>0</javadocs>
    </function>
    <function>
      <name>org.jdom.contrib.output.JTreeOutputter.JTreeOutputter(boolean)</name>
      <ncss>1</ncss>
      <ccn>1</ccn>
      <javadocs>0</javadocs>
    </function>
    <function>
      <name>org.jdom.contrib.output.JTreeOutputter.output(Document,DefaultMutableTreeNode)</name>
      <ncss>2</ncss>
      <ccn>1</ccn>
      <javadocs>1</javadocs>
    </function>
    <function>
      <name>org.jdom.contrib.output.JTreeOutputter.output(Element,DefaultMutableTreeNode)</name>
      <ncss>2</ncss>
      <ccn>1</ccn>
      <javadocs>1</javadocs>
    </function>
    <function>
      <name>org.jdom.contrib.output.JTreeOutputter.processElement(Element,DefaultMutableTreeNode)</name>
      <ncss>11</ncss>
      <ccn>4</ccn>
      <javadocs>0</javadocs>
    </function>
    <function>
      <name>org.jdom.contrib.output.JTreeOutputter.processAttributes(Element,DefaultMutableTreeNode)</name>
      <ncss>7</ncss>
      <ccn>2</ccn>
      <javadocs>0</javadocs>
    </function>
    <function>
      <name>WhichClass.main(String[])</name>
      <ncss>14</ncss>
      <ccn>5</ccn>
      <javadocs>0</javadocs>
    </function>
    <function>
      <name>WhichClass.toPath(String)</name>
      <ncss>7</ncss>
      <ccn>3</ccn>
      <javadocs>0</javadocs>
    </function>
    <function>
      <name>WhichClass.printUsage()</name>
      <ncss>3</ncss>
      <ccn>1</ccn>
      <javadocs>0</javadocs>
    </function>
    <function_averages>
      <ncss>6.44</ncss>
      <ccn>2.69</ccn>
      <javadocs>0.45</javadocs>
    </function_averages>
    <ncss>1,175.00</ncss>
  </functions>
</javancss>
