<?xml version="1.0"?>
<javancss>
  <date>2008-09-16</date>
  <time>23:31:29</time>
  <packages>
    <package>
      <name>.</name>
      <classes>5</classes>
      <functions>14</functions>
      <ncss>182</ncss>
      <javadocs>2</javadocs>
      <javadoc_lines>20</javadoc_lines>
      <single_comment_lines>44</single_comment_lines>
      <multi_comment_lines>4</multi_comment_lines>
    </package>
    <package>
      <name>org.jdom.contrib.beans</name>
      <classes>7</classes>
      <functions>84</functions>
      <ncss>731</ncss>
      <javadocs>36</javadocs>
      <javadoc_lines>341</javadoc_lines>
      <single_comment_lines>103</single_comment_lines>
      <multi_comment_lines>217</multi_comment_lines>
    </package>
    <package>
      <name>org.jdom.contrib.helpers</name>
      <classes>2</classes>
      <functions>8</functions>
      <ncss>70</ncss>
      <javadocs>10</javadocs>
      <javadoc_lines>118</javadoc_lines>
      <single_comment_lines>7</single_comment_lines>
      <multi_comment_lines>106</multi_comment_lines>
    </package>
    <package>
      <name>org.jdom.contrib.ids</name>
      <classes>3</classes>
      <functions>22</functions>
      <ncss>103</ncss>
      <javadocs>12</javadocs>
      <javadoc_lines>141</javadoc_lines>
      <single_comment_lines>29</single_comment_lines>
      <multi_comment_lines>165</multi_comment_lines>
    </package>
    <package>
      <name>org.jdom.contrib.input</name>
      <classes>1</classes>
      <functions>18</functions>
      <ncss>130</ncss>
      <javadocs>16</javadocs>
      <javadoc_lines>196</javadoc_lines>
      <single_comment_lines>4</single_comment_lines>
      <multi_comment_lines>49</multi_comment_lines>
    </package>
    <package>
      <name>org.jdom.contrib.input.scanner</name>
      <classes>4</classes>
      <functions>35</functions>
      <ncss>313</ncss>
      <javadocs>44</javadocs>
      <javadoc_lines>587</javadoc_lines>
      <single_comment_lines>101</single_comment_lines>
      <multi_comment_lines>280</multi_comment_lines>
    </package>
    <package>
      <name>org.jdom.contrib.output</name>
      <classes>1</classes>
      <functions>6</functions>
      <ncss>35</ncss>
      <javadocs>2</javadocs>
      <javadoc_lines>12</javadoc_lines>
      <single_comment_lines>1</single_comment_lines>
      <multi_comment_lines>63</multi_comment_lines>
    </package>
    <total>
      <classes>23</classes>
      <functions>187</functions>
      <ncss>1564</ncss>
      <javadocs>122</javadocs>
      <javadoc_lines>1415</javadoc_lines>
      <single_comment_lines>289</single_comment_lines>
      <multi_comment_lines>884</multi_comment_lines>
    </total>
    <table>
      <tr><td>Packages</td><td>Classes</td><td>Functions</td><td>NCSS</td><td>Javadocs</td><td>per</td></tr>
      <tr><td>7.00</td><td>23.00</td><td>187.00</td><td>1,564.00</td><td>122.00</td><td>Project</td></tr>
      <tr><td></td><td>3.29</td><td>26.71</td><td>223.43</td><td>17.43</td><td>Package</td></tr>
      <tr><td></td><td></td><td>8.13</td><td>68.00</td><td>5.30</td><td>Class</td></tr>
      <tr><td></td><td></td><td></td><td>8.36</td><td>0.65</td><td>Function</td></tr>
    </table>
  </packages>

  <objects>
    <object>
      <name>Ident</name>
      <ncss>57</ncss>
      <functions>4</functions>
      <classes>0</classes>
      <javadocs>1</javadocs>
    </object>
    <object>
      <name>org.jdom.contrib.beans.BeanMapper</name>
      <ncss>371</ncss>
      <functions>41</functions>
      <classes>1</classes>
      <javadocs>22</javadocs>
    </object>
    <object>
      <name>org.jdom.contrib.beans.BeanMapperException</name>
      <ncss>17</ncss>
      <functions>5</functions>
      <classes>0</classes>
      <javadocs>1</javadocs>
    </object>
    <object>
      <name>org.jdom.contrib.beans.DateUtils</name>
      <ncss>80</ncss>
      <functions>5</functions>
      <classes>1</classes>
      <javadocs>3</javadocs>
    </object>
    <object>
      <name>org.jdom.contrib.beans.JDOMBean</name>
      <ncss>66</ncss>
      <functions>10</functions>
      <classes>1</classes>
      <javadocs>9</javadocs>
    </object>
    <object>
      <name>org.jdom.contrib.beans.StringConverter</name>
      <ncss>39</ncss>
      <functions>3</functions>
      <classes>2</classes>
      <javadocs>1</javadocs>
    </object>
    <object>
      <name>org.jdom.contrib.beans.TestBean</name>
      <ncss>45</ncss>
      <functions>10</functions>
      <classes>0</classes>
      <javadocs>0</javadocs>
    </object>
    <object>
      <name>org.jdom.contrib.beans.TestIndexed</name>
      <ncss>65</ncss>
      <functions>10</functions>
      <classes>0</classes>
      <javadocs>0</javadocs>
    </object>
    <object>
      <name>org.jdom.contrib.helpers.JDOMHelper</name>
      <ncss>13</ncss>
      <functions>1</functions>
      <classes>0</classes>
      <javadocs>2</javadocs>
    </object>
    <object>
      <name>org.jdom.contrib.helpers.TextHelper</name>
      <ncss>52</ncss>
      <functions>7</functions>
      <classes>0</classes>
      <javadocs>8</javadocs>
    </object>
    <object>
      <name>TestIds</name>
      <ncss>16</ncss>
      <functions>1</functions>
      <classes>0</classes>
      <javadocs>0</javadocs>
    </object>
    <object>
      <name>org.jdom.contrib.ids.IdDocument</name>
      <ncss>13</ncss>
      <functions>5</functions>
      <classes>0</classes>
      <javadocs>6</javadocs>
    </object>
    <object>
      <name>org.jdom.contrib.ids.IdElement</name>
      <ncss>58</ncss>
      <functions>10</functions>
      <classes>0</classes>
      <javadocs>4</javadocs>
    </object>
    <object>
      <name>org.jdom.contrib.ids.IdFactory</name>
      <ncss>15</ncss>
      <functions>7</functions>
      <classes>0</classes>
      <javadocs>2</javadocs>
    </object>
    <object>
      <name>org.jdom.contrib.input.ResultSetBuilder</name>
      <ncss>124</ncss>
      <functions>18</functions>
      <classes>0</classes>
      <javadocs>16</javadocs>
    </object>
    <object>
      <name>ElementScannerTest</name>
      <ncss>25</ncss>
      <functions>1</functions>
      <classes>1</classes>
      <javadocs>0</javadocs>
    </object>
    <object>
      <name>org.jdom.contrib.input.scanner.ElementListener</name>
      <ncss>2</ncss>
      <functions>1</functions>
      <classes>0</classes>
      <javadocs>2</javadocs>
    </object>
    <object>
      <name>org.jdom.contrib.input.scanner.ElementScanner</name>
      <ncss>176</ncss>
      <functions>20</functions>
      <classes>4</classes>
      <javadocs>27</javadocs>
    </object>
    <object>
      <name>org.jdom.contrib.input.scanner.JakartaRegExpXPathMatcher</name>
      <ncss>30</ncss>
      <functions>3</functions>
      <classes>0</classes>
      <javadocs>3</javadocs>
    </object>
    <object>
      <name>org.jdom.contrib.input.scanner.XPathMatcher</name>
      <ncss>75</ncss>
      <functions>11</functions>
      <classes>0</classes>
      <javadocs>12</javadocs>
    </object>
    <object>
      <name>org.jdom.contrib.output.JTreeOutputter</name>
      <ncss>25</ncss>
      <functions>6</functions>
      <classes>0</classes>
      <javadocs>2</javadocs>
    </object>
    <object>
      <name>Sizeof</name>
      <ncss>40</ncss>
      <functions>5</functions>
      <classes>0</classes>
      <javadocs>1</javadocs>
    </object>
    <object>
      <name>WhichClass</name>
      <ncss>25</ncss>
      <functions>3</functions>
      <classes>0</classes>
      <javadocs>0</javadocs>
    </object>
    <averages>
      <ncss>62.13</ncss>
      <functions>8.13</functions>
      <classes>0.43</classes>
      <javadocs>5.30</javadocs>
    </averages>
    <ncss>1,564.00</ncss>
  </objects>

  <functions>
    <function>
      <name>Ident.main(String[])</name>
      <ncss>16</ncss>
      <ccn>5</ccn>
      <javadocs>0</javadocs>
    </function>
    <function>
      <name>Ident.printUsage()</name>
      <ncss>3</ncss>
      <ccn>1</ccn>
      <javadocs>0</javadocs>
    </function>
    <function>
      <name>Ident.isZip(String)</name>
      <ncss>2</ncss>
      <ccn>2</ccn>
      <javadocs>0</javadocs>
    </function>
    <function>
      <name>Ident.scan(InputStream)</name>
      <ncss>27</ncss>
      <ccn>10</ccn>
      <javadocs>0</javadocs>
    </function>
    <function>
      <name>org.jdom.contrib.beans.BeanMapper.BeanMapper()</name>
      <ncss>1</ncss>
      <ccn>1</ccn>
      <javadocs>1</javadocs>
    </function>
    <function>
      <name>org.jdom.contrib.beans.BeanMapper.setBeanPackage(String)</name>
      <ncss>2</ncss>
      <ccn>1</ccn>
      <javadocs>1</javadocs>
    </function>
    <function>
      <name>org.jdom.contrib.beans.BeanMapper.setNamespace(Namespace)</name>
      <ncss>2</ncss>
      <ccn>1</ccn>
      <javadocs>1</javadocs>
    </function>
    <function>
      <name>org.jdom.contrib.beans.BeanMapper.getStringConverter()</name>
      <ncss>2</ncss>
      <ccn>1</ccn>
      <javadocs>1</javadocs>
    </function>
    <function>
      <name>org.jdom.contrib.beans.BeanMapper.setStringConverter(StringConverter)</name>
      <ncss>2</ncss>
      <ccn>1</ccn>
      <javadocs>1</javadocs>
    </function>
    <function>
      <name>org.jdom.contrib.beans.BeanMapper.setIgnoreNullProperties(boolean)</name>
      <ncss>2</ncss>
      <ccn>1</ccn>
      <javadocs>1</javadocs>
    </function>
    <function>
      <name>org.jdom.contrib.beans.BeanMapper.setIgnoreMissingProperties(boolean)</name>
      <ncss>2</ncss>
      <ccn>1</ccn>
      <javadocs>1</javadocs>
    </function>
    <function>
      <name>org.jdom.contrib.beans.BeanMapper.toDocument(Object)</name>
      <ncss>2</ncss>
      <ccn>1</ccn>
      <javadocs>1</javadocs>
    </function>
    <function>
      <name>org.jdom.contrib.beans.BeanMapper.toDocument(Object,String)</name>
      <ncss>4</ncss>
      <ccn>1</ccn>
      <javadocs>1</javadocs>
    </function>
    <function>
      <name>org.jdom.contrib.beans.BeanMapper.toElement(Object)</name>
      <ncss>2</ncss>
      <ccn>1</ccn>
      <javadocs>1</javadocs>
    </function>
    <function>
      <name>org.jdom.contrib.beans.BeanMapper.toElement(Object,String)</name>
      <ncss>62</ncss>
      <ccn>25</ccn>
      <javadocs>1</javadocs>
    </function>
    <function>
      <name>org.jdom.contrib.beans.BeanMapper.convertValue(Object)</name>
      <ncss>19</ncss>
      <ccn>7</ccn>
      <javadocs>1</javadocs>
    </function>
    <function>
      <name>org.jdom.contrib.beans.BeanMapper.setElementValue(String,String,Element,Element,Object)</name>
      <ncss>20</ncss>
      <ccn>8</ccn>
      <javadocs>0</javadocs>
    </function>
    <function>
      <name>org.jdom.contrib.beans.BeanMapper.toBean(Document)</name>
      <ncss>2</ncss>
      <ccn>1</ccn>
      <javadocs>1</javadocs>
    </function>
    <function>
      <name>org.jdom.contrib.beans.BeanMapper.toBean(Element)</name>
      <ncss>38</ncss>
      <ccn>10</ccn>
      <javadocs>0</javadocs>
    </function>
    <function>
      <name>org.jdom.contrib.beans.BeanMapper.instantiateBean(String)</name>
      <ncss>15</ncss>
      <ccn>8</ccn>
      <javadocs>1</javadocs>
    </function>
    <function>
      <name>org.jdom.contrib.beans.BeanMapper.getBeanClassName(String,String)</name>
      <ncss>2</ncss>
      <ccn>2</ccn>
      <javadocs>0</javadocs>
    </function>
    <function>
      <name>org.jdom.contrib.beans.BeanMapper.findPropertyDescriptor(Object,String)</name>
      <ncss>13</ncss>
      <ccn>9</ccn>
      <javadocs>0</javadocs>
    </function>
    <function>
      <name>org.jdom.contrib.beans.BeanMapper.setProperty(Object,String,Object)</name>
      <ncss>2</ncss>
      <ccn>1</ccn>
      <javadocs>1</javadocs>
    </function>
    <function>
      <name>org.jdom.contrib.beans.BeanMapper.setProperty(Object,PropertyDescriptor,Element,Object)</name>
      <ncss>26</ncss>
      <ccn>12</ccn>
      <javadocs>1</javadocs>
    </function>
    <function>
      <name>org.jdom.contrib.beans.BeanMapper.convertString(String,Class)</name>
      <ncss>7</ncss>
      <ccn>5</ccn>
      <javadocs>0</javadocs>
    </function>
    <function>
      <name>org.jdom.contrib.beans.BeanMapper.convertJDOMValue(Object,Class)</name>
      <ncss>23</ncss>
      <ccn>9</ccn>
      <javadocs>0</javadocs>
    </function>
    <function>
      <name>org.jdom.contrib.beans.BeanMapper.buildArray(PropertyDescriptor,List)</name>
      <ncss>13</ncss>
      <ccn>4</ccn>
      <javadocs>1</javadocs>
    </function>
    <function>
      <name>org.jdom.contrib.beans.BeanMapper.getArrayItemClass(Class)</name>
      <ncss>33</ncss>
      <ccn>10</ccn>
      <javadocs>0</javadocs>
    </function>
    <function>
      <name>org.jdom.contrib.beans.BeanMapper.addMapping(String,String)</name>
      <ncss>2</ncss>
      <ccn>1</ccn>
      <javadocs>1</javadocs>
    </function>
    <function>
      <name>org.jdom.contrib.beans.BeanMapper.addMapping(String,String,String)</name>
      <ncss>2</ncss>
      <ccn>1</ccn>
      <javadocs>1</javadocs>
    </function>
    <function>
      <name>org.jdom.contrib.beans.BeanMapper.addMapping(String,Class,String,String)</name>
      <ncss>2</ncss>
      <ccn>1</ccn>
      <javadocs>1</javadocs>
    </function>
    <function>
      <name>org.jdom.contrib.beans.BeanMapper.addMapping(Mapping)</name>
      <ncss>2</ncss>
      <ccn>1</ccn>
      <javadocs>0</javadocs>
    </function>
    <function>
      <name>org.jdom.contrib.beans.BeanMapper.getMappingForProperty(String)</name>
      <ncss>7</ncss>
      <ccn>5</ccn>
      <javadocs>0</javadocs>
    </function>
    <function>
      <name>org.jdom.contrib.beans.BeanMapper.getMappingForElement(String)</name>
      <ncss>7</ncss>
      <ccn>4</ccn>
      <javadocs>0</javadocs>
    </function>
    <function>
      <name>org.jdom.contrib.beans.BeanMapper.getMappingForAttribute(String,String)</name>
      <ncss>7</ncss>
      <ccn>7</ccn>
      <javadocs>0</javadocs>
    </function>
    <function>
      <name>org.jdom.contrib.beans.BeanMapper.Mapping.Mapping(String,Class,String,String)</name>
      <ncss>5</ncss>
      <ccn>1</ccn>
      <javadocs>1</javadocs>
    </function>
    <function>
      <name>org.jdom.contrib.beans.BeanMapper.ignoreProperty(String)</name>
      <ncss>2</ncss>
      <ccn>1</ccn>
      <javadocs>0</javadocs>
    </function>
    <function>
      <name>org.jdom.contrib.beans.BeanMapper.isIgnoredProperty(String)</name>
      <ncss>2</ncss>
      <ccn>1</ccn>
      <javadocs>0</javadocs>
    </function>
    <function>
      <name>org.jdom.contrib.beans.BeanMapper.ignoreElement(String)</name>
      <ncss>2</ncss>
      <ccn>1</ccn>
      <javadocs>0</javadocs>
    </function>
    <function>
      <name>org.jdom.contrib.beans.BeanMapper.isIgnoredElement(String)</name>
      <ncss>2</ncss>
      <ccn>1</ccn>
      <javadocs>0</javadocs>
    </function>
    <function>
      <name>org.jdom.contrib.beans.BeanMapper.toAttributeString(String,String)</name>
      <ncss>2</ncss>
      <ccn>2</ccn>
      <javadocs>0</javadocs>
    </function>
    <function>
      <name>org.jdom.contrib.beans.BeanMapper.ignoreAttribute(String,String)</name>
      <ncss>2</ncss>
      <ccn>1</ccn>
      <javadocs>0</javadocs>
    </function>
    <function>
      <name>org.jdom.contrib.beans.BeanMapper.isIgnoredAttribute(String,String)</name>
      <ncss>2</ncss>
      <ccn>1</ccn>
      <javadocs>0</javadocs>
    </function>
    <function>
      <name>org.jdom.contrib.beans.BeanMapper.createElement(String)</name>
      <ncss>2</ncss>
      <ccn>2</ccn>
      <javadocs>0</javadocs>
    </function>
    <function>
      <name>org.jdom.contrib.beans.BeanMapper.unpackage(String)</name>
      <ncss>6</ncss>
      <ccn>2</ccn>
      <javadocs>0</javadocs>
    </function>
    <function>
      <name>org.jdom.contrib.beans.BeanMapper.debug(String)</name>
      <ncss>3</ncss>
      <ccn>2</ccn>
      <javadocs>0</javadocs>
    </function>
    <function>
      <name>org.jdom.contrib.beans.BeanMapperException.BeanMapperException(Exception)</name>
      <ncss>3</ncss>
      <ccn>1</ccn>
      <javadocs>0</javadocs>
    </function>
    <function>
      <name>org.jdom.contrib.beans.BeanMapperException.BeanMapperException(String,Exception)</name>
      <ncss>3</ncss>
      <ccn>1</ccn>
      <javadocs>0</javadocs>
    </function>
    <function>
      <name>org.jdom.contrib.beans.BeanMapperException.BeanMapperException(String)</name>
      <ncss>2</ncss>
      <ccn>1</ccn>
      <javadocs>0</javadocs>
    </function>
    <function>
      <name>org.jdom.contrib.beans.BeanMapperException.getRootCause()</name>
      <ncss>2</ncss>
      <ccn>1</ccn>
      <javadocs>0</javadocs>
    </function>
    <function>
      <name>org.jdom.contrib.beans.BeanMapperException.printStackTrace()</name>
      <ncss>5</ncss>
      <ccn>2</ccn>
      <javadocs>0</javadocs>
    </function>
    <function>
      <name>org.jdom.contrib.beans.DateUtils.parseDate(String)</name>
      <ncss>28</ncss>
      <ccn>10</ccn>
      <javadocs>1</javadocs>
    </function>
    <function>
      <name>org.jdom.contrib.beans.DateUtils.parseISO8601(String)</name>
      <ncss>27</ncss>
      <ccn>6</ccn>
      <javadocs>0</javadocs>
    </function>
    <function>
      <name>org.jdom.contrib.beans.DateUtils.toInt(String)</name>
      <ncss>6</ncss>
      <ccn>5</ccn>
      <javadocs>0</javadocs>
    </function>
    <function>
      <name>org.jdom.contrib.beans.DateUtils.showParens(RE)</name>
      <ncss>3</ncss>
      <ccn>2</ccn>
      <javadocs>1</javadocs>
    </function>
    <function>
      <name>org.jdom.contrib.beans.DateUtils.main(String[])</name>
      <ncss>4</ncss>
      <ccn>2</ccn>
      <javadocs>0</javadocs>
    </function>
    <function>
      <name>org.jdom.contrib.beans.JDOMBean.JDOMBean()</name>
      <ncss>2</ncss>
      <ccn>1</ccn>
      <javadocs>1</javadocs>
    </function>
    <function>
      <name>org.jdom.contrib.beans.JDOMBean.JDOMBean(String)</name>
      <ncss>2</ncss>
      <ccn>1</ccn>
      <javadocs>1</javadocs>
    </function>
    <function>
      <name>org.jdom.contrib.beans.JDOMBean.setParser(String)</name>
      <ncss>3</ncss>
      <ccn>1</ccn>
      <javadocs>1</javadocs>
    </function>
    <function>
      <name>org.jdom.contrib.beans.JDOMBean.getParser()</name>
      <ncss>2</ncss>
      <ccn>1</ccn>
      <javadocs>1</javadocs>
    </function>
    <function>
      <name>org.jdom.contrib.beans.JDOMBean.setFileRoot(String)</name>
      <ncss>5</ncss>
      <ccn>2</ccn>
      <javadocs>1</javadocs>
    </function>
    <function>
      <name>org.jdom.contrib.beans.JDOMBean.getFileRoot()</name>
      <ncss>5</ncss>
      <ccn>3</ccn>
      <javadocs>1</javadocs>
    </function>
    <function>
      <name>org.jdom.contrib.beans.JDOMBean.getDocument(String)</name>
      <ncss>8</ncss>
      <ccn>3</ccn>
      <javadocs>1</javadocs>
    </function>
    <function>
      <name>org.jdom.contrib.beans.JDOMBean.getRootElement(String)</name>
      <ncss>5</ncss>
      <ccn>3</ccn>
      <javadocs>1</javadocs>
    </function>
    <function>
      <name>org.jdom.contrib.beans.JDOMBean.getFile(String)</name>
      <ncss>6</ncss>
      <ccn>3</ccn>
      <javadocs>0</javadocs>
    </function>
    <function>
      <name>org.jdom.contrib.beans.JDOMBean.FileInfo.FileInfo(String,long,Document)</name>
      <ncss>4</ncss>
      <ccn>1</ccn>
      <javadocs>0</javadocs>
    </function>
    <function>
      <name>org.jdom.contrib.beans.JDOMBean.main(String[])</name>
      <ncss>14</ncss>
      <ccn>3</ccn>
      <javadocs>0</javadocs>
    </function>
    <function>
      <name>org.jdom.contrib.beans.StringConverter.Factory.instantiate(String)</name>
      <ncss>1</ncss>
      <ccn>1</ccn>
      <javadocs>0</javadocs>
    </function>
    <function>
      <name>org.jdom.contrib.beans.StringConverter.DateFactory.instantiate(String)</name>
      <ncss>2</ncss>
      <ccn>1</ccn>
      <javadocs>0</javadocs>
    </function>
    <function>
      <name>org.jdom.contrib.beans.StringConverter.StringConverter()</name>
      <ncss>3</ncss>
      <ccn>2</ccn>
      <javadocs>0</javadocs>
    </function>
    <function>
      <name>org.jdom.contrib.beans.StringConverter.setFactory(Class,Factory)</name>
      <ncss>2</ncss>
      <ccn>1</ccn>
      <javadocs>0</javadocs>
    </function>
    <function>
      <name>org.jdom.contrib.beans.StringConverter.parse(String,Class)</name>
      <ncss>26</ncss>
      <ccn>15</ccn>
      <javadocs>0</javadocs>
    </function>
    <function>
      <name>org.jdom.contrib.beans.TestBean.getName()</name>
      <ncss>2</ncss>
      <ccn>1</ccn>
      <javadocs>0</javadocs>
    </function>
    <function>
      <name>org.jdom.contrib.beans.TestBean.getAge()</name>
      <ncss>2</ncss>
      <ccn>1</ccn>
      <javadocs>0</javadocs>
    </function>
    <function>
      <name>org.jdom.contrib.beans.TestBean.getBirthdate()</name>
      <ncss>2</ncss>
      <ccn>1</ccn>
      <javadocs>0</javadocs>
    </function>
    <function>
      <name>org.jdom.contrib.beans.TestBean.getFriend()</name>
      <ncss>2</ncss>
      <ccn>1</ccn>
      <javadocs>0</javadocs>
    </function>
    <function>
      <name>org.jdom.contrib.beans.TestBean.setName(String)</name>
      <ncss>2</ncss>
      <ccn>1</ccn>
      <javadocs>0</javadocs>
    </function>
    <function>
      <name>org.jdom.contrib.beans.TestBean.setAge(int)</name>
      <ncss>2</ncss>
      <ccn>1</ccn>
      <javadocs>0</javadocs>
    </function>
    <function>
      <name>org.jdom.contrib.beans.TestBean.setBirthdate(Date)</name>
      <ncss>2</ncss>
      <ccn>1</ccn>
      <javadocs>0</javadocs>
    </function>
    <function>
      <name>org.jdom.contrib.beans.TestBean.setFriend(TestBean)</name>
      <ncss>2</ncss>
      <ccn>1</ccn>
      <javadocs>0</javadocs>
    </function>
    <function>
      <name>org.jdom.contrib.beans.TestBean.toString()</name>
      <ncss>2</ncss>
      <ccn>1</ccn>
      <javadocs>0</javadocs>
    </function>
    <function>
      <name>org.jdom.contrib.beans.TestBean.main(String[])</name>
      <ncss>22</ncss>
      <ccn>2</ccn>
      <javadocs>0</javadocs>
    </function>
    <function>
      <name>org.jdom.contrib.beans.TestIndexed.getName()</name>
      <ncss>2</ncss>
      <ccn>1</ccn>
      <javadocs>0</javadocs>
    </function>
    <function>
      <name>org.jdom.contrib.beans.TestIndexed.setName(String)</name>
      <ncss>2</ncss>
      <ccn>1</ccn>
      <javadocs>0</javadocs>
    </function>
    <function>
      <name>org.jdom.contrib.beans.TestIndexed.getTopping(int)</name>
      <ncss>2</ncss>
      <ccn>1</ccn>
      <javadocs>0</javadocs>
    </function>
    <function>
      <name>org.jdom.contrib.beans.TestIndexed.setTopping(int,String)</name>
      <ncss>4</ncss>
      <ccn>2</ccn>
      <javadocs>0</javadocs>
    </function>
    <function>
      <name>org.jdom.contrib.beans.TestIndexed.getTopping()</name>
      <ncss>5</ncss>
      <ccn>2</ccn>
      <javadocs>0</javadocs>
    </function>
    <function>
      <name>org.jdom.contrib.beans.TestIndexed.setTopping(String[])</name>
      <ncss>3</ncss>
      <ccn>2</ccn>
      <javadocs>0</javadocs>
    </function>
    <function>
      <name>org.jdom.contrib.beans.TestIndexed.getMeasurements()</name>
      <ncss>2</ncss>
      <ccn>1</ccn>
      <javadocs>0</javadocs>
    </function>
    <function>
      <name>org.jdom.contrib.beans.TestIndexed.setMeasurements(measurements[])</name>
      <ncss>2</ncss>
      <ccn>1</ccn>
      <javadocs>0</javadocs>
    </function>
    <function>
      <name>org.jdom.contrib.beans.TestIndexed.toString()</name>
      <ncss>10</ncss>
      <ccn>3</ccn>
      <javadocs>0</javadocs>
    </function>
    <function>
      <name>org.jdom.contrib.beans.TestIndexed.main(String[])</name>
      <ncss>29</ncss>
      <ccn>3</ccn>
      <javadocs>0</javadocs>
    </function>
    <function>
      <name>org.jdom.contrib.helpers.JDOMHelper.sortElements(Element,Comparator)</name>
      <ncss>12</ncss>
      <ccn>3</ccn>
      <javadocs>1</javadocs>
    </function>
    <function>
      <name>org.jdom.contrib.helpers.TextHelper.normalize(String)</name>
      <ncss>17</ncss>
      <ccn>9</ccn>
      <javadocs>1</javadocs>
    </function>
    <function>
      <name>org.jdom.contrib.helpers.TextHelper.getChildText(Element,String)</name>
      <ncss>5</ncss>
      <ccn>3</ccn>
      <javadocs>1</javadocs>
    </function>
    <function>
      <name>org.jdom.contrib.helpers.TextHelper.getChildText(Element,String,Namespace)</name>
      <ncss>5</ncss>
      <ccn>3</ccn>
      <javadocs>1</javadocs>
    </function>
    <function>
      <name>org.jdom.contrib.helpers.TextHelper.getChildTextTrim(Element,String)</name>
      <ncss>6</ncss>
      <ccn>3</ccn>
      <javadocs>1</javadocs>
    </function>
    <function>
      <name>org.jdom.contrib.helpers.TextHelper.getChildTextTrim(Element,String,Namespace)</name>
      <ncss>6</ncss>
      <ccn>3</ccn>
      <javadocs>1</javadocs>
    </function>
    <function>
      <name>org.jdom.contrib.helpers.TextHelper.getChildTextNormalize(Element,String)</name>
      <ncss>6</ncss>
      <ccn>3</ccn>
      <javadocs>1</javadocs>
    </function>
    <function>
      <name>org.jdom.contrib.helpers.TextHelper.getChildTextNormalize(Element,String,Namespace)</name>
      <ncss>6</ncss>
      <ccn>3</ccn>
      <javadocs>1</javadocs>
    </function>
    <function>
      <name>TestIds.main(String[])</name>
      <ncss>15</ncss>
      <ccn>3</ccn>
      <javadocs>0</javadocs>
    </function>
    <function>
      <name>org.jdom.contrib.ids.IdDocument.IdDocument(Element,DocType)</name>
      <ncss>2</ncss>
      <ccn>1</ccn>
      <javadocs>1</javadocs>
    </function>
    <function>
      <name>org.jdom.contrib.ids.IdDocument.IdDocument(Element)</name>
      <ncss>2</ncss>
      <ccn>1</ccn>
      <javadocs>1</javadocs>
    </function>
    <function>
      <name>org.jdom.contrib.ids.IdDocument.getElementById(String)</name>
      <ncss>2</ncss>
      <ccn>1</ccn>
      <javadocs>1</javadocs>
    </function>
    <function>
      <name>org.jdom.contrib.ids.IdDocument.addId(String,Element)</name>
      <ncss>3</ncss>
      <ccn>1</ccn>
      <javadocs>1</javadocs>
    </function>
    <function>
      <name>org.jdom.contrib.ids.IdDocument.removeId(String)</name>
      <ncss>2</ncss>
      <ccn>1</ccn>
      <javadocs>1</javadocs>
    </function>
    <function>
      <name>org.jdom.contrib.ids.IdElement.IdElement(String,Namespace)</name>
      <ncss>2</ncss>
      <ccn>1</ccn>
      <javadocs>0</javadocs>
    </function>
    <function>
      <name>org.jdom.contrib.ids.IdElement.IdElement(String)</name>
      <ncss>2</ncss>
      <ccn>1</ccn>
      <javadocs>0</javadocs>
    </function>
    <function>
      <name>org.jdom.contrib.ids.IdElement.IdElement(String,String)</name>
      <ncss>2</ncss>
      <ccn>1</ccn>
      <javadocs>0</javadocs>
    </function>
    <function>
      <name>org.jdom.contrib.ids.IdElement.IdElement(String,String,String)</name>
      <ncss>2</ncss>
      <ccn>1</ccn>
      <javadocs>0</javadocs>
    </function>
    <function>
      <name>org.jdom.contrib.ids.IdElement.setDocument(Document)</name>
      <ncss>6</ncss>
      <ccn>2</ccn>
      <javadocs>0</javadocs>
    </function>
    <function>
      <name>org.jdom.contrib.ids.IdElement.setParent(Element)</name>
      <ncss>7</ncss>
      <ccn>3</ccn>
      <javadocs>0</javadocs>
    </function>
    <function>
      <name>org.jdom.contrib.ids.IdElement.setAttribute(Attribute)</name>
      <ncss>7</ncss>
      <ccn>3</ccn>
      <javadocs>0</javadocs>
    </function>
    <function>
      <name>org.jdom.contrib.ids.IdElement.transferIds(Document,Document)</name>
      <ncss>13</ncss>
      <ccn>7</ccn>
      <javadocs>1</javadocs>
    </function>
    <function>
      <name>org.jdom.contrib.ids.IdElement.getIds(Element,Map)</name>
      <ncss>8</ncss>
      <ccn>3</ccn>
      <javadocs>1</javadocs>
    </function>
    <function>
      <name>org.jdom.contrib.ids.IdElement.addIdAttributes(Element,Map)</name>
      <ncss>8</ncss>
      <ccn>3</ccn>
      <javadocs>1</javadocs>
    </function>
    <function>
      <name>org.jdom.contrib.ids.IdFactory.IdFactory()</name>
      <ncss>2</ncss>
      <ccn>1</ccn>
      <javadocs>1</javadocs>
    </function>
    <function>
      <name>org.jdom.contrib.ids.IdFactory.document(Element,DocType)</name>
      <ncss>2</ncss>
      <ccn>1</ccn>
      <javadocs>0</javadocs>
    </function>
    <function>
      <name>org.jdom.contrib.ids.IdFactory.document(Element)</name>
      <ncss>2</ncss>
      <ccn>1</ccn>
      <javadocs>0</javadocs>
    </function>
    <function>
      <name>org.jdom.contrib.ids.IdFactory.element(String,Namespace)</name>
      <ncss>2</ncss>
      <ccn>1</ccn>
      <javadocs>0</javadocs>
    </function>
    <function>
      <name>org.jdom.contrib.ids.IdFactory.element(String)</name>
      <ncss>2</ncss>
      <ccn>1</ccn>
      <javadocs>0</javadocs>
    </function>
    <function>
      <name>org.jdom.contrib.ids.IdFactory.element(String,String)</name>
      <ncss>2</ncss>
      <ccn>1</ccn>
      <javadocs>0</javadocs>
    </function>
    <function>
      <name>org.jdom.contrib.ids.IdFactory.element(String,String,String)</name>
      <ncss>2</ncss>
      <ccn>1</ccn>
      <javadocs>0</javadocs>
    </function>
    <function>
      <name>org.jdom.contrib.input.ResultSetBuilder.ResultSetBuilder(ResultSet)</name>
      <ncss>5</ncss>
      <ccn>2</ccn>
      <javadocs>1</javadocs>
    </function>
    <function>
      <name>org.jdom.contrib.input.ResultSetBuilder.ResultSetBuilder(ResultSet,String,String)</name>
      <ncss>4</ncss>
      <ccn>1</ccn>
      <javadocs>1</javadocs>
    </function>
    <function>
      <name>org.jdom.contrib.input.ResultSetBuilder.ResultSetBuilder(ResultSet,String,String,Namespace)</name>
      <ncss>3</ncss>
      <ccn>1</ccn>
      <javadocs>1</javadocs>
    </function>
    <function>
      <name>org.jdom.contrib.input.ResultSetBuilder.build()</name>
      <ncss>37</ncss>
      <ccn>16</ccn>
      <javadocs>1</javadocs>
    </function>
    <function>
      <name>org.jdom.contrib.input.ResultSetBuilder.getString(ResultSet,int,int)</name>
      <ncss>14</ncss>
      <ccn>10</ccn>
      <javadocs>0</javadocs>
    </function>
    <function>
      <name>org.jdom.contrib.input.ResultSetBuilder.lookupName(String)</name>
      <ncss>6</ncss>
      <ccn>3</ccn>
      <javadocs>0</javadocs>
    </function>
    <function>
      <name>org.jdom.contrib.input.ResultSetBuilder.isAttribute(String)</name>
      <ncss>6</ncss>
      <ccn>3</ccn>
      <javadocs>0</javadocs>
    </function>
    <function>
      <name>org.jdom.contrib.input.ResultSetBuilder.setRootName(String)</name>
      <ncss>2</ncss>
      <ccn>1</ccn>
      <javadocs>1</javadocs>
    </function>
    <function>
      <name>org.jdom.contrib.input.ResultSetBuilder.setRowName(String)</name>
      <ncss>2</ncss>
      <ccn>1</ccn>
      <javadocs>1</javadocs>
    </function>
    <function>
      <name>org.jdom.contrib.input.ResultSetBuilder.setNamespace(Namespace)</name>
      <ncss>2</ncss>
      <ccn>1</ccn>
      <javadocs>1</javadocs>
    </function>
    <function>
      <name>org.jdom.contrib.input.ResultSetBuilder.setMaxRows(int)</name>
      <ncss>2</ncss>
      <ccn>1</ccn>
      <javadocs>1</javadocs>
    </function>
    <function>
      <name>org.jdom.contrib.input.ResultSetBuilder.setAsAttribute(String)</name>
      <ncss>2</ncss>
      <ccn>1</ccn>
      <javadocs>1</javadocs>
    </function>
    <function>
      <name>org.jdom.contrib.input.ResultSetBuilder.setAsAttribute(String,String)</name>
      <ncss>3</ncss>
      <ccn>1</ccn>
      <javadocs>1</javadocs>
    </function>
    <function>
      <name>org.jdom.contrib.input.ResultSetBuilder.setAsAttribute(int)</name>
      <ncss>5</ncss>
      <ccn>2</ccn>
      <javadocs>1</javadocs>
    </function>
    <function>
      <name>org.jdom.contrib.input.ResultSetBuilder.setAsAttribute(int,String)</name>
      <ncss>6</ncss>
      <ccn>2</ccn>
      <javadocs>1</javadocs>
    </function>
    <function>
      <name>org.jdom.contrib.input.ResultSetBuilder.setAsElement(String,String)</name>
      <ncss>4</ncss>
      <ccn>1</ccn>
      <javadocs>1</javadocs>
    </function>
    <function>
      <name>org.jdom.contrib.input.ResultSetBuilder.setAsElement(int,String)</name>
      <ncss>6</ncss>
      <ccn>2</ccn>
      <javadocs>1</javadocs>
    </function>
    <function>
      <name>org.jdom.contrib.input.ResultSetBuilder.setNullAttribute(String,String)</name>
      <ncss>3</ncss>
      <ccn>1</ccn>
      <javadocs>1</javadocs>
    </function>
    <function>
      <name>ElementScannerTest.main(String[])</name>
      <ncss>13</ncss>
      <ccn>2</ccn>
      <javadocs>0</javadocs>
    </function>
    <function>
      <name>ElementScannerTest.Spy.Spy(String)</name>
      <ncss>2</ncss>
      <ccn>1</ccn>
      <javadocs>0</javadocs>
    </function>
    <function>
      <name>ElementScannerTest.Spy.elementMatched(String,Element)</name>
      <ncss>6</ncss>
      <ccn>2</ccn>
      <javadocs>0</javadocs>
    </function>
    <function>
      <name>org.jdom.contrib.input.scanner.ElementListener.elementMatched(String,Element)</name>
      <ncss>1</ncss>
      <ccn>1</ccn>
      <javadocs>1</javadocs>
    </function>
    <function>
      <name>org.jdom.contrib.input.scanner.ElementScanner.ElementScanner()</name>
      <ncss>2</ncss>
      <ccn>1</ccn>
      <javadocs>1</javadocs>
    </function>
    <function>
      <name>org.jdom.contrib.input.scanner.ElementScanner.ElementScanner(XMLReader)</name>
      <ncss>2</ncss>
      <ccn>1</ccn>
      <javadocs>1</javadocs>
    </function>
    <function>
      <name>org.jdom.contrib.input.scanner.ElementScanner.addElementListener(ElementListener,String)</name>
      <ncss>5</ncss>
      <ccn>3</ccn>
      <javadocs>1</javadocs>
    </function>
    <function>
      <name>org.jdom.contrib.input.scanner.ElementScanner.removeElementListener(ElementListener,String)</name>
      <ncss>6</ncss>
      <ccn>8</ccn>
      <javadocs>1</javadocs>
    </function>
    <function>
      <name>org.jdom.contrib.input.scanner.ElementScanner.getMatchingRules(String,Attributes)</name>
      <ncss>9</ncss>
      <ccn>4</ccn>
      <javadocs>1</javadocs>
    </function>
    <function>
      <name>org.jdom.contrib.input.scanner.ElementScanner.setFactory(JDOMFactory)</name>
      <ncss>2</ncss>
      <ccn>1</ccn>
      <javadocs>1</javadocs>
    </function>
    <function>
      <name>org.jdom.contrib.input.scanner.ElementScanner.setValidation(boolean)</name>
      <ncss>2</ncss>
      <ccn>1</ccn>
      <javadocs>1</javadocs>
    </function>
    <function>
      <name>org.jdom.contrib.input.scanner.ElementScanner.setIgnoringElementContentWhitespace(boolean)</name>
      <ncss>2</ncss>
      <ccn>1</ccn>
      <javadocs>1</javadocs>
    </function>
    <function>
      <name>org.jdom.contrib.input.scanner.ElementScanner.setExpandEntities(boolean)</name>
      <ncss>2</ncss>
      <ccn>1</ccn>
      <javadocs>1</javadocs>
    </function>
    <function>
      <name>org.jdom.contrib.input.scanner.ElementScanner.parse(InputSource)</name>
      <ncss>4</ncss>
      <ccn>1</ccn>
      <javadocs>1</javadocs>
    </function>
    <function>
      <name>org.jdom.contrib.input.scanner.ElementScanner.startDocument()</name>
      <ncss>5</ncss>
      <ccn>1</ccn>
      <javadocs>1</javadocs>
    </function>
    <function>
      <name>org.jdom.contrib.input.scanner.ElementScanner.endDocument()</name>
      <ncss>3</ncss>
      <ccn>1</ccn>
      <javadocs>1</javadocs>
    </function>
    <function>
      <name>org.jdom.contrib.input.scanner.ElementScanner.startPrefixMapping(String,String)</name>
      <ncss>3</ncss>
      <ccn>1</ccn>
      <javadocs>1</javadocs>
    </function>
    <function>
      <name>org.jdom.contrib.input.scanner.ElementScanner.endPrefixMapping(String)</name>
      <ncss>3</ncss>
      <ccn>1</ccn>
      <javadocs>1</javadocs>
    </function>
    <function>
      <name>org.jdom.contrib.input.scanner.ElementScanner.startElement(String,String,String,Attributes)</name>
      <ncss>9</ncss>
      <ccn>3</ccn>
      <javadocs>1</javadocs>
    </function>
    <function>
      <name>org.jdom.contrib.input.scanner.ElementScanner.endElement(String,String,String)</name>
      <ncss>15</ncss>
      <ccn>7</ccn>
      <javadocs>1</javadocs>
    </function>
    <function>
      <name>org.jdom.contrib.input.scanner.ElementScanner.characters(qName[],int,int)</name>
      <ncss>4</ncss>
      <ccn>2</ccn>
      <javadocs>1</javadocs>
    </function>
    <function>
      <name>org.jdom.contrib.input.scanner.ElementScanner.ignorableWhitespace(length[],int,int)</name>
      <ncss>4</ncss>
      <ccn>2</ccn>
      <javadocs>1</javadocs>
    </function>
    <function>
      <name>org.jdom.contrib.input.scanner.ElementScanner.processingInstruction(String,String)</name>
      <ncss>4</ncss>
      <ccn>2</ccn>
      <javadocs>1</javadocs>
    </function>
    <function>
      <name>org.jdom.contrib.input.scanner.ElementScanner.skippedEntity(String)</name>
      <ncss>4</ncss>
      <ccn>2</ccn>
      <javadocs>1</javadocs>
    </function>
    <function>
      <name>org.jdom.contrib.input.scanner.ElementScanner.ParserBuilder.ParserBuilder()</name>
      <ncss>2</ncss>
      <ccn>1</ccn>
      <javadocs>0</javadocs>
    </function>
    <function>
      <name>org.jdom.contrib.input.scanner.ElementScanner.ParserBuilder.createContentHandler()</name>
      <ncss>2</ncss>
      <ccn>1</ccn>
      <javadocs>0</javadocs>
    </function>
    <function>
      <name>org.jdom.contrib.input.scanner.ElementScanner.ParserBuilder.getXMLReader(XMLReader,SAXHandler)</name>
      <ncss>7</ncss>
      <ccn>5</ccn>
      <javadocs>1</javadocs>
    </function>
    <function>
      <name>org.jdom.contrib.input.scanner.ElementScanner.ParserBuilder.getContentHandler()</name>
      <ncss>6</ncss>
      <ccn>4</ccn>
      <javadocs>1</javadocs>
    </function>
    <function>
      <name>org.jdom.contrib.input.scanner.ElementScanner.ElementBuilder.ElementBuilder(JDOMFactory)</name>
      <ncss>2</ncss>
      <ccn>1</ccn>
      <javadocs>1</javadocs>
    </function>
    <function>
      <name>org.jdom.contrib.input.scanner.ElementScanner.ElementBuilder.getCurrentElement()</name>
      <ncss>2</ncss>
      <ccn>1</ccn>
      <javadocs>1</javadocs>
    </function>
    <function>
      <name>org.jdom.contrib.input.scanner.ElementScanner.EmptyDocumentFactory.EmptyDocumentFactory(JDOMFactory)</name>
      <ncss>2</ncss>
      <ccn>2</ccn>
      <javadocs>1</javadocs>
    </function>
    <function>
      <name>org.jdom.contrib.input.scanner.ElementScanner.EmptyDocumentFactory.document(Element,DocType)</name>
      <ncss>2</ncss>
      <ccn>1</ccn>
      <javadocs>0</javadocs>
    </function>
    <function>
      <name>org.jdom.contrib.input.scanner.ElementScanner.EmptyDocumentFactory.document(Element)</name>
      <ncss>2</ncss>
      <ccn>1</ccn>
      <javadocs>0</javadocs>
    </function>
    <function>
      <name>org.jdom.contrib.input.scanner.ElementScanner.EmptyDocumentFactory.attribute(String,String,Namespace)</name>
      <ncss>2</ncss>
      <ccn>1</ccn>
      <javadocs>0</javadocs>
    </function>
    <function>
      <name>org.jdom.contrib.input.scanner.ElementScanner.EmptyDocumentFactory.attribute(String,String,int,Namespace)</name>
      <ncss>2</ncss>
      <ccn>1</ccn>
      <javadocs>0</javadocs>
    </function>
    <function>
      <name>org.jdom.contrib.input.scanner.ElementScanner.EmptyDocumentFactory.attribute(String,String)</name>
      <ncss>2</ncss>
      <ccn>1</ccn>
      <javadocs>0</javadocs>
    </function>
    <function>
      <name>org.jdom.contrib.input.scanner.ElementScanner.EmptyDocumentFactory.attribute(String,String,int)</name>
      <ncss>2</ncss>
      <ccn>1</ccn>
      <javadocs>0</javadocs>
    </function>
    <function>
      <name>org.jdom.contrib.input.scanner.ElementScanner.EmptyDocumentFactory.cdata(String)</name>
      <ncss>2</ncss>
      <ccn>1</ccn>
      <javadocs>0</javadocs>
    </function>
    <function>
      <name>org.jdom.contrib.input.scanner.ElementScanner.EmptyDocumentFactory.text(String)</name>
      <ncss>2</ncss>
      <ccn>1</ccn>
      <javadocs>0</javadocs>
    </function>
    <function>
      <name>org.jdom.contrib.input.scanner.ElementScanner.EmptyDocumentFactory.comment(String)</name>
      <ncss>2</ncss>
      <ccn>1</ccn>
      <javadocs>0</javadocs>
    </function>
    <function>
      <name>org.jdom.contrib.input.scanner.ElementScanner.EmptyDocumentFactory.docType(String,String,String)</name>
      <ncss>2</ncss>
      <ccn>1</ccn>
      <javadocs>0</javadocs>
    </function>
    <function>
      <name>org.jdom.contrib.input.scanner.ElementScanner.EmptyDocumentFactory.docType(String,String)</name>
      <ncss>2</ncss>
      <ccn>1</ccn>
      <javadocs>0</javadocs>
    </function>
    <function>
      <name>org.jdom.contrib.input.scanner.ElementScanner.EmptyDocumentFactory.docType(String)</name>
      <ncss>2</ncss>
      <ccn>1</ccn>
      <javadocs>0</javadocs>
    </function>
    <function>
      <name>org.jdom.contrib.input.scanner.ElementScanner.EmptyDocumentFactory.element(String,Namespace)</name>
      <ncss>2</ncss>
      <ccn>1</ccn>
      <javadocs>0</javadocs>
    </function>
    <function>
      <name>org.jdom.contrib.input.scanner.ElementScanner.EmptyDocumentFactory.element(String)</name>
      <ncss>2</ncss>
      <ccn>1</ccn>
      <javadocs>0</javadocs>
    </function>
    <function>
      <name>org.jdom.contrib.input.scanner.ElementScanner.EmptyDocumentFactory.element(String,String)</name>
      <ncss>2</ncss>
      <ccn>1</ccn>
      <javadocs>0</javadocs>
    </function>
    <function>
      <name>org.jdom.contrib.input.scanner.ElementScanner.EmptyDocumentFactory.element(String,String,String)</name>
      <ncss>2</ncss>
      <ccn>1</ccn>
      <javadocs>0</javadocs>
    </function>
    <function>
      <name>org.jdom.contrib.input.scanner.ElementScanner.EmptyDocumentFactory.processingInstruction(String,Map)</name>
      <ncss>2</ncss>
      <ccn>1</ccn>
      <javadocs>0</javadocs>
    </function>
    <function>
      <name>org.jdom.contrib.input.scanner.ElementScanner.EmptyDocumentFactory.processingInstruction(String,String)</name>
      <ncss>2</ncss>
      <ccn>1</ccn>
      <javadocs>0</javadocs>
    </function>
    <function>
      <name>org.jdom.contrib.input.scanner.ElementScanner.EmptyDocumentFactory.entityRef(String)</name>
      <ncss>2</ncss>
      <ccn>1</ccn>
      <javadocs>0</javadocs>
    </function>
    <function>
      <name>org.jdom.contrib.input.scanner.ElementScanner.EmptyDocumentFactory.entityRef(String,String,String)</name>
      <ncss>2</ncss>
      <ccn>1</ccn>
      <javadocs>0</javadocs>
    </function>
    <function>
      <name>org.jdom.contrib.input.scanner.ElementScanner.EmptyDocument.EmptyDocument()</name>
      <ncss>2</ncss>
      <ccn>1</ccn>
      <javadocs>1</javadocs>
    </function>
    <function>
      <name>org.jdom.contrib.input.scanner.ElementScanner.EmptyDocument.setRootElement(Element)</name>
      <ncss>2</ncss>
      <ccn>1</ccn>
      <javadocs>0</javadocs>
    </function>
    <function>
      <name>org.jdom.contrib.input.scanner.ElementScanner.EmptyDocument.addContent(Comment)</name>
      <ncss>2</ncss>
      <ccn>1</ccn>
      <javadocs>0</javadocs>
    </function>
    <function>
      <name>org.jdom.contrib.input.scanner.ElementScanner.EmptyDocument.addContent(ProcessingInstruction)</name>
      <ncss>2</ncss>
      <ccn>1</ccn>
      <javadocs>0</javadocs>
    </function>
    <function>
      <name>org.jdom.contrib.input.scanner.ElementScanner.EmptyDocument.setContent(List)</name>
      <ncss>2</ncss>
      <ccn>1</ccn>
      <javadocs>0</javadocs>
    </function>
    <function>
      <name>org.jdom.contrib.input.scanner.ElementScanner.EmptyDocument.setDocType(DocType)</name>
      <ncss>2</ncss>
      <ccn>1</ccn>
      <javadocs>0</javadocs>
    </function>
    <function>
      <name>org.jdom.contrib.input.scanner.JakartaRegExpXPathMatcher.JakartaRegExpXPathMatcher(String,ElementListener)</name>
      <ncss>16</ncss>
      <ccn>5</ccn>
      <javadocs>1</javadocs>
    </function>
    <function>
      <name>org.jdom.contrib.input.scanner.JakartaRegExpXPathMatcher.match(String,Attributes)</name>
      <ncss>2</ncss>
      <ccn>1</ccn>
      <javadocs>1</javadocs>
    </function>
    <function>
      <name>org.jdom.contrib.input.scanner.JakartaRegExpXPathMatcher.match(String,Element)</name>
      <ncss>9</ncss>
      <ccn>4</ccn>
      <javadocs>1</javadocs>
    </function>
    <function>
      <name>org.jdom.contrib.input.scanner.XPathMatcher.XPathMatcher(String,ElementListener)</name>
      <ncss>7</ncss>
      <ccn>6</ccn>
      <javadocs>1</javadocs>
    </function>
    <function>
      <name>org.jdom.contrib.input.scanner.XPathMatcher.getExpression()</name>
      <ncss>2</ncss>
      <ccn>1</ccn>
      <javadocs>1</javadocs>
    </function>
    <function>
      <name>org.jdom.contrib.input.scanner.XPathMatcher.getListener()</name>
      <ncss>2</ncss>
      <ccn>1</ccn>
      <javadocs>1</javadocs>
    </function>
    <function>
      <name>org.jdom.contrib.input.scanner.XPathMatcher.match(String,Attributes)</name>
      <ncss>1</ncss>
      <ccn>1</ccn>
      <javadocs>1</javadocs>
    </function>
    <function>
      <name>org.jdom.contrib.input.scanner.XPathMatcher.match(String,Element)</name>
      <ncss>1</ncss>
      <ccn>1</ccn>
      <javadocs>1</javadocs>
    </function>
    <function>
      <name>org.jdom.contrib.input.scanner.XPathMatcher.getPathPatternAsRE(String)</name>
      <ncss>26</ncss>
      <ccn>11</ccn>
      <javadocs>1</javadocs>
    </function>
    <function>
      <name>org.jdom.contrib.input.scanner.XPathMatcher.getTestPattern(String)</name>
      <ncss>5</ncss>
      <ccn>3</ccn>
      <javadocs>1</javadocs>
    </function>
    <function>
      <name>org.jdom.contrib.input.scanner.XPathMatcher.setDebug(boolean)</name>
      <ncss>2</ncss>
      <ccn>1</ccn>
      <javadocs>1</javadocs>
    </function>
    <function>
      <name>org.jdom.contrib.input.scanner.XPathMatcher.isDebug()</name>
      <ncss>2</ncss>
      <ccn>1</ccn>
      <javadocs>1</javadocs>
    </function>
    <function>
      <name>org.jdom.contrib.input.scanner.XPathMatcher.setXPathMatcherClass(Class)</name>
      <ncss>10</ncss>
      <ccn>8</ccn>
      <javadocs>1</javadocs>
    </function>
    <function>
      <name>org.jdom.contrib.input.scanner.XPathMatcher.newXPathMatcher(String,ElementListener)</name>
      <ncss>10</ncss>
      <ccn>8</ccn>
      <javadocs>1</javadocs>
    </function>
    <function>
      <name>org.jdom.contrib.output.JTreeOutputter.JTreeOutputter()</name>
      <ncss>1</ncss>
      <ccn>1</ccn>
      <javadocs>0</javadocs>
    </function>
    <function>
      <name>org.jdom.contrib.output.JTreeOutputter.JTreeOutputter(boolean)</name>
      <ncss>1</ncss>
      <ccn>1</ccn>
      <javadocs>0</javadocs>
    </function>
    <function>
      <name>org.jdom.contrib.output.JTreeOutputter.output(Document,DefaultMutableTreeNode)</name>
      <ncss>2</ncss>
      <ccn>1</ccn>
      <javadocs>1</javadocs>
    </function>
    <function>
      <name>org.jdom.contrib.output.JTreeOutputter.output(Element,DefaultMutableTreeNode)</name>
      <ncss>2</ncss>
      <ccn>1</ccn>
      <javadocs>1</javadocs>
    </function>
    <function>
      <name>org.jdom.contrib.output.JTreeOutputter.processElement(Element,DefaultMutableTreeNode)</name>
      <ncss>11</ncss>
      <ccn>4</ccn>
      <javadocs>0</javadocs>
    </function>
    <function>
      <name>org.jdom.contrib.output.JTreeOutputter.processAttributes(Element,DefaultMutableTreeNode)</name>
      <ncss>7</ncss>
      <ccn>2</ccn>
      <javadocs>0</javadocs>
    </function>
    <function>
      <name>Sizeof.main(String[])</name>
      <ncss>20</ncss>
      <ccn>3</ccn>
      <javadocs>0</javadocs>
    </function>
    <function>
      <name>Sizeof.createString(int)</name>
      <ncss>5</ncss>
      <ccn>2</ccn>
      <javadocs>0</javadocs>
    </function>
    <function>
      <name>Sizeof.runGC()</name>
      <ncss>3</ncss>
      <ccn>2</ccn>
      <javadocs>0</javadocs>
    </function>
    <function>
      <name>Sizeof._runGC()</name>
      <ncss>8</ncss>
      <ccn>3</ccn>
      <javadocs>0</javadocs>
    </function>
    <function>
      <name>Sizeof.usedMemory()</name>
      <ncss>2</ncss>
      <ccn>1</ccn>
      <javadocs>0</javadocs>
    </function>
    <function>
      <name>WhichClass.main(String[])</name>
      <ncss>14</ncss>
      <ccn>5</ccn>
      <javadocs>0</javadocs>
    </function>
    <function>
      <name>WhichClass.toPath(String)</name>
      <ncss>7</ncss>
      <ccn>3</ccn>
      <javadocs>0</javadocs>
    </function>
    <function>
      <name>WhichClass.printUsage()</name>
      <ncss>3</ncss>
      <ccn>1</ccn>
      <javadocs>0</javadocs>
    </function>
    <function_averages>
      <ncss>5.83</ncss>
      <ccn>2.51</ccn>
      <javadocs>0.47</javadocs>
    </function_averages>
    <ncss>1,564.00</ncss>
  </functions>
</javancss>
