<!--
use.xml
Copyright 2004, 2005 Christoph Csallner and Yannis Smaragdakis.

2005-09-25 CnC requires Java 1.5 (version 0.7.60 and later)
2005-08-09 Made exec directory of inferee configurable
2005-06-28 Requires Ant 1.6.3 or later
2005-06-27 Prepended Daikon: Requires Java 1.5, compiled testee and test case
2004-11-09 Works with Ant 1.6.2

====================================================================
Ant file for using Check 'n Crash: generate, compile, run, and archive tests.
This file must be called parameterized from the testee's Ant build file.
Note that properties of the calling project override properties defined here.
====================================================================
-->

<project name="CnC" default="test.archive">	<!--DEBUG: daikon.infer-->
	<!--basedir overriden by calling target's dir-->
	<description>
		Check 'n' Crash--generate, compile, run, and archive tests.
	</description>

	<!--provides loop-->
	<taskdef resource="net/sf/antcontrib/antlib.xml" classpath="${cnc.jar}"/>

	<path id="test.classpath">
		<pathelement location="${cnc.jar}"/>		
		<pathelement path="${classpath}"/>
		<pathelement location="${bin}"/>
	</path>


	<!--init
	defines naming of generated files-->
	<target name="init">
		<!--<available property="test.present" file="${test.src}"/>	-->
	
		<mkdir dir="${bin}"/>
		<mkdir dir="${test.src}"/>
		<mkdir dir="${test.bin}"/>
		<tstamp>
			<format property="DSTAMP" pattern="yyyy-MM-dd"/>
		</tstamp>
		<basename property="basedir.basename" file="${basedir}"/>
		<property name="run.id" value="${basedir.basename}-cnc-${cnc.version}-${DSTAMP}-${TSTAMP}"/>
		<property name="cnc.out" value="${run.id}.cnc.txt"/>
		<property name="junit.out" value="${run.id}.junit.txt"/>
		<property name="annotated.list" value="annotated.txt"/>
		<property name="test.zip" value="${run.id}.zip"/>
		
		<!--package/Testee.java package/Testee.java-->
		<loadfile property="testee.list.ws" srcFile="${testee.list.filename}">
			<filterchain>
				<tokenfilter>
					<filetokenizer/>
					<trim/>
					<replaceregex pattern="(\s)+(\S)" replace=" \2" flags="g"/>
				</tokenfilter>
			</filterchain>
		</loadfile>
		<filelist id="testee.filelist" dir="${basedir}" files="${testee.list.ws}"/>		
	</target>


	<!--init.daikon-->
	<target name="init.daikon"
			depends="init" 
			if="inferee.filename">
		
		<!--package/Inferee.java-->
		<loadfile property="inferee" srcFile="${inferee.filename}">
			<filterchain>
				<tokenfilter>
					<filetokenizer/>
					<trim/>
				</tokenfilter>
			</filterchain>
		</loadfile>
		<filelist id="inferee.filelist" dir="${basedir}" files="${inferee}"/>		
		
		<!--package.Inferee-->
		<pathconvert property="inferee.type" refid="inferee.filelist">
			<packagemapper from="${basedir}${file.separator}*.java" to="*"/>
		</pathconvert>
		
		<property name="chicory.out" value="${run.id}.chicory.txt"/>
		<property name="daikon.out" value="${run.id}.daikon.txt"/>
		<available property="inv.present" file="${inferee.type}.inv.gz"/>	
	</target>
		
		
		
	<!--testee.compile-->
	<target name="testee.compile" depends="init">
		<javac classpath="${classpath}" debug="true"
				srcdir="${src}" destdir="${bin}"
				includes="${testee.list.ws}" 
				source="1.4" target="1.4"/>	<!--ESC does not know Java 5-->		
	</target>


	<!--inferee.compile-->
	<target name="inferee.compile" depends="testee.compile,init.daikon"
			if="inferee">				
		<javac classpath="${classpath}" debug="true"
				includes="${inferee}" destdir="${bin}">
			<src path="${inferee.src}"/>
			<src path="${src}"/>  <!--test case may need sources-->
		</javac>
	</target>	
	

	<!--daikon.monitor-->
	<target name="daikon.monitor" depends="inferee.compile" 
			if="inferee"
			unless="inv.present">
		<pathconvert property="testee.list.type.pipe" refid="testee.filelist" pathsep="|">
			<packagemapper from="${basedir}${file.separator}*.java" to="*"/>
		</pathconvert> <!--package.Testee|package.Testee-->	
		
		<java classname="daikon.Chicory" output="${chicory.out}" fork="true" 
				dir="${inferee.exec}" maxmemory="128m">  <!--spawns target process-->
			<classpath refid="test.classpath"/>
			<arg value="--dtrace-file=${inferee.type}.dtrace"/>
			<arg value="--output-dir=${basedir}"/>
			<arg value="--ppt-select-pattern=${testee.list.type.pipe}"/>
			<arg value="--premain=${cnc.jar}"/>
			<arg value="--std-vis"/>
			<arg value="${inferee.type}"/>  <!--Single test suite-->
		</java>
	</target>

	
	<!--daikon.infer-->
	<target name="daikon.infer" depends="daikon.monitor"
			if="inferee"
			unless="inv.present">
		<java classname="daikon.Daikon" output="${daikon.out}" fork="true"
				maxmemory="384m">
			<classpath refid="test.classpath"/>
			<arg value="--conf_limit"/>
			<arg value="1"/>
			<arg value="--config"/>
			<arg value="daikon-config.txt"/>  <!--DEBUG: c:\cs\jcrasher\daikon-config.txt-->
			<arg value="--no_text_output"/>
			<arg value="--omit_from_output"/>
			<arg value="0r"/>
			<arg value="--ppt-select-pattern=${testee.list.type.pipe}"/>
			<arg value="${inferee.type}.dtrace"/>
		</java>		
		<available property="inv.present" file="${inferee.type}.inv.gz"/>
	</target>
		

	<!--daikon.annotate
	Annotate the testees with the Daikon-inferred invariants-->
	<target name="daikon.annotate" depends="daikon.infer"
				if="inv.present">
		<java classname="edu.gatech.cc.daikon.AnnotateWeaker" fork="true" dir="${src}"
				maxmemory="384m">
			<classpath refid="test.classpath"/>
			<arg value="--format"/>
			<arg value="JML"/>								<!--Expected by ESC/Java2-->			
			<arg value="--pre"/>
			<arg value="${modify.pre}"/>
			<arg value="--post"/>
			<arg value="${modify.post}"/>
			<arg value="${basedir}/${inferee.type}.inv.gz"/>
			<arg line="${testee.list.ws}"/>
			<!--TODO: Also annotate every class used by the testees?-->
		</java>
		
		<!--Backup original sources-->
		<copy todir="${src}">
			<fileset dir="${src}" includes="${testee.list.ws}"/>
			<globmapper from="*.java" to="*.java.orig-before-annoate"/>
		</copy>
		
		<!--Replace original sources with annotated sources-->
		<move todir="${src}">
			<fileset dir="${src}"/>
			<globmapper from="*.java-jmlannotated" to="*.java"/>
		</move>
		
		<!--Move list of annotated methods-->
		<move file="${src}/${annotated.list}" todir="${test.bin}"/>		
		
		<!--Compile annotated sources, so exception-traces have
		line numbers of annotated sources-->
		<javac classpath="${classpath}" debug="true"
				srcdir="${src}" destdir="${bin}"
				includes="${testee.list.ws}" 
				source="1.4" target="1.4"/>	<!--ESC does not know Java 5-->
	</target>


	<!--test.generate
	Run CnC to create JUnit test case sources in ${test.src}-->
	<target name="test.generate" depends="init">
		<java classname="edu.gatech.cc.cnc.Main" fork="true"
	 			dir="${src}" output="${cnc.out}" maxmemory="128m">
			<assertions><!--TODO we need assertions only for JABA, right?-->
				<enable/>
			</assertions>
			<classpath refid="test.classpath"/>
			<!--CnC switches that are not supported by ESC-->
			<arg value="-outdir"/>
			<arg file="${test.src}"/>
			<arg line="${cnc.params}"/>  <!--for example, "-NPE"-->
			<!--ESC switches-->
			<arg line="${esc.params}"/>  <!--for example, "-ea -source 1.4 -loop 1.5"-->
			<arg value="-simplify"/>
			<arg value="${simplify}"/>
			<arg value="-classpath"/>
			<arg pathref="esc.params.classpath"/>
			<arg value="-sourcepath"/>
			<arg pathref="esc.params.sourcepath"/>
			<arg value="-specs"/>
			<arg pathref="esc.params.specs"/>  <!--${cnc.jar} contains JDK specs-->
			<arg value="-f"/>
			<arg file="${testee.list.filename}"/>
			<!--<arg value="-v"/>-->
		</java>
	</target>



	<!--test.compile
		+ We want source line numbers in any exception trace,
			just like we would get by default when calling javac without arguments.
		+ Running CnC on big project may generate many test cases.
		  Compiling all test cases with a single Javac instance can lead to
		  an out of memory error. So we call Javac in an for loop by AntContrib.
	-->
	<target name="test.compile" depends="test.generate"> <!--DEBUG: init-->
		<pathconvert property="test.list.comma" refid="testee.filelist" pathsep=",">
			<globmapper from="${basedir}${file.separator}*.java" to="*Test.java"/>
		</pathconvert>  <!--package/TesteeTest.java,package/TesteeTest.java-->
		<for param="suite.file" list="${test.list.comma},JUnitAll.java">
			<sequential>
				<javac srcdir="${test.src}" destdir="${test.bin}"
						classpathref="test.classpath"
						debug="true"
						includes="@{suite.file}"/>
			</sequential>
		</for>
		<available property="JUnitAll.present" file="${test.bin}/JUnitAll.class"/>
	</target>



	<!--test.run: CnC might not have generated any test cases-->
	<target name="test.run" if="JUnitAll.present" depends="test.compile">
		<java classname="edu.gatech.cc.junit.textui.RaGTestRunner" fork="true"			
				dir="${test.bin}" output="${junit.out}" maxmemory="384m">
			<classpath>
				<pathelement location="${cnc.jar}"/>		
				<pathelement path="${classpath}"/>
				<pathelement location="${test.bin}"/>
				<pathelement location="${bin}"/>
			</classpath>
			<assertions>  <!--assertions enabled for testing-->
				<enable/>
			</assertions>
			<arg value="-annotated"/>
			<arg value="-directCallOnly"/>
			<arg value="-noreinit"/>
			<arg value="JUnitAll"/>
		</java>
	</target>



	<!--test.archive
	Zip this file, the generated test cases, and the results-->
	<target name="test.archive" depends="test.run">
		<pathconvert property="test.list.archive" refid="testee.filelist" pathsep=",">
			<chainedmapper>
				<globmapper from="${basedir}${file.separator}*" to="${test.src}/*"/>
				<regexpmapper from="(.*)\.java" to="\1Test*.java"/>
			</chainedmapper>
		</pathconvert>  <!--test/package/TesteeTest*.java,test/package/TesteeTest*.java-->
		<pathconvert property="testee.list.archive" refid="testee.filelist" pathsep=",">
			<globmapper from="${basedir}${file.separator}*" to="${src}/*"/>
		</pathconvert>  <!--src/package/Testee.java,src/package/Testee.java-->
				
		<zip destfile="${test.zip}">
			<fileset dir="." includes="build.xml,${testee.list.filename},${inferee.filename}"/>
			<fileset dir="." includes="${chicory.out},${daikon.out},${cnc.out},${junit.out}"/>
			<fileset dir="." includes="${testee.list.archive}"/>
			<fileset dir="." includes="${test.src}/JUnitAll.java,${test.list.archive}"/>
			<fileset dir="." includes="${inferee.src}/JUnitAll.java"/>
			<fileset dir="." includes="${test.bin}/${annotated.list}"/>
		</zip>
		
		<move todir="${src}">  <!--restore original sources-->
			<fileset dir="${src}"/>
			<globmapper from="*.java.orig-before-annoate" to="*.java"/>
		</move>
		<!--Daikon-generated files-->
		<delete>
			<fileset file="${inferee.type}.dtrace"/>
			<!--<fileset file="${inferee.type}.inv.gz"/>-->  <!--DEBUG-->
			<fileset file="${src}/annotated.txt"/>
		</delete>
	</target>
</project>
