<?xml version="1.0" encoding="UTF-8"?>

<BugCollection version="1.3.1" sequence="0" timestamp="1221619944187" analysisTimestamp="1221619965781" release="">
  <Project filename="&lt;&lt;unnamed project&gt;&gt;" projectName="">
    <Jar>C:\repository-workspace\jdom</Jar>
    <AuxClasspathEntry>C:\repository-workspace\jdom\lib\ant.jar</AuxClasspathEntry>
    <AuxClasspathEntry>C:\repository-workspace\jdom\lib\collections.jar</AuxClasspathEntry>
    <AuxClasspathEntry>C:\repository-workspace\jdom\lib\xerces.jar</AuxClasspathEntry>
  </Project>
  <BugInstance type="CN_IDIOM_NO_SUPER_CALL" priority="2" abbrev="CN" category="BAD_PRACTICE" instanceHash="cd2aa7c18ce14506fabc735751db6bd1" instanceOccurrenceNum="0" instanceOccurrenceMax="0">
    <ShortMessage>clone method does not call super.clone()</ShortMessage>
    <LongMessage>org.jdom.Attribute.clone() does not call super.clone()</LongMessage>
    <Class classname="org.jdom.Attribute">
      <SourceLine classname="org.jdom.Attribute" start="92" end="483" sourcefile="Attribute.java" sourcepath="org/jdom/Attribute.java">
        <Message>At Attribute.java:[lines 92-483]</Message>
      </SourceLine>
      <Message>In class org.jdom.Attribute</Message>
    </Class>
    <Method classname="org.jdom.Attribute" name="clone" signature="()Ljava/lang/Object;" isStatic="false">
      <SourceLine classname="org.jdom.Attribute" start="353" end="355" startBytecode="0" endBytecode="77" sourcefile="Attribute.java" sourcepath="org/jdom/Attribute.java"/>
      <Message>In method org.jdom.Attribute.clone()</Message>
    </Method>
    <SourceLine classname="org.jdom.Attribute" start="353" end="355" startBytecode="0" endBytecode="77" sourcefile="Attribute.java" sourcepath="org/jdom/Attribute.java" synthetic="true">
      <Message>At Attribute.java:[lines 353-355]</Message>
    </SourceLine>
  </BugInstance>
  <BugInstance type="SE_NO_SERIALVERSIONID" priority="2" abbrev="SnVI" category="BAD_PRACTICE" instanceHash="aca724796ce8b31bcefa26fd6b0f015b" instanceOccurrenceNum="0" instanceOccurrenceMax="0">
    <ShortMessage>Class is Serializable, but doesn't define serialVersionUID</ShortMessage>
    <LongMessage>org.jdom.Attribute is Serializable; consider declaring a serialVersionUID</LongMessage>
    <Class classname="org.jdom.Attribute">
      <SourceLine classname="org.jdom.Attribute" start="92" end="483" sourcefile="Attribute.java" sourcepath="org/jdom/Attribute.java">
        <Message>At Attribute.java:[lines 92-483]</Message>
      </SourceLine>
      <Message>In class org.jdom.Attribute</Message>
    </Class>
    <SourceLine classname="org.jdom.Attribute" start="92" end="483" sourcefile="Attribute.java" sourcepath="org/jdom/Attribute.java" synthetic="true">
      <Message>At Attribute.java:[lines 92-483]</Message>
    </SourceLine>
  </BugInstance>
  <BugInstance type="CN_IDIOM_NO_SUPER_CALL" priority="2" abbrev="CN" category="BAD_PRACTICE" instanceHash="af92b242da574847bce7056ff29ec9ac" instanceOccurrenceNum="0" instanceOccurrenceMax="0">
    <ShortMessage>clone method does not call super.clone()</ShortMessage>
    <LongMessage>org.jdom.CDATA.clone() does not call super.clone()</LongMessage>
    <Class classname="org.jdom.CDATA">
      <SourceLine classname="org.jdom.CDATA" start="82" end="190" sourcefile="CDATA.java" sourcepath="org/jdom/CDATA.java">
        <Message>At CDATA.java:[lines 82-190]</Message>
      </SourceLine>
      <Message>In class org.jdom.CDATA</Message>
    </Class>
    <Method classname="org.jdom.CDATA" name="clone" signature="()Ljava/lang/Object;" isStatic="false">
      <SourceLine classname="org.jdom.CDATA" start="189" end="190" startBytecode="0" endBytecode="69" sourcefile="CDATA.java" sourcepath="org/jdom/CDATA.java"/>
      <Message>In method org.jdom.CDATA.clone()</Message>
    </Method>
    <SourceLine classname="org.jdom.CDATA" start="189" end="190" startBytecode="0" endBytecode="69" sourcefile="CDATA.java" sourcepath="org/jdom/CDATA.java" synthetic="true">
      <Message>At CDATA.java:[lines 189-190]</Message>
    </SourceLine>
  </BugInstance>
  <BugInstance type="SE_NO_SERIALVERSIONID" priority="3" abbrev="SnVI" category="BAD_PRACTICE" instanceHash="f99e70c1c009f1ab612f662adee080cd" instanceOccurrenceNum="0" instanceOccurrenceMax="0">
    <ShortMessage>Class is Serializable, but doesn't define serialVersionUID</ShortMessage>
    <LongMessage>org.jdom.CDATA is Serializable; consider declaring a serialVersionUID</LongMessage>
    <Class classname="org.jdom.CDATA">
      <SourceLine classname="org.jdom.CDATA" start="82" end="190" sourcefile="CDATA.java" sourcepath="org/jdom/CDATA.java">
        <Message>At CDATA.java:[lines 82-190]</Message>
      </SourceLine>
      <Message>In class org.jdom.CDATA</Message>
    </Class>
    <SourceLine classname="org.jdom.CDATA" start="82" end="190" sourcefile="CDATA.java" sourcepath="org/jdom/CDATA.java" synthetic="true">
      <Message>At CDATA.java:[lines 82-190]</Message>
    </SourceLine>
  </BugInstance>
  <BugInstance type="CN_IDIOM_NO_SUPER_CALL" priority="2" abbrev="CN" category="BAD_PRACTICE" instanceHash="c6fcd8b87c7c3c01319a0bea6f751924" instanceOccurrenceNum="0" instanceOccurrenceMax="0">
    <ShortMessage>clone method does not call super.clone()</ShortMessage>
    <LongMessage>org.jdom.Comment.clone() does not call super.clone()</LongMessage>
    <Class classname="org.jdom.Comment">
      <SourceLine classname="org.jdom.Comment" start="81" end="195" sourcefile="Comment.java" sourcepath="org/jdom/Comment.java">
        <Message>At Comment.java:[lines 81-195]</Message>
      </SourceLine>
      <Message>In class org.jdom.Comment</Message>
    </Class>
    <Method classname="org.jdom.Comment" name="clone" signature="()Ljava/lang/Object;" isStatic="false">
      <SourceLine classname="org.jdom.Comment" start="194" end="195" startBytecode="0" endBytecode="69" sourcefile="Comment.java" sourcepath="org/jdom/Comment.java"/>
      <Message>In method org.jdom.Comment.clone()</Message>
    </Method>
    <SourceLine classname="org.jdom.Comment" start="194" end="195" startBytecode="0" endBytecode="69" sourcefile="Comment.java" sourcepath="org/jdom/Comment.java" synthetic="true">
      <Message>At Comment.java:[lines 194-195]</Message>
    </SourceLine>
  </BugInstance>
  <BugInstance type="SE_NO_SERIALVERSIONID" priority="3" abbrev="SnVI" category="BAD_PRACTICE" instanceHash="f0f57d3667e308f6958e2d010b6ac31d" instanceOccurrenceNum="0" instanceOccurrenceMax="0">
    <ShortMessage>Class is Serializable, but doesn't define serialVersionUID</ShortMessage>
    <LongMessage>org.jdom.Comment is Serializable; consider declaring a serialVersionUID</LongMessage>
    <Class classname="org.jdom.Comment">
      <SourceLine classname="org.jdom.Comment" start="81" end="195" sourcefile="Comment.java" sourcepath="org/jdom/Comment.java">
        <Message>At Comment.java:[lines 81-195]</Message>
      </SourceLine>
      <Message>In class org.jdom.Comment</Message>
    </Class>
    <SourceLine classname="org.jdom.Comment" start="81" end="195" sourcefile="Comment.java" sourcepath="org/jdom/Comment.java" synthetic="true">
      <Message>At Comment.java:[lines 81-195]</Message>
    </SourceLine>
  </BugInstance>
  <BugInstance type="CN_IDIOM_NO_SUPER_CALL" priority="2" abbrev="CN" category="BAD_PRACTICE" instanceHash="a21a4d040dcc16f638628bccb463dec4" instanceOccurrenceNum="0" instanceOccurrenceMax="0">
    <ShortMessage>clone method does not call super.clone()</ShortMessage>
    <LongMessage>org.jdom.DocType.clone() does not call super.clone()</LongMessage>
    <Class classname="org.jdom.DocType">
      <SourceLine classname="org.jdom.DocType" start="85" end="299" sourcefile="DocType.java" sourcepath="org/jdom/DocType.java">
        <Message>At DocType.java:[lines 85-299]</Message>
      </SourceLine>
      <Message>In class org.jdom.DocType</Message>
    </Class>
    <Method classname="org.jdom.DocType" name="clone" signature="()Ljava/lang/Object;" isStatic="false">
      <SourceLine classname="org.jdom.DocType" start="297" end="299" startBytecode="0" endBytecode="77" sourcefile="DocType.java" sourcepath="org/jdom/DocType.java"/>
      <Message>In method org.jdom.DocType.clone()</Message>
    </Method>
    <SourceLine classname="org.jdom.DocType" start="297" end="299" startBytecode="0" endBytecode="77" sourcefile="DocType.java" sourcepath="org/jdom/DocType.java" synthetic="true">
      <Message>At DocType.java:[lines 297-299]</Message>
    </SourceLine>
  </BugInstance>
  <BugInstance type="SE_NO_SERIALVERSIONID" priority="3" abbrev="SnVI" category="BAD_PRACTICE" instanceHash="abca8dea2aa8e10a30612bc38e5a182a" instanceOccurrenceNum="0" instanceOccurrenceMax="0">
    <ShortMessage>Class is Serializable, but doesn't define serialVersionUID</ShortMessage>
    <LongMessage>org.jdom.DocType is Serializable; consider declaring a serialVersionUID</LongMessage>
    <Class classname="org.jdom.DocType">
      <SourceLine classname="org.jdom.DocType" start="85" end="299" sourcefile="DocType.java" sourcepath="org/jdom/DocType.java">
        <Message>At DocType.java:[lines 85-299]</Message>
      </SourceLine>
      <Message>In class org.jdom.DocType</Message>
    </Class>
    <SourceLine classname="org.jdom.DocType" start="85" end="299" sourcefile="DocType.java" sourcepath="org/jdom/DocType.java" synthetic="true">
      <Message>At DocType.java:[lines 85-299]</Message>
    </SourceLine>
  </BugInstance>
  <BugInstance type="CN_IDIOM_NO_SUPER_CALL" priority="2" abbrev="CN" category="BAD_PRACTICE" instanceHash="f785266cc914fb766f9a280bc7f1e209" instanceOccurrenceNum="0" instanceOccurrenceMax="0">
    <ShortMessage>clone method does not call super.clone()</ShortMessage>
    <LongMessage>org.jdom.Document.clone() does not call super.clone()</LongMessage>
    <Class classname="org.jdom.Document">
      <SourceLine classname="org.jdom.Document" start="101" end="586" sourcefile="Document.java" sourcepath="org/jdom/Document.java">
        <Message>At Document.java:[lines 101-586]</Message>
      </SourceLine>
      <Message>In class org.jdom.Document</Message>
    </Class>
    <Method classname="org.jdom.Document" name="clone" signature="()Ljava/lang/Object;" isStatic="false">
      <SourceLine classname="org.jdom.Document" start="529" end="551" startBytecode="0" endBytecode="314" sourcefile="Document.java" sourcepath="org/jdom/Document.java"/>
      <Message>In method org.jdom.Document.clone()</Message>
    </Method>
    <SourceLine classname="org.jdom.Document" start="529" end="551" startBytecode="0" endBytecode="314" sourcefile="Document.java" sourcepath="org/jdom/Document.java" synthetic="true">
      <Message>At Document.java:[lines 529-551]</Message>
    </SourceLine>
  </BugInstance>
  <BugInstance type="SE_NO_SERIALVERSIONID" priority="3" abbrev="SnVI" category="BAD_PRACTICE" instanceHash="91956ff6b2d77906ee3f6bef2897b8c" instanceOccurrenceNum="0" instanceOccurrenceMax="0">
    <ShortMessage>Class is Serializable, but doesn't define serialVersionUID</ShortMessage>
    <LongMessage>org.jdom.Document is Serializable; consider declaring a serialVersionUID</LongMessage>
    <Class classname="org.jdom.Document">
      <SourceLine classname="org.jdom.Document" start="101" end="586" sourcefile="Document.java" sourcepath="org/jdom/Document.java">
        <Message>At Document.java:[lines 101-586]</Message>
      </SourceLine>
      <Message>In class org.jdom.Document</Message>
    </Class>
    <SourceLine classname="org.jdom.Document" start="101" end="586" sourcefile="Document.java" sourcepath="org/jdom/Document.java" synthetic="true">
      <Message>At Document.java:[lines 101-586]</Message>
    </SourceLine>
  </BugInstance>
  <BugInstance type="CN_IDIOM_NO_SUPER_CALL" priority="2" abbrev="CN" category="BAD_PRACTICE" instanceHash="16a90b65156d347a9c4a797379b77274" instanceOccurrenceNum="0" instanceOccurrenceMax="0">
    <ShortMessage>clone method does not call super.clone()</ShortMessage>
    <LongMessage>org.jdom.Element.clone() does not call super.clone()</LongMessage>
    <Class classname="org.jdom.Element">
      <SourceLine classname="org.jdom.Element" start="129" end="1550" sourcefile="Element.java" sourcepath="org/jdom/Element.java">
        <Message>At Element.java:[lines 129-1550]</Message>
      </SourceLine>
      <Message>In class org.jdom.Element</Message>
    </Class>
    <Method classname="org.jdom.Element" name="clone" signature="()Ljava/lang/Object;" isStatic="false">
      <SourceLine classname="org.jdom.Element" start="1312" end="1342" startBytecode="0" endBytecode="432" sourcefile="Element.java" sourcepath="org/jdom/Element.java"/>
      <Message>In method org.jdom.Element.clone()</Message>
    </Method>
    <SourceLine classname="org.jdom.Element" start="1312" end="1342" startBytecode="0" endBytecode="432" sourcefile="Element.java" sourcepath="org/jdom/Element.java" synthetic="true">
      <Message>At Element.java:[lines 1312-1342]</Message>
    </SourceLine>
  </BugInstance>
  <BugInstance type="SE_NO_SERIALVERSIONID" priority="2" abbrev="SnVI" category="BAD_PRACTICE" instanceHash="f50a8d94b5633528295e0de48abbf7a4" instanceOccurrenceNum="0" instanceOccurrenceMax="0">
    <ShortMessage>Class is Serializable, but doesn't define serialVersionUID</ShortMessage>
    <LongMessage>org.jdom.Element is Serializable; consider declaring a serialVersionUID</LongMessage>
    <Class classname="org.jdom.Element">
      <SourceLine classname="org.jdom.Element" start="129" end="1550" sourcefile="Element.java" sourcepath="org/jdom/Element.java">
        <Message>At Element.java:[lines 129-1550]</Message>
      </SourceLine>
      <Message>In class org.jdom.Element</Message>
    </Class>
    <SourceLine classname="org.jdom.Element" start="129" end="1550" sourcefile="Element.java" sourcepath="org/jdom/Element.java" synthetic="true">
      <Message>At Element.java:[lines 129-1550]</Message>
    </SourceLine>
  </BugInstance>
  <BugInstance type="CN_IDIOM_NO_SUPER_CALL" priority="2" abbrev="CN" category="BAD_PRACTICE" instanceHash="6b6447e614c0c27b1424af138240b109" instanceOccurrenceNum="0" instanceOccurrenceMax="0">
    <ShortMessage>clone method does not call super.clone()</ShortMessage>
    <LongMessage>org.jdom.Entity.clone() does not call super.clone()</LongMessage>
    <Class classname="org.jdom.Entity">
      <SourceLine classname="org.jdom.Entity" start="83" end="412" sourcefile="Entity.java" sourcepath="org/jdom/Entity.java">
        <Message>At Entity.java:[lines 83-412]</Message>
      </SourceLine>
      <Message>In class org.jdom.Entity</Message>
    </Class>
    <Method classname="org.jdom.Entity" name="clone" signature="()Ljava/lang/Object;" isStatic="false">
      <SourceLine classname="org.jdom.Entity" start="409" end="412" startBytecode="0" endBytecode="90" sourcefile="Entity.java" sourcepath="org/jdom/Entity.java"/>
      <Message>In method org.jdom.Entity.clone()</Message>
    </Method>
    <SourceLine classname="org.jdom.Entity" start="409" end="412" startBytecode="0" endBytecode="90" sourcefile="Entity.java" sourcepath="org/jdom/Entity.java" synthetic="true">
      <Message>At Entity.java:[lines 409-412]</Message>
    </SourceLine>
  </BugInstance>
  <BugInstance type="SE_NO_SERIALVERSIONID" priority="3" abbrev="SnVI" category="BAD_PRACTICE" instanceHash="c67a9948429a4eb81ee30033e69656f7" instanceOccurrenceNum="0" instanceOccurrenceMax="0">
    <ShortMessage>Class is Serializable, but doesn't define serialVersionUID</ShortMessage>
    <LongMessage>org.jdom.Entity is Serializable; consider declaring a serialVersionUID</LongMessage>
    <Class classname="org.jdom.Entity">
      <SourceLine classname="org.jdom.Entity" start="83" end="412" sourcefile="Entity.java" sourcepath="org/jdom/Entity.java">
        <Message>At Entity.java:[lines 83-412]</Message>
      </SourceLine>
      <Message>In class org.jdom.Entity</Message>
    </Class>
    <SourceLine classname="org.jdom.Entity" start="83" end="412" sourcefile="Entity.java" sourcepath="org/jdom/Entity.java" synthetic="true">
      <Message>At Entity.java:[lines 83-412]</Message>
    </SourceLine>
  </BugInstance>
  <BugInstance type="SE_NO_SERIALVERSIONID" priority="3" abbrev="SnVI" category="BAD_PRACTICE" instanceHash="508f1d975925e3a09112f7b1e806b2b2" instanceOccurrenceNum="0" instanceOccurrenceMax="0">
    <ShortMessage>Class is Serializable, but doesn't define serialVersionUID</ShortMessage>
    <LongMessage>org.jdom.PartialList is Serializable; consider declaring a serialVersionUID</LongMessage>
    <Class classname="org.jdom.PartialList">
      <SourceLine classname="org.jdom.PartialList" start="91" end="389" sourcefile="PartialList.java" sourcepath="org/jdom/PartialList.java">
        <Message>At PartialList.java:[lines 91-389]</Message>
      </SourceLine>
      <Message>In class org.jdom.PartialList</Message>
    </Class>
    <SourceLine classname="org.jdom.PartialList" start="91" end="389" sourcefile="PartialList.java" sourcepath="org/jdom/PartialList.java" synthetic="true">
      <Message>At PartialList.java:[lines 91-389]</Message>
    </SourceLine>
  </BugInstance>
  <BugInstance type="CN_IDIOM_NO_SUPER_CALL" priority="2" abbrev="CN" category="BAD_PRACTICE" instanceHash="fbdc903d5f0e5aff2278230576108455" instanceOccurrenceNum="0" instanceOccurrenceMax="0">
    <ShortMessage>clone method does not call super.clone()</ShortMessage>
    <LongMessage>org.jdom.ProcessingInstruction.clone() does not call super.clone()</LongMessage>
    <Class classname="org.jdom.ProcessingInstruction">
      <SourceLine classname="org.jdom.ProcessingInstruction" start="94" end="377" sourcefile="ProcessingInstruction.java" sourcepath="org/jdom/ProcessingInstruction.java">
        <Message>At ProcessingInstruction.java:[lines 94-377]</Message>
      </SourceLine>
      <Message>In class org.jdom.ProcessingInstruction</Message>
    </Class>
    <Method classname="org.jdom.ProcessingInstruction" name="clone" signature="()Ljava/lang/Object;" isStatic="false">
      <SourceLine classname="org.jdom.ProcessingInstruction" start="375" end="377" startBytecode="0" endBytecode="77" sourcefile="ProcessingInstruction.java" sourcepath="org/jdom/ProcessingInstruction.java"/>
      <Message>In method org.jdom.ProcessingInstruction.clone()</Message>
    </Method>
    <SourceLine classname="org.jdom.ProcessingInstruction" start="375" end="377" startBytecode="0" endBytecode="77" sourcefile="ProcessingInstruction.java" sourcepath="org/jdom/ProcessingInstruction.java" synthetic="true">
      <Message>At ProcessingInstruction.java:[lines 375-377]</Message>
    </SourceLine>
  </BugInstance>
  <BugInstance type="SE_NO_SERIALVERSIONID" priority="3" abbrev="SnVI" category="BAD_PRACTICE" instanceHash="5d22320d1c2d5a09929a422d301793e9" instanceOccurrenceNum="0" instanceOccurrenceMax="0">
    <ShortMessage>Class is Serializable, but doesn't define serialVersionUID</ShortMessage>
    <LongMessage>org.jdom.ProcessingInstruction is Serializable; consider declaring a serialVersionUID</LongMessage>
    <Class classname="org.jdom.ProcessingInstruction">
      <SourceLine classname="org.jdom.ProcessingInstruction" start="94" end="377" sourcefile="ProcessingInstruction.java" sourcepath="org/jdom/ProcessingInstruction.java">
        <Message>At ProcessingInstruction.java:[lines 94-377]</Message>
      </SourceLine>
      <Message>In class org.jdom.ProcessingInstruction</Message>
    </Class>
    <SourceLine classname="org.jdom.ProcessingInstruction" start="94" end="377" sourcefile="ProcessingInstruction.java" sourcepath="org/jdom/ProcessingInstruction.java" synthetic="true">
      <Message>At ProcessingInstruction.java:[lines 94-377]</Message>
    </SourceLine>
  </BugInstance>
  <BugInstance type="WMI_WRONG_MAP_ITERATOR" priority="2" abbrev="WMI" category="PERFORMANCE" instanceHash="e3b6ff376936165b61aaa8e075676e88" instanceOccurrenceNum="0" instanceOccurrenceMax="0">
    <ShortMessage>Inefficient use of keySet iterator instead of entrySet iterator</ShortMessage>
    <LongMessage>Method org.jdom.ProcessingInstruction.toString(Map) makes inefficient use of keySet iterator instead of entrySet iterator</LongMessage>
    <Class classname="org.jdom.ProcessingInstruction">
      <SourceLine classname="org.jdom.ProcessingInstruction" start="94" end="377" sourcefile="ProcessingInstruction.java" sourcepath="org/jdom/ProcessingInstruction.java">
        <Message>At ProcessingInstruction.java:[lines 94-377]</Message>
      </SourceLine>
      <Message>In class org.jdom.ProcessingInstruction</Message>
    </Class>
    <Method classname="org.jdom.ProcessingInstruction" name="toString" signature="(Ljava/util/Map;)Ljava/lang/String;" isStatic="false">
      <SourceLine classname="org.jdom.ProcessingInstruction" start="252" end="266" startBytecode="0" endBytecode="228" sourcefile="ProcessingInstruction.java" sourcepath="org/jdom/ProcessingInstruction.java"/>
      <Message>In method org.jdom.ProcessingInstruction.toString(Map)</Message>
    </Method>
    <SourceLine classname="org.jdom.ProcessingInstruction" start="257" end="257" startBytecode="37" endBytecode="37" sourcefile="ProcessingInstruction.java" sourcepath="org/jdom/ProcessingInstruction.java">
      <Message>At ProcessingInstruction.java:[line 257]</Message>
    </SourceLine>
  </BugInstance>
  <BugInstance type="DM_CONVERT_CASE" priority="3" abbrev="Dm" category="I18N" instanceHash="4ddf78475fed7a6d6d2db4e4b5e62f05" instanceOccurrenceNum="0" instanceOccurrenceMax="0">
    <ShortMessage>Consider using Locale parameterized version of invoked method</ShortMessage>
    <LongMessage>Use of non-localized String.toUpperCase() or String.toLowerCase</LongMessage>
    <Class classname="org.jdom.Verifier">
      <SourceLine classname="org.jdom.Verifier" start="75" end="862" sourcefile="Verifier.java" sourcepath="org/jdom/Verifier.java">
        <Message>At Verifier.java:[lines 75-862]</Message>
      </SourceLine>
      <Message>In class org.jdom.Verifier</Message>
    </Class>
    <Method classname="org.jdom.Verifier" name="checkNamespacePrefix" signature="(Ljava/lang/String;)Ljava/lang/String;" isStatic="true">
      <SourceLine classname="org.jdom.Verifier" start="185" end="227" startBytecode="0" endBytecode="313" sourcefile="Verifier.java" sourcepath="org/jdom/Verifier.java"/>
      <Message>In method org.jdom.Verifier.checkNamespacePrefix(String)</Message>
    </Method>
    <SourceLine classname="org.jdom.Verifier" start="207" end="207" startBytecode="59" endBytecode="59" sourcefile="Verifier.java" sourcepath="org/jdom/Verifier.java">
      <Message>At Verifier.java:[line 207]</Message>
    </SourceLine>
  </BugInstance>
  <BugInstance type="REC_CATCH_EXCEPTION" priority="3" abbrev="REC" category="STYLE" instanceHash="9b6e858ef62684e1918e6e487bac48f" instanceOccurrenceNum="0" instanceOccurrenceMax="0">
    <ShortMessage>Exception is caught when Exception is not thrown</ShortMessage>
    <LongMessage>Exception is caught when Exception is not thrown in org.jdom.input.DOMBuilder.build(InputStream)</LongMessage>
    <Class classname="org.jdom.input.DOMBuilder">
      <SourceLine classname="org.jdom.input.DOMBuilder" start="123" end="428" sourcefile="DOMBuilder.java" sourcepath="org/jdom/input/DOMBuilder.java">
        <Message>At DOMBuilder.java:[lines 123-428]</Message>
      </SourceLine>
      <Message>In class org.jdom.input.DOMBuilder</Message>
    </Class>
    <Method classname="org.jdom.input.DOMBuilder" name="build" signature="(Ljava/io/InputStream;)Lorg/jdom/Document;" isStatic="false">
      <SourceLine classname="org.jdom.input.DOMBuilder" start="180" end="197" startBytecode="0" endBytecode="231" sourcefile="DOMBuilder.java" sourcepath="org/jdom/input/DOMBuilder.java"/>
      <Message>In method org.jdom.input.DOMBuilder.build(InputStream)</Message>
    </Method>
    <SourceLine classname="org.jdom.input.DOMBuilder" start="193" end="193" startBytecode="48" endBytecode="48" sourcefile="DOMBuilder.java" sourcepath="org/jdom/input/DOMBuilder.java">
      <Message>At DOMBuilder.java:[line 193]</Message>
    </SourceLine>
  </BugInstance>
  <BugInstance type="REC_CATCH_EXCEPTION" priority="3" abbrev="REC" category="STYLE" instanceHash="3dce91fac4926afd9a2b25991fe869b0" instanceOccurrenceNum="0" instanceOccurrenceMax="0">
    <ShortMessage>Exception is caught when Exception is not thrown</ShortMessage>
    <LongMessage>Exception is caught when Exception is not thrown in org.jdom.input.SAXBuilder.build(InputSource)</LongMessage>
    <Class classname="org.jdom.input.SAXBuilder">
      <SourceLine classname="org.jdom.input.SAXBuilder" start="116" end="465" sourcefile="SAXBuilder.java" sourcepath="org/jdom/input/SAXBuilder.java">
        <Message>At SAXBuilder.java:[lines 116-465]</Message>
      </SourceLine>
      <Message>In class org.jdom.input.SAXBuilder</Message>
    </Class>
    <Method classname="org.jdom.input.SAXBuilder" name="build" signature="(Lorg/xml/sax/InputSource;)Lorg/jdom/Document;" isStatic="false">
      <SourceLine classname="org.jdom.input.SAXBuilder" start="233" end="320" startBytecode="0" endBytecode="894" sourcefile="SAXBuilder.java" sourcepath="org/jdom/input/SAXBuilder.java"/>
      <Message>In method org.jdom.input.SAXBuilder.build(InputSource)</Message>
    </Method>
    <SourceLine classname="org.jdom.input.SAXBuilder" start="305" end="305" startBytecode="272" endBytecode="272" sourcefile="SAXBuilder.java" sourcepath="org/jdom/input/SAXBuilder.java">
      <Message>At SAXBuilder.java:[line 305]</Message>
    </SourceLine>
  </BugInstance>
  <BugInstance type="DLS_DEAD_LOCAL_STORE" priority="1" abbrev="DLS" category="STYLE" instanceHash="a1f3db2226f358c27a3260181ff160a1" instanceOccurrenceNum="0" instanceOccurrenceMax="0">
    <ShortMessage>Dead store to local variable</ShortMessage>
    <LongMessage>Dead store to elementAttributes in org.jdom.input.SAXHandler.startElement(String, String, String, Attributes)</LongMessage>
    <Class classname="org.jdom.input.SAXHandler">
      <SourceLine classname="org.jdom.input.SAXHandler" start="469" end="906" sourcefile="SAXBuilder.java" sourcepath="org/jdom/input/SAXBuilder.java">
        <Message>At SAXBuilder.java:[lines 469-906]</Message>
      </SourceLine>
      <Message>In class org.jdom.input.SAXHandler</Message>
    </Class>
    <Method classname="org.jdom.input.SAXHandler" name="startElement" signature="(Ljava/lang/String;Ljava/lang/String;Ljava/lang/String;Lorg/xml/sax/Attributes;)V" isStatic="false">
      <SourceLine classname="org.jdom.input.SAXHandler" start="590" end="586" startBytecode="0" endBytecode="243" sourcefile="SAXBuilder.java" sourcepath="org/jdom/input/SAXBuilder.java"/>
      <Message>In method org.jdom.input.SAXHandler.startElement(String, String, String, Attributes)</Message>
    </Method>
    <LocalVariable name="elementAttributes" register="5" pc="9" role="LOCAL_VARIABLE_NAMED">
      <Message>Local variable named elementAttributes</Message>
    </LocalVariable>
    <SourceLine classname="org.jdom.input.SAXHandler" start="590" end="590" startBytecode="7" endBytecode="7" sourcefile="SAXBuilder.java" sourcepath="org/jdom/input/SAXBuilder.java">
      <Message>At SAXBuilder.java:[line 590]</Message>
    </SourceLine>
  </BugInstance>
  <BugInstance type="REC_CATCH_EXCEPTION" priority="3" abbrev="REC" category="STYLE" instanceHash="5e8bc037aa4f92a829e64773db0a8877" instanceOccurrenceNum="0" instanceOccurrenceMax="0">
    <ShortMessage>Exception is caught when Exception is not thrown</ShortMessage>
    <LongMessage>Exception is caught when Exception is not thrown in org.jdom.output.DOMOutputter.output(Attribute, String)</LongMessage>
    <Class classname="org.jdom.output.DOMOutputter">
      <SourceLine classname="org.jdom.output.DOMOutputter" start="105" end="392" sourcefile="DOMOutputter.java" sourcepath="org/jdom/output/DOMOutputter.java">
        <Message>At DOMOutputter.java:[lines 105-392]</Message>
      </SourceLine>
      <Message>In class org.jdom.output.DOMOutputter</Message>
    </Class>
    <Method classname="org.jdom.output.DOMOutputter" name="output" signature="(Lorg/jdom/Attribute;Ljava/lang/String;)Lorg/w3c/dom/Attr;" isStatic="false">
      <SourceLine classname="org.jdom.output.DOMOutputter" start="256" end="271" startBytecode="0" endBytecode="276" sourcefile="DOMOutputter.java" sourcepath="org/jdom/output/DOMOutputter.java"/>
      <Message>In method org.jdom.output.DOMOutputter.output(Attribute, String)</Message>
    </Method>
    <SourceLine classname="org.jdom.output.DOMOutputter" start="266" end="266" startBytecode="55" endBytecode="55" sourcefile="DOMOutputter.java" sourcepath="org/jdom/output/DOMOutputter.java">
      <Message>At DOMOutputter.java:[line 266]</Message>
    </SourceLine>
  </BugInstance>
  <BugInstance type="REC_CATCH_EXCEPTION" priority="3" abbrev="REC" category="STYLE" instanceHash="568c6a00cd7d0c5279b322052c9c9b8d" instanceOccurrenceNum="0" instanceOccurrenceMax="0">
    <ShortMessage>Exception is caught when Exception is not thrown</ShortMessage>
    <LongMessage>Exception is caught when Exception is not thrown in org.jdom.output.DOMOutputter.output(Document, String)</LongMessage>
    <Class classname="org.jdom.output.DOMOutputter">
      <SourceLine classname="org.jdom.output.DOMOutputter" start="105" end="392" sourcefile="DOMOutputter.java" sourcepath="org/jdom/output/DOMOutputter.java">
        <Message>At DOMOutputter.java:[lines 105-392]</Message>
      </SourceLine>
      <Message>In class org.jdom.output.DOMOutputter</Message>
    </Class>
    <Method classname="org.jdom.output.DOMOutputter" name="output" signature="(Lorg/jdom/Document;Ljava/lang/String;)Lorg/w3c/dom/Document;" isStatic="false">
      <SourceLine classname="org.jdom.output.DOMOutputter" start="197" end="238" startBytecode="0" endBytecode="595" sourcefile="DOMOutputter.java" sourcepath="org/jdom/output/DOMOutputter.java"/>
      <Message>In method org.jdom.output.DOMOutputter.output(Document, String)</Message>
    </Method>
    <SourceLine classname="org.jdom.output.DOMOutputter" start="234" end="234" startBytecode="219" endBytecode="219" sourcefile="DOMOutputter.java" sourcepath="org/jdom/output/DOMOutputter.java">
      <Message>At DOMOutputter.java:[line 234]</Message>
    </SourceLine>
  </BugInstance>
  <BugInstance type="REC_CATCH_EXCEPTION" priority="3" abbrev="REC" category="STYLE" instanceHash="378a7bbd6945ee72d4d9e5524626d887" instanceOccurrenceNum="0" instanceOccurrenceMax="0">
    <ShortMessage>Exception is caught when Exception is not thrown</ShortMessage>
    <LongMessage>Exception is caught when Exception is not thrown in org.jdom.output.DOMOutputter.output(Element, String)</LongMessage>
    <Class classname="org.jdom.output.DOMOutputter">
      <SourceLine classname="org.jdom.output.DOMOutputter" start="105" end="392" sourcefile="DOMOutputter.java" sourcepath="org/jdom/output/DOMOutputter.java">
        <Message>At DOMOutputter.java:[lines 105-392]</Message>
      </SourceLine>
      <Message>In class org.jdom.output.DOMOutputter</Message>
    </Class>
    <Method classname="org.jdom.output.DOMOutputter" name="output" signature="(Lorg/jdom/Element;Ljava/lang/String;)Lorg/w3c/dom/Element;" isStatic="false">
      <SourceLine classname="org.jdom.output.DOMOutputter" start="165" end="179" startBytecode="0" endBytecode="259" sourcefile="DOMOutputter.java" sourcepath="org/jdom/output/DOMOutputter.java"/>
      <Message>In method org.jdom.output.DOMOutputter.output(Element, String)</Message>
    </Method>
    <SourceLine classname="org.jdom.output.DOMOutputter" start="174" end="174" startBytecode="45" endBytecode="45" sourcefile="DOMOutputter.java" sourcepath="org/jdom/output/DOMOutputter.java">
      <Message>At DOMOutputter.java:[line 174]</Message>
    </SourceLine>
  </BugInstance>
  <BugInstance type="DLS_DEAD_LOCAL_STORE" priority="2" abbrev="DLS" category="STYLE" instanceHash="a1b1342e7c0c7b679f2c03c0b716903f" instanceOccurrenceNum="0" instanceOccurrenceMax="0">
    <ShortMessage>Dead store to local variable</ShortMessage>
    <LongMessage>Dead store to s in org.jdom.output.NamespaceStack.pop()</LongMessage>
    <Class classname="org.jdom.output.NamespaceStack">
      <SourceLine classname="org.jdom.output.NamespaceStack" start="872" end="896" sourcefile="XMLOutputter.java" sourcepath="org/jdom/output/XMLOutputter.java">
        <Message>At XMLOutputter.java:[lines 872-896]</Message>
      </SourceLine>
      <Message>In class org.jdom.output.NamespaceStack</Message>
    </Class>
    <Method classname="org.jdom.output.NamespaceStack" name="pop" signature="()V" isStatic="false">
      <SourceLine classname="org.jdom.output.NamespaceStack" start="883" end="882" startBytecode="0" endBytecode="9" sourcefile="XMLOutputter.java" sourcepath="org/jdom/output/XMLOutputter.java"/>
      <Message>In method org.jdom.output.NamespaceStack.pop()</Message>
    </Method>
    <LocalVariable name="s" register="1" pc="11" role="LOCAL_VARIABLE_NAMED">
      <Message>Local variable named s</Message>
    </LocalVariable>
    <SourceLine classname="org.jdom.output.NamespaceStack" start="883" end="883" startBytecode="10" endBytecode="10" sourcefile="XMLOutputter.java" sourcepath="org/jdom/output/XMLOutputter.java">
      <Message>At XMLOutputter.java:[line 883]</Message>
    </SourceLine>
  </BugInstance>
  <BugInstance type="DLS_DEAD_LOCAL_STORE" priority="1" abbrev="DLS" category="STYLE" instanceHash="9575b5c2136f46021cded47b97bd2f46" instanceOccurrenceNum="0" instanceOccurrenceMax="0">
    <ShortMessage>Dead store to local variable</ShortMessage>
    <LongMessage>Dead store to prefixes in org.jdom.output.XMLOutputter.printAttributes(List, Element, Writer, NamespaceStack)</LongMessage>
    <Class classname="org.jdom.output.XMLOutputter">
      <SourceLine classname="org.jdom.output.XMLOutputter" start="105" end="867" sourcefile="XMLOutputter.java" sourcepath="org/jdom/output/XMLOutputter.java">
        <Message>At XMLOutputter.java:[lines 105-867]</Message>
      </SourceLine>
      <Message>In class org.jdom.output.XMLOutputter</Message>
    </Class>
    <Method classname="org.jdom.output.XMLOutputter" name="printAttributes" signature="(Ljava/util/List;Lorg/jdom/Element;Ljava/io/Writer;Lorg/jdom/output/NamespaceStack;)V" isStatic="false">
      <SourceLine classname="org.jdom.output.XMLOutputter" start="688" end="680" startBytecode="0" endBytecode="69" sourcefile="XMLOutputter.java" sourcepath="org/jdom/output/XMLOutputter.java"/>
      <Message>In method org.jdom.output.XMLOutputter.printAttributes(List, Element, Writer, NamespaceStack)</Message>
    </Method>
    <LocalVariable name="prefixes" register="5" pc="9" role="LOCAL_VARIABLE_NAMED">
      <Message>Local variable named prefixes</Message>
    </LocalVariable>
    <SourceLine classname="org.jdom.output.XMLOutputter" start="688" end="688" startBytecode="7" endBytecode="7" sourcefile="XMLOutputter.java" sourcepath="org/jdom/output/XMLOutputter.java">
      <Message>At XMLOutputter.java:[line 688]</Message>
    </SourceLine>
  </BugInstance>
  <BugCategory category="PERFORMANCE">
    <Description>Performance</Description>
  </BugCategory>
  <BugCategory category="I18N">
    <Description>Internationalization</Description>
  </BugCategory>
  <BugCategory category="BAD_PRACTICE">
    <Description>Bad practice</Description>
  </BugCategory>
  <BugCategory category="STYLE">
    <Description>Dodgy</Description>
  </BugCategory>
  <BugPattern type="DLS_DEAD_LOCAL_STORE" abbrev="DLS" category="STYLE">
    <ShortDescription>Dead store to local variable</ShortDescription>
    <Details><![CDATA[

<p>
This instruction assigns a value to a local variable,
but the value is not read by any subsequent instruction.
Often, this indicates an error, because the value computed
is never used.
</p>
<p>
Note that Sun's javac compiler often generates dead stores for
final local variables.  Because FindBugs is a bytecode-based tool,
there is no easy way to eliminate these false positives.
</p>

    ]]></Details>
  </BugPattern>
  <BugPattern type="WMI_WRONG_MAP_ITERATOR" abbrev="WMI" category="PERFORMANCE">
    <ShortDescription>Inefficient use of keySet iterator instead of entrySet iterator</ShortDescription>
    <Details><![CDATA[

<p> This method accesses the value of a Map entry, using a key that was retrieved from
a keySet iterator. It is more efficient to use an iterator on the entrySet of the map, to avoid the
Map.get(key) lookup.</p>

        ]]></Details>
  </BugPattern>
  <BugPattern type="SE_NO_SERIALVERSIONID" abbrev="SnVI" category="BAD_PRACTICE">
    <ShortDescription>Class is Serializable, but doesn't define serialVersionUID</ShortDescription>
    <Details><![CDATA[

  <p> This class implements the <code>Serializable</code> interface, but does
  not define a <code>serialVersionUID</code> field.&nbsp;
  A change as simple as adding a reference to a .class object
    will add synthetic fields to the class,
   which will unfortunately change the implicit
   serialVersionUID (e.g., adding a reference to <code>String.class</code>
   will generate a static field <code>class$java$lang$String</code>).
   Also, different source code to bytecode compilers may use different
   naming conventions for synthetic variables generated for
   references to class objects or inner classes.
   To ensure interoperability of Serializable across versions,
   consider adding an explicit serialVersionUID.</p>

    ]]></Details>
  </BugPattern>
  <BugPattern type="CN_IDIOM_NO_SUPER_CALL" abbrev="CN" category="BAD_PRACTICE">
    <ShortDescription>clone method does not call super.clone()</ShortDescription>
    <Details><![CDATA[

<p> This non-final class defines a clone() method that does not call super.clone().
If this class ("<i>A</i>") is extended by a subclass ("<i>B</i>"),
and the subclass <i>B</i> calls super.clone(), then it is likely that
<i>B</i>'s clone() method will return an object of type <i>A</i>,
which violates the standard contract for clone().</p>

<p> If all clone() methods call super.clone(), then they are guaranteed
to use Object.clone(), which always returns an object of the correct type.</p>

    ]]></Details>
  </BugPattern>
  <BugPattern type="REC_CATCH_EXCEPTION" abbrev="REC" category="STYLE">
    <ShortDescription>Exception is caught when Exception is not thrown</ShortDescription>
    <Details><![CDATA[
  
  <p>
  This method uses a try-catch block that catches Exception objects, but Exception is not
  thrown within the try block, and RuntimeException is not explicitly caught.  It is a common bug pattern to
  say try { ... } catch (Exception e) { something } as a shorthand for catching a number of types of exception
  each of whose catch blocks is identical, but this construct also accidentally catches RuntimeException as well,
  masking potential bugs.
  </p>
  
     ]]></Details>
  </BugPattern>
  <BugPattern type="DM_CONVERT_CASE" abbrev="Dm" category="I18N">
    <ShortDescription>Consider using Locale parameterized version of invoked method</ShortDescription>
    <Details><![CDATA[

  <p> A String is being converted to upper or lowercase, using the platform's default encoding. This may
      result in improper conversions when used with international characters. Use the </p>
      <table><tr><td>String.toUpperCase( Locale l )</td></tr><tr><td>String.toLowerCase( Locale l )</td></tr></table>
      <p>versions instead.</p>

    ]]></Details>
  </BugPattern>
  <BugCode abbrev="REC">
    <Description>RuntimeException capture</Description>
  </BugCode>
  <BugCode abbrev="CN">
    <Description>Bad implementation of cloneable idiom</Description>
  </BugCode>
  <BugCode abbrev="WMI">
    <Description>Wrong Map Iterator</Description>
  </BugCode>
  <BugCode abbrev="SnVI">
    <Description>Serializable class with no Version ID</Description>
  </BugCode>
  <BugCode abbrev="Dm">
    <Description>Dubious method used</Description>
  </BugCode>
  <BugCode abbrev="DLS">
    <Description>Dead local store</Description>
  </BugCode>
  <Errors></Errors>
  <FindBugsSummary timestamp="Tue, 16 Sep 2008 22:52:24 -0400" total_classes="33" total_bugs="27" total_size="2838" num_packages="4" cpu_seconds="11.23" clock_seconds="14.38" peak_mbytes="127.46" gc_seconds="1.65" priority_3="13" priority_2="12" priority_1="2">
    <PackageStats package="org.jdom" total_bugs="19" total_types="17" total_size="1740" priority_3="8" priority_2="11">
      <ClassStats class="org.jdom.Attribute" sourceFile="Attribute.java" interface="false" size="102" bugs="2" priority_2="2"/>
      <ClassStats class="org.jdom.CDATA" sourceFile="CDATA.java" interface="false" size="31" bugs="2" priority_3="1" priority_2="1"/>
      <ClassStats class="org.jdom.Comment" sourceFile="Comment.java" interface="false" size="33" bugs="2" priority_3="1" priority_2="1"/>
      <ClassStats class="org.jdom.DataConversionException" sourceFile="DataConversionException.java" interface="false" size="9" bugs="0"/>
      <ClassStats class="org.jdom.DocType" sourceFile="DocType.java" interface="false" size="60" bugs="2" priority_3="1" priority_2="1"/>
      <ClassStats class="org.jdom.Document" sourceFile="Document.java" interface="false" size="151" bugs="2" priority_3="1" priority_2="1"/>
      <ClassStats class="org.jdom.Element" sourceFile="Element.java" interface="false" size="429" bugs="2" priority_2="2"/>
      <ClassStats class="org.jdom.Entity" sourceFile="Entity.java" interface="false" size="90" bugs="2" priority_3="1" priority_2="1"/>
      <ClassStats class="org.jdom.IllegalAddException" sourceFile="IllegalAddException.java" interface="false" size="32" bugs="0"/>
      <ClassStats class="org.jdom.IllegalDataException" sourceFile="IllegalDataException.java" interface="false" size="21" bugs="0"/>
      <ClassStats class="org.jdom.IllegalNameException" sourceFile="IllegalNameException.java" interface="false" size="21" bugs="0"/>
      <ClassStats class="org.jdom.IllegalTargetException" sourceFile="IllegalTargetException.java" interface="false" size="17" bugs="0"/>
      <ClassStats class="org.jdom.JDOMException" sourceFile="JDOMException.java" interface="false" size="36" bugs="0"/>
      <ClassStats class="org.jdom.Namespace" sourceFile="Namespace.java" interface="false" size="75" bugs="0"/>
      <ClassStats class="org.jdom.PartialList" sourceFile="PartialList.java" interface="false" size="110" bugs="1" priority_3="1"/>
      <ClassStats class="org.jdom.ProcessingInstruction" sourceFile="ProcessingInstruction.java" interface="false" size="89" bugs="3" priority_3="1" priority_2="2"/>
      <ClassStats class="org.jdom.Verifier" sourceFile="Verifier.java" interface="false" size="434" bugs="1" priority_3="1"/>
    </PackageStats>
    <PackageStats package="org.jdom.adapters" total_bugs="0" total_types="9" total_size="227">
      <ClassStats class="org.jdom.adapters.AbstractDOMAdapter" sourceFile="AbstractDOMAdapter.java" interface="false" size="7" bugs="0"/>
      <ClassStats class="org.jdom.adapters.DOMAdapter" sourceFile="DOMAdapter.java" interface="true" size="4" bugs="0"/>
      <ClassStats class="org.jdom.adapters.OracleV1DOMAdapter" sourceFile="OracleV1DOMAdapter.java" interface="false" size="35" bugs="0"/>
      <ClassStats class="org.jdom.adapters.OracleV2DOMAdapter" sourceFile="OracleV2DOMAdapter.java" interface="false" size="33" bugs="0"/>
      <ClassStats class="org.jdom.adapters.ProjectXDOMAdapter" sourceFile="ProjectXDOMAdapter.java" interface="false" size="34" bugs="0"/>
      <ClassStats class="org.jdom.adapters.XML4JDOMAdapter" sourceFile="XML4JDOMAdapter.java" interface="false" size="48" bugs="0"/>
      <ClassStats class="org.jdom.adapters.XML4JErrHandler" sourceFile="XML4JDOMAdapter.java" interface="false" size="9" bugs="0"/>
      <ClassStats class="org.jdom.adapters.XercesDOMAdapter" sourceFile="XercesDOMAdapter.java" interface="false" size="48" bugs="0"/>
      <ClassStats class="org.jdom.adapters.XercesErrHandler" sourceFile="XercesDOMAdapter.java" interface="false" size="9" bugs="0"/>
    </PackageStats>
    <PackageStats package="org.jdom.input" total_bugs="3" total_types="3" total_size="411" priority_3="2" priority_1="1">
      <ClassStats class="org.jdom.input.DOMBuilder" sourceFile="DOMBuilder.java" interface="false" size="123" bugs="1" priority_3="1"/>
      <ClassStats class="org.jdom.input.SAXBuilder" sourceFile="SAXBuilder.java" interface="false" size="125" bugs="1" priority_3="1"/>
      <ClassStats class="org.jdom.input.SAXHandler" sourceFile="SAXBuilder.java" interface="false" size="163" bugs="1" priority_1="1"/>
    </PackageStats>
    <PackageStats package="org.jdom.output" total_bugs="5" total_types="4" total_size="460" priority_3="3" priority_2="1" priority_1="1">
      <ClassStats class="org.jdom.output.DOMOutputter" sourceFile="DOMOutputter.java" interface="false" size="130" bugs="3" priority_3="3"/>
      <ClassStats class="org.jdom.output.NamespaceStack" sourceFile="XMLOutputter.java" interface="false" size="22" bugs="1" priority_2="1"/>
      <ClassStats class="org.jdom.output.SAXOutputter" sourceFile="SAXOutputter.java" interface="false" size="5" bugs="0"/>
      <ClassStats class="org.jdom.output.XMLOutputter" sourceFile="XMLOutputter.java" interface="false" size="303" bugs="1" priority_1="1"/>
    </PackageStats>
  </FindBugsSummary>
  <ClassFeatures></ClassFeatures>
  <History></History>
</BugCollection>
