<?xml version="1.0" encoding="UTF-8"?>

<BugCollection version="1.3.1" sequence="0" timestamp="1221620409828" analysisTimestamp="1221620425234" release="">
  <Project filename="&lt;&lt;unnamed project&gt;&gt;" projectName="">
    <Jar>C:\repository-workspace\jdom</Jar>
    <AuxClasspathEntry>C:\repository-workspace\jdom\lib\ant.jar</AuxClasspathEntry>
    <AuxClasspathEntry>C:\repository-workspace\jdom\lib\collections.jar</AuxClasspathEntry>
    <AuxClasspathEntry>C:\repository-workspace\jdom\lib\xerces.jar</AuxClasspathEntry>
  </Project>
  <BugInstance type="CN_IDIOM_NO_SUPER_CALL" priority="2" abbrev="CN" category="BAD_PRACTICE" instanceHash="cd2aa7c18ce14506fabc735751db6bd1" instanceOccurrenceNum="0" instanceOccurrenceMax="0">
    <ShortMessage>clone method does not call super.clone()</ShortMessage>
    <LongMessage>org.jdom.Attribute.clone() does not call super.clone()</LongMessage>
    <Class classname="org.jdom.Attribute">
      <SourceLine classname="org.jdom.Attribute" start="95" end="524" sourcefile="Attribute.java" sourcepath="org/jdom/Attribute.java">
        <Message>At Attribute.java:[lines 95-524]</Message>
      </SourceLine>
      <Message>In class org.jdom.Attribute</Message>
    </Class>
    <Method classname="org.jdom.Attribute" name="clone" signature="()Ljava/lang/Object;" isStatic="false">
      <SourceLine classname="org.jdom.Attribute" start="394" end="396" startBytecode="0" endBytecode="77" sourcefile="Attribute.java" sourcepath="org/jdom/Attribute.java"/>
      <Message>In method org.jdom.Attribute.clone()</Message>
    </Method>
    <SourceLine classname="org.jdom.Attribute" start="394" end="396" startBytecode="0" endBytecode="77" sourcefile="Attribute.java" sourcepath="org/jdom/Attribute.java" synthetic="true">
      <Message>At Attribute.java:[lines 394-396]</Message>
    </SourceLine>
  </BugInstance>
  <BugInstance type="SE_NO_SERIALVERSIONID" priority="2" abbrev="SnVI" category="BAD_PRACTICE" instanceHash="aca724796ce8b31bcefa26fd6b0f015b" instanceOccurrenceNum="0" instanceOccurrenceMax="0">
    <ShortMessage>Class is Serializable, but doesn't define serialVersionUID</ShortMessage>
    <LongMessage>org.jdom.Attribute is Serializable; consider declaring a serialVersionUID</LongMessage>
    <Class classname="org.jdom.Attribute">
      <SourceLine classname="org.jdom.Attribute" start="95" end="524" sourcefile="Attribute.java" sourcepath="org/jdom/Attribute.java">
        <Message>At Attribute.java:[lines 95-524]</Message>
      </SourceLine>
      <Message>In class org.jdom.Attribute</Message>
    </Class>
    <SourceLine classname="org.jdom.Attribute" start="95" end="524" sourcefile="Attribute.java" sourcepath="org/jdom/Attribute.java" synthetic="true">
      <Message>At Attribute.java:[lines 95-524]</Message>
    </SourceLine>
  </BugInstance>
  <BugInstance type="CN_IDIOM_NO_SUPER_CALL" priority="2" abbrev="CN" category="BAD_PRACTICE" instanceHash="af92b242da574847bce7056ff29ec9ac" instanceOccurrenceNum="0" instanceOccurrenceMax="0">
    <ShortMessage>clone method does not call super.clone()</ShortMessage>
    <LongMessage>org.jdom.CDATA.clone() does not call super.clone()</LongMessage>
    <Class classname="org.jdom.CDATA">
      <SourceLine classname="org.jdom.CDATA" start="82" end="199" sourcefile="CDATA.java" sourcepath="org/jdom/CDATA.java">
        <Message>At CDATA.java:[lines 82-199]</Message>
      </SourceLine>
      <Message>In class org.jdom.CDATA</Message>
    </Class>
    <Method classname="org.jdom.CDATA" name="clone" signature="()Ljava/lang/Object;" isStatic="false">
      <SourceLine classname="org.jdom.CDATA" start="198" end="199" startBytecode="0" endBytecode="69" sourcefile="CDATA.java" sourcepath="org/jdom/CDATA.java"/>
      <Message>In method org.jdom.CDATA.clone()</Message>
    </Method>
    <SourceLine classname="org.jdom.CDATA" start="198" end="199" startBytecode="0" endBytecode="69" sourcefile="CDATA.java" sourcepath="org/jdom/CDATA.java" synthetic="true">
      <Message>At CDATA.java:[lines 198-199]</Message>
    </SourceLine>
  </BugInstance>
  <BugInstance type="SE_NO_SERIALVERSIONID" priority="3" abbrev="SnVI" category="BAD_PRACTICE" instanceHash="f99e70c1c009f1ab612f662adee080cd" instanceOccurrenceNum="0" instanceOccurrenceMax="0">
    <ShortMessage>Class is Serializable, but doesn't define serialVersionUID</ShortMessage>
    <LongMessage>org.jdom.CDATA is Serializable; consider declaring a serialVersionUID</LongMessage>
    <Class classname="org.jdom.CDATA">
      <SourceLine classname="org.jdom.CDATA" start="82" end="199" sourcefile="CDATA.java" sourcepath="org/jdom/CDATA.java">
        <Message>At CDATA.java:[lines 82-199]</Message>
      </SourceLine>
      <Message>In class org.jdom.CDATA</Message>
    </Class>
    <SourceLine classname="org.jdom.CDATA" start="82" end="199" sourcefile="CDATA.java" sourcepath="org/jdom/CDATA.java" synthetic="true">
      <Message>At CDATA.java:[lines 82-199]</Message>
    </SourceLine>
  </BugInstance>
  <BugInstance type="CN_IDIOM_NO_SUPER_CALL" priority="2" abbrev="CN" category="BAD_PRACTICE" instanceHash="c6fcd8b87c7c3c01319a0bea6f751924" instanceOccurrenceNum="0" instanceOccurrenceMax="0">
    <ShortMessage>clone method does not call super.clone()</ShortMessage>
    <LongMessage>org.jdom.Comment.clone() does not call super.clone()</LongMessage>
    <Class classname="org.jdom.Comment">
      <SourceLine classname="org.jdom.Comment" start="89" end="263" sourcefile="Comment.java" sourcepath="org/jdom/Comment.java">
        <Message>At Comment.java:[lines 89-263]</Message>
      </SourceLine>
      <Message>In class org.jdom.Comment</Message>
    </Class>
    <Method classname="org.jdom.Comment" name="clone" signature="()Ljava/lang/Object;" isStatic="false">
      <SourceLine classname="org.jdom.Comment" start="262" end="263" startBytecode="0" endBytecode="69" sourcefile="Comment.java" sourcepath="org/jdom/Comment.java"/>
      <Message>In method org.jdom.Comment.clone()</Message>
    </Method>
    <SourceLine classname="org.jdom.Comment" start="262" end="263" startBytecode="0" endBytecode="69" sourcefile="Comment.java" sourcepath="org/jdom/Comment.java" synthetic="true">
      <Message>At Comment.java:[lines 262-263]</Message>
    </SourceLine>
  </BugInstance>
  <BugInstance type="SE_NO_SERIALVERSIONID" priority="3" abbrev="SnVI" category="BAD_PRACTICE" instanceHash="f0f57d3667e308f6958e2d010b6ac31d" instanceOccurrenceNum="0" instanceOccurrenceMax="0">
    <ShortMessage>Class is Serializable, but doesn't define serialVersionUID</ShortMessage>
    <LongMessage>org.jdom.Comment is Serializable; consider declaring a serialVersionUID</LongMessage>
    <Class classname="org.jdom.Comment">
      <SourceLine classname="org.jdom.Comment" start="89" end="263" sourcefile="Comment.java" sourcepath="org/jdom/Comment.java">
        <Message>At Comment.java:[lines 89-263]</Message>
      </SourceLine>
      <Message>In class org.jdom.Comment</Message>
    </Class>
    <SourceLine classname="org.jdom.Comment" start="89" end="263" sourcefile="Comment.java" sourcepath="org/jdom/Comment.java" synthetic="true">
      <Message>At Comment.java:[lines 89-263]</Message>
    </SourceLine>
  </BugInstance>
  <BugInstance type="CN_IDIOM_NO_SUPER_CALL" priority="2" abbrev="CN" category="BAD_PRACTICE" instanceHash="a21a4d040dcc16f638628bccb463dec4" instanceOccurrenceNum="0" instanceOccurrenceMax="0">
    <ShortMessage>clone method does not call super.clone()</ShortMessage>
    <LongMessage>org.jdom.DocType.clone() does not call super.clone()</LongMessage>
    <Class classname="org.jdom.DocType">
      <SourceLine classname="org.jdom.DocType" start="85" end="299" sourcefile="DocType.java" sourcepath="org/jdom/DocType.java">
        <Message>At DocType.java:[lines 85-299]</Message>
      </SourceLine>
      <Message>In class org.jdom.DocType</Message>
    </Class>
    <Method classname="org.jdom.DocType" name="clone" signature="()Ljava/lang/Object;" isStatic="false">
      <SourceLine classname="org.jdom.DocType" start="297" end="299" startBytecode="0" endBytecode="77" sourcefile="DocType.java" sourcepath="org/jdom/DocType.java"/>
      <Message>In method org.jdom.DocType.clone()</Message>
    </Method>
    <SourceLine classname="org.jdom.DocType" start="297" end="299" startBytecode="0" endBytecode="77" sourcefile="DocType.java" sourcepath="org/jdom/DocType.java" synthetic="true">
      <Message>At DocType.java:[lines 297-299]</Message>
    </SourceLine>
  </BugInstance>
  <BugInstance type="SE_NO_SERIALVERSIONID" priority="3" abbrev="SnVI" category="BAD_PRACTICE" instanceHash="abca8dea2aa8e10a30612bc38e5a182a" instanceOccurrenceNum="0" instanceOccurrenceMax="0">
    <ShortMessage>Class is Serializable, but doesn't define serialVersionUID</ShortMessage>
    <LongMessage>org.jdom.DocType is Serializable; consider declaring a serialVersionUID</LongMessage>
    <Class classname="org.jdom.DocType">
      <SourceLine classname="org.jdom.DocType" start="85" end="299" sourcefile="DocType.java" sourcepath="org/jdom/DocType.java">
        <Message>At DocType.java:[lines 85-299]</Message>
      </SourceLine>
      <Message>In class org.jdom.DocType</Message>
    </Class>
    <SourceLine classname="org.jdom.DocType" start="85" end="299" sourcefile="DocType.java" sourcepath="org/jdom/DocType.java" synthetic="true">
      <Message>At DocType.java:[lines 85-299]</Message>
    </SourceLine>
  </BugInstance>
  <BugInstance type="CN_IDIOM_NO_SUPER_CALL" priority="2" abbrev="CN" category="BAD_PRACTICE" instanceHash="f785266cc914fb766f9a280bc7f1e209" instanceOccurrenceNum="0" instanceOccurrenceMax="0">
    <ShortMessage>clone method does not call super.clone()</ShortMessage>
    <LongMessage>org.jdom.Document.clone() does not call super.clone()</LongMessage>
    <Class classname="org.jdom.Document">
      <SourceLine classname="org.jdom.Document" start="101" end="607" sourcefile="Document.java" sourcepath="org/jdom/Document.java">
        <Message>At Document.java:[lines 101-607]</Message>
      </SourceLine>
      <Message>In class org.jdom.Document</Message>
    </Class>
    <Method classname="org.jdom.Document" name="clone" signature="()Ljava/lang/Object;" isStatic="false">
      <SourceLine classname="org.jdom.Document" start="536" end="558" startBytecode="0" endBytecode="314" sourcefile="Document.java" sourcepath="org/jdom/Document.java"/>
      <Message>In method org.jdom.Document.clone()</Message>
    </Method>
    <SourceLine classname="org.jdom.Document" start="536" end="558" startBytecode="0" endBytecode="314" sourcefile="Document.java" sourcepath="org/jdom/Document.java" synthetic="true">
      <Message>At Document.java:[lines 536-558]</Message>
    </SourceLine>
  </BugInstance>
  <BugInstance type="SE_NO_SERIALVERSIONID" priority="3" abbrev="SnVI" category="BAD_PRACTICE" instanceHash="91956ff6b2d77906ee3f6bef2897b8c" instanceOccurrenceNum="0" instanceOccurrenceMax="0">
    <ShortMessage>Class is Serializable, but doesn't define serialVersionUID</ShortMessage>
    <LongMessage>org.jdom.Document is Serializable; consider declaring a serialVersionUID</LongMessage>
    <Class classname="org.jdom.Document">
      <SourceLine classname="org.jdom.Document" start="101" end="607" sourcefile="Document.java" sourcepath="org/jdom/Document.java">
        <Message>At Document.java:[lines 101-607]</Message>
      </SourceLine>
      <Message>In class org.jdom.Document</Message>
    </Class>
    <SourceLine classname="org.jdom.Document" start="101" end="607" sourcefile="Document.java" sourcepath="org/jdom/Document.java" synthetic="true">
      <Message>At Document.java:[lines 101-607]</Message>
    </SourceLine>
  </BugInstance>
  <BugInstance type="CN_IDIOM_NO_SUPER_CALL" priority="2" abbrev="CN" category="BAD_PRACTICE" instanceHash="16a90b65156d347a9c4a797379b77274" instanceOccurrenceNum="0" instanceOccurrenceMax="0">
    <ShortMessage>clone method does not call super.clone()</ShortMessage>
    <LongMessage>org.jdom.Element.clone() does not call super.clone()</LongMessage>
    <Class classname="org.jdom.Element">
      <SourceLine classname="org.jdom.Element" start="76" end="1649" sourcefile="Element.java" sourcepath="org/jdom/Element.java">
        <Message>At Element.java:[lines 76-1649]</Message>
      </SourceLine>
      <Message>In class org.jdom.Element</Message>
    </Class>
    <Method classname="org.jdom.Element" name="clone" signature="()Ljava/lang/Object;" isStatic="false">
      <SourceLine classname="org.jdom.Element" start="1513" end="1548" startBytecode="0" endBytecode="459" sourcefile="Element.java" sourcepath="org/jdom/Element.java"/>
      <Message>In method org.jdom.Element.clone()</Message>
    </Method>
    <SourceLine classname="org.jdom.Element" start="1513" end="1548" startBytecode="0" endBytecode="459" sourcefile="Element.java" sourcepath="org/jdom/Element.java" synthetic="true">
      <Message>At Element.java:[lines 1513-1548]</Message>
    </SourceLine>
  </BugInstance>
  <BugInstance type="DLS_DEAD_LOCAL_STORE" priority="2" abbrev="DLS" category="STYLE" instanceHash="d6761e4d176d9a09de6110650f10bd9e" instanceOccurrenceNum="0" instanceOccurrenceMax="0">
    <ShortMessage>Dead store to local variable</ShortMessage>
    <LongMessage>Dead store to list in org.jdom.Element.clone()</LongMessage>
    <Class classname="org.jdom.Element">
      <SourceLine classname="org.jdom.Element" start="76" end="1649" sourcefile="Element.java" sourcepath="org/jdom/Element.java">
        <Message>At Element.java:[lines 76-1649]</Message>
      </SourceLine>
      <Message>In class org.jdom.Element</Message>
    </Class>
    <Method classname="org.jdom.Element" name="clone" signature="()Ljava/lang/Object;" isStatic="false">
      <SourceLine classname="org.jdom.Element" start="1513" end="1548" startBytecode="0" endBytecode="111" sourcefile="Element.java" sourcepath="org/jdom/Element.java"/>
      <Message>In method org.jdom.Element.clone()</Message>
    </Method>
    <LocalVariable name="list" register="2" pc="31" role="LOCAL_VARIABLE_NAMED">
      <Message>Local variable named list</Message>
    </LocalVariable>
    <SourceLine classname="org.jdom.Element" start="1516" end="1516" startBytecode="30" endBytecode="30" sourcefile="Element.java" sourcepath="org/jdom/Element.java">
      <Message>At Element.java:[line 1516]</Message>
    </SourceLine>
  </BugInstance>
  <BugInstance type="SE_NO_SERIALVERSIONID" priority="1" abbrev="SnVI" category="BAD_PRACTICE" instanceHash="f50a8d94b5633528295e0de48abbf7a4" instanceOccurrenceNum="0" instanceOccurrenceMax="0">
    <ShortMessage>Class is Serializable, but doesn't define serialVersionUID</ShortMessage>
    <LongMessage>org.jdom.Element is Serializable; consider declaring a serialVersionUID</LongMessage>
    <Class classname="org.jdom.Element">
      <SourceLine classname="org.jdom.Element" start="76" end="1649" sourcefile="Element.java" sourcepath="org/jdom/Element.java">
        <Message>At Element.java:[lines 76-1649]</Message>
      </SourceLine>
      <Message>In class org.jdom.Element</Message>
    </Class>
    <SourceLine classname="org.jdom.Element" start="76" end="1649" sourcefile="Element.java" sourcepath="org/jdom/Element.java" synthetic="true">
      <Message>At Element.java:[lines 76-1649]</Message>
    </SourceLine>
  </BugInstance>
  <BugInstance type="CN_IDIOM_NO_SUPER_CALL" priority="2" abbrev="CN" category="BAD_PRACTICE" instanceHash="6b6447e614c0c27b1424af138240b109" instanceOccurrenceNum="0" instanceOccurrenceMax="0">
    <ShortMessage>clone method does not call super.clone()</ShortMessage>
    <LongMessage>org.jdom.Entity.clone() does not call super.clone()</LongMessage>
    <Class classname="org.jdom.Entity">
      <SourceLine classname="org.jdom.Entity" start="89" end="478" sourcefile="Entity.java" sourcepath="org/jdom/Entity.java">
        <Message>At Entity.java:[lines 89-478]</Message>
      </SourceLine>
      <Message>In class org.jdom.Entity</Message>
    </Class>
    <Method classname="org.jdom.Entity" name="clone" signature="()Ljava/lang/Object;" isStatic="false">
      <SourceLine classname="org.jdom.Entity" start="475" end="478" startBytecode="0" endBytecode="90" sourcefile="Entity.java" sourcepath="org/jdom/Entity.java"/>
      <Message>In method org.jdom.Entity.clone()</Message>
    </Method>
    <SourceLine classname="org.jdom.Entity" start="475" end="478" startBytecode="0" endBytecode="90" sourcefile="Entity.java" sourcepath="org/jdom/Entity.java" synthetic="true">
      <Message>At Entity.java:[lines 475-478]</Message>
    </SourceLine>
  </BugInstance>
  <BugInstance type="SE_NO_SERIALVERSIONID" priority="3" abbrev="SnVI" category="BAD_PRACTICE" instanceHash="c67a9948429a4eb81ee30033e69656f7" instanceOccurrenceNum="0" instanceOccurrenceMax="0">
    <ShortMessage>Class is Serializable, but doesn't define serialVersionUID</ShortMessage>
    <LongMessage>org.jdom.Entity is Serializable; consider declaring a serialVersionUID</LongMessage>
    <Class classname="org.jdom.Entity">
      <SourceLine classname="org.jdom.Entity" start="89" end="478" sourcefile="Entity.java" sourcepath="org/jdom/Entity.java">
        <Message>At Entity.java:[lines 89-478]</Message>
      </SourceLine>
      <Message>In class org.jdom.Entity</Message>
    </Class>
    <SourceLine classname="org.jdom.Entity" start="89" end="478" sourcefile="Entity.java" sourcepath="org/jdom/Entity.java" synthetic="true">
      <Message>At Entity.java:[lines 89-478]</Message>
    </SourceLine>
  </BugInstance>
  <BugInstance type="SE_NO_SERIALVERSIONID" priority="3" abbrev="SnVI" category="BAD_PRACTICE" instanceHash="508f1d975925e3a09112f7b1e806b2b2" instanceOccurrenceNum="0" instanceOccurrenceMax="0">
    <ShortMessage>Class is Serializable, but doesn't define serialVersionUID</ShortMessage>
    <LongMessage>org.jdom.PartialList is Serializable; consider declaring a serialVersionUID</LongMessage>
    <Class classname="org.jdom.PartialList">
      <SourceLine classname="org.jdom.PartialList" start="91" end="378" sourcefile="PartialList.java" sourcepath="org/jdom/PartialList.java">
        <Message>At PartialList.java:[lines 91-378]</Message>
      </SourceLine>
      <Message>In class org.jdom.PartialList</Message>
    </Class>
    <SourceLine classname="org.jdom.PartialList" start="91" end="378" sourcefile="PartialList.java" sourcepath="org/jdom/PartialList.java" synthetic="true">
      <Message>At PartialList.java:[lines 91-378]</Message>
    </SourceLine>
  </BugInstance>
  <BugInstance type="CN_IDIOM_NO_SUPER_CALL" priority="2" abbrev="CN" category="BAD_PRACTICE" instanceHash="fbdc903d5f0e5aff2278230576108455" instanceOccurrenceNum="0" instanceOccurrenceMax="0">
    <ShortMessage>clone method does not call super.clone()</ShortMessage>
    <LongMessage>org.jdom.ProcessingInstruction.clone() does not call super.clone()</LongMessage>
    <Class classname="org.jdom.ProcessingInstruction">
      <SourceLine classname="org.jdom.ProcessingInstruction" start="100" end="456" sourcefile="ProcessingInstruction.java" sourcepath="org/jdom/ProcessingInstruction.java">
        <Message>At ProcessingInstruction.java:[lines 100-456]</Message>
      </SourceLine>
      <Message>In class org.jdom.ProcessingInstruction</Message>
    </Class>
    <Method classname="org.jdom.ProcessingInstruction" name="clone" signature="()Ljava/lang/Object;" isStatic="false">
      <SourceLine classname="org.jdom.ProcessingInstruction" start="456" end="456" startBytecode="0" endBytecode="57" sourcefile="ProcessingInstruction.java" sourcepath="org/jdom/ProcessingInstruction.java"/>
      <Message>In method org.jdom.ProcessingInstruction.clone()</Message>
    </Method>
    <SourceLine classname="org.jdom.ProcessingInstruction" start="456" end="456" startBytecode="0" endBytecode="57" sourcefile="ProcessingInstruction.java" sourcepath="org/jdom/ProcessingInstruction.java" synthetic="true">
      <Message>At ProcessingInstruction.java:[line 456]</Message>
    </SourceLine>
  </BugInstance>
  <BugInstance type="SE_NO_SERIALVERSIONID" priority="3" abbrev="SnVI" category="BAD_PRACTICE" instanceHash="5d22320d1c2d5a09929a422d301793e9" instanceOccurrenceNum="0" instanceOccurrenceMax="0">
    <ShortMessage>Class is Serializable, but doesn't define serialVersionUID</ShortMessage>
    <LongMessage>org.jdom.ProcessingInstruction is Serializable; consider declaring a serialVersionUID</LongMessage>
    <Class classname="org.jdom.ProcessingInstruction">
      <SourceLine classname="org.jdom.ProcessingInstruction" start="100" end="456" sourcefile="ProcessingInstruction.java" sourcepath="org/jdom/ProcessingInstruction.java">
        <Message>At ProcessingInstruction.java:[lines 100-456]</Message>
      </SourceLine>
      <Message>In class org.jdom.ProcessingInstruction</Message>
    </Class>
    <SourceLine classname="org.jdom.ProcessingInstruction" start="100" end="456" sourcefile="ProcessingInstruction.java" sourcepath="org/jdom/ProcessingInstruction.java" synthetic="true">
      <Message>At ProcessingInstruction.java:[lines 100-456]</Message>
    </SourceLine>
  </BugInstance>
  <BugInstance type="WMI_WRONG_MAP_ITERATOR" priority="2" abbrev="WMI" category="PERFORMANCE" instanceHash="e3b6ff376936165b61aaa8e075676e88" instanceOccurrenceNum="0" instanceOccurrenceMax="0">
    <ShortMessage>Inefficient use of keySet iterator instead of entrySet iterator</ShortMessage>
    <LongMessage>Method org.jdom.ProcessingInstruction.toString(Map) makes inefficient use of keySet iterator instead of entrySet iterator</LongMessage>
    <Class classname="org.jdom.ProcessingInstruction">
      <SourceLine classname="org.jdom.ProcessingInstruction" start="100" end="456" sourcefile="ProcessingInstruction.java" sourcepath="org/jdom/ProcessingInstruction.java">
        <Message>At ProcessingInstruction.java:[lines 100-456]</Message>
      </SourceLine>
      <Message>In class org.jdom.ProcessingInstruction</Message>
    </Class>
    <Method classname="org.jdom.ProcessingInstruction" name="toString" signature="(Ljava/util/Map;)Ljava/lang/String;" isStatic="false">
      <SourceLine classname="org.jdom.ProcessingInstruction" start="323" end="337" startBytecode="0" endBytecode="228" sourcefile="ProcessingInstruction.java" sourcepath="org/jdom/ProcessingInstruction.java"/>
      <Message>In method org.jdom.ProcessingInstruction.toString(Map)</Message>
    </Method>
    <SourceLine classname="org.jdom.ProcessingInstruction" start="328" end="328" startBytecode="37" endBytecode="37" sourcefile="ProcessingInstruction.java" sourcepath="org/jdom/ProcessingInstruction.java">
      <Message>At ProcessingInstruction.java:[line 328]</Message>
    </SourceLine>
  </BugInstance>
  <BugInstance type="DM_CONVERT_CASE" priority="3" abbrev="Dm" category="I18N" instanceHash="4ddf78475fed7a6d6d2db4e4b5e62f05" instanceOccurrenceNum="0" instanceOccurrenceMax="0">
    <ShortMessage>Consider using Locale parameterized version of invoked method</ShortMessage>
    <LongMessage>Use of non-localized String.toUpperCase() or String.toLowerCase</LongMessage>
    <Class classname="org.jdom.Verifier">
      <SourceLine classname="org.jdom.Verifier" start="75" end="1342" sourcefile="Verifier.java" sourcepath="org/jdom/Verifier.java">
        <Message>At Verifier.java:[lines 75-1342]</Message>
      </SourceLine>
      <Message>In class org.jdom.Verifier</Message>
    </Class>
    <Method classname="org.jdom.Verifier" name="checkNamespacePrefix" signature="(Ljava/lang/String;)Ljava/lang/String;" isStatic="true">
      <SourceLine classname="org.jdom.Verifier" start="219" end="261" startBytecode="0" endBytecode="313" sourcefile="Verifier.java" sourcepath="org/jdom/Verifier.java"/>
      <Message>In method org.jdom.Verifier.checkNamespacePrefix(String)</Message>
    </Method>
    <SourceLine classname="org.jdom.Verifier" start="241" end="241" startBytecode="59" endBytecode="59" sourcefile="Verifier.java" sourcepath="org/jdom/Verifier.java">
      <Message>At Verifier.java:[line 241]</Message>
    </SourceLine>
  </BugInstance>
  <BugInstance type="NP_NULL_PARAM_DEREF" priority="1" abbrev="NP" category="CORRECTNESS" instanceHash="dae218d061a46c87cda4d96f2dfd3bfd" instanceOccurrenceNum="0" instanceOccurrenceMax="0">
    <ShortMessage>Method call passes null for unconditionally dereferenced parameter</ShortMessage>
    <LongMessage>Method call in org.jdom.input.DOMBuilder.build(InputStream) passes null for unconditionally dereferenced parameter of buildTree(Node, Document, Element, boolean)</LongMessage>
    <Class classname="org.jdom.input.DOMBuilder">
      <SourceLine classname="org.jdom.input.DOMBuilder" start="89" end="529" sourcefile="DOMBuilder.java" sourcepath="org/jdom/input/DOMBuilder.java">
        <Message>At DOMBuilder.java:[lines 89-529]</Message>
      </SourceLine>
      <Message>In class org.jdom.input.DOMBuilder</Message>
    </Class>
    <Method classname="org.jdom.input.DOMBuilder" name="build" signature="(Ljava/io/InputStream;)Lorg/jdom/Document;" isStatic="false">
      <SourceLine classname="org.jdom.input.DOMBuilder" start="187" end="301" startBytecode="0" endBytecode="1095" sourcefile="DOMBuilder.java" sourcepath="org/jdom/input/DOMBuilder.java"/>
      <Message>In method org.jdom.input.DOMBuilder.build(InputStream)</Message>
    </Method>
    <Method classname="org.jdom.input.DOMBuilder" name="buildTree" signature="(Lorg/w3c/dom/Node;Lorg/jdom/Document;Lorg/jdom/Element;Z)V" isStatic="false" role="METHOD_CALLED">
      <SourceLine classname="org.jdom.input.DOMBuilder" start="394" end="389" startBytecode="0" endBytecode="1494" sourcefile="DOMBuilder.java" sourcepath="org/jdom/input/DOMBuilder.java"/>
      <Message>Called method org.jdom.input.DOMBuilder.buildTree(Node, Document, Element, boolean)</Message>
    </Method>
    <Int value="1" role="INT_MAYBE_NULL_ARG">
      <Message>Argument 1 might be null but must not be null</Message>
    </Int>
    <LocalVariable name="domDoc" register="3" pc="365" role="LOCAL_VARIABLE_NAMED">
      <Message>Local variable named domDoc</Message>
    </LocalVariable>
    <SourceLine classname="org.jdom.input.DOMBuilder" start="281" end="281" startBytecode="377" endBytecode="377" sourcefile="DOMBuilder.java" sourcepath="org/jdom/input/DOMBuilder.java" role="SOURCE_LINE_INVOKED">
      <Message>Method invoked at DOMBuilder.java:[line 281]</Message>
    </SourceLine>
    <SourceLine classname="org.jdom.input.DOMBuilder" start="275" end="275" startBytecode="368" endBytecode="368" sourcefile="DOMBuilder.java" sourcepath="org/jdom/input/DOMBuilder.java" role="SOURCE_LINE_KNOWN_NULL">
      <Message>Known null at DOMBuilder.java:[line 275]</Message>
    </SourceLine>
  </BugInstance>
  <BugInstance type="REC_CATCH_EXCEPTION" priority="2" abbrev="REC" category="STYLE" instanceHash="3dce91fac4926afd9a2b25991fe869b0" instanceOccurrenceNum="0" instanceOccurrenceMax="0">
    <ShortMessage>Exception is caught when Exception is not thrown</ShortMessage>
    <LongMessage>Exception is caught when Exception is not thrown in org.jdom.input.SAXBuilder.build(InputSource)</LongMessage>
    <Class classname="org.jdom.input.SAXBuilder">
      <SourceLine classname="org.jdom.input.SAXBuilder" start="121" end="556" sourcefile="SAXBuilder.java" sourcepath="org/jdom/input/SAXBuilder.java">
        <Message>At SAXBuilder.java:[lines 121-556]</Message>
      </SourceLine>
      <Message>In class org.jdom.input.SAXBuilder</Message>
    </Class>
    <Method classname="org.jdom.input.SAXBuilder" name="build" signature="(Lorg/xml/sax/InputSource;)Lorg/jdom/Document;" isStatic="false">
      <SourceLine classname="org.jdom.input.SAXBuilder" start="257" end="411" startBytecode="0" endBytecode="1344" sourcefile="SAXBuilder.java" sourcepath="org/jdom/input/SAXBuilder.java"/>
      <Message>In method org.jdom.input.SAXBuilder.build(InputSource)</Message>
    </Method>
    <SourceLine classname="org.jdom.input.SAXBuilder" start="398" end="398" startBytecode="488" endBytecode="488" sourcefile="SAXBuilder.java" sourcepath="org/jdom/input/SAXBuilder.java">
      <Message>At SAXBuilder.java:[line 398]</Message>
    </SourceLine>
  </BugInstance>
  <BugInstance type="ES_COMPARING_PARAMETER_STRING_WITH_EQ" priority="2" abbrev="ES" category="BAD_PRACTICE" instanceHash="ae68e4dbbe0502667baa899f4582f209" instanceOccurrenceNum="0" instanceOccurrenceMax="0">
    <ShortMessage>Comparison of String parameter using == or !=</ShortMessage>
    <LongMessage>Comparison of String parameter using == or != in org.jdom.input.SAXHandler.startElement(String, String, String, Attributes) </LongMessage>
    <Class classname="org.jdom.input.SAXHandler">
      <SourceLine classname="org.jdom.input.SAXHandler" start="595" end="929" sourcefile="SAXBuilder.java" sourcepath="org/jdom/input/SAXBuilder.java">
        <Message>At SAXBuilder.java:[lines 595-929]</Message>
      </SourceLine>
      <Message>In class org.jdom.input.SAXHandler</Message>
    </Class>
    <Method classname="org.jdom.input.SAXHandler" name="startElement" signature="(Ljava/lang/String;Ljava/lang/String;Ljava/lang/String;Lorg/xml/sax/Attributes;)V" isStatic="false">
      <SourceLine classname="org.jdom.input.SAXHandler" start="695" end="692" startBytecode="0" endBytecode="133" sourcefile="SAXBuilder.java" sourcepath="org/jdom/input/SAXBuilder.java"/>
      <Message>In method org.jdom.input.SAXHandler.startElement(String, String, String, Attributes)</Message>
    </Method>
    <Type descriptor="Ljava/lang/String;" role="TYPE_FOUND">
      <Message>Actual type java.lang.String</Message>
    </Type>
    <SourceLine classname="org.jdom.input.SAXHandler" start="701" end="701" startBytecode="22" endBytecode="22" sourcefile="SAXBuilder.java" sourcepath="org/jdom/input/SAXBuilder.java">
      <Message>At SAXBuilder.java:[line 701]</Message>
    </SourceLine>
  </BugInstance>
  <BugInstance type="DLS_DEAD_LOCAL_STORE" priority="3" abbrev="DLS" category="STYLE" instanceHash="e1d52f28f084a61129dd6f05a0c46abc" instanceOccurrenceNum="0" instanceOccurrenceMax="0">
    <ShortMessage>Dead store to local variable</ShortMessage>
    <LongMessage>Dead store to dt in org.jdom.output.DOMOutputter.output(Document)</LongMessage>
    <Class classname="org.jdom.output.DOMOutputter">
      <SourceLine classname="org.jdom.output.DOMOutputter" start="92" end="443" sourcefile="DOMOutputter.java" sourcepath="org/jdom/output/DOMOutputter.java">
        <Message>At DOMOutputter.java:[lines 92-443]</Message>
      </SourceLine>
      <Message>In class org.jdom.output.DOMOutputter</Message>
    </Class>
    <Method classname="org.jdom.output.DOMOutputter" name="output" signature="(Lorg/jdom/Document;)Lorg/w3c/dom/Document;" isStatic="false">
      <SourceLine classname="org.jdom.output.DOMOutputter" start="122" end="171" startBytecode="0" endBytecode="96" sourcefile="DOMOutputter.java" sourcepath="org/jdom/output/DOMOutputter.java"/>
      <Message>In method org.jdom.output.DOMOutputter.output(Document)</Message>
    </Method>
    <LocalVariable name="dt" register="4" pc="21" role="LOCAL_VARIABLE_NAMED">
      <Message>Local variable named dt</Message>
    </LocalVariable>
    <SourceLine classname="org.jdom.output.DOMOutputter" start="129" end="129" startBytecode="19" endBytecode="19" sourcefile="DOMOutputter.java" sourcepath="org/jdom/output/DOMOutputter.java">
      <Message>At DOMOutputter.java:[line 129]</Message>
    </SourceLine>
  </BugInstance>
  <BugInstance type="REC_CATCH_EXCEPTION" priority="3" abbrev="REC" category="STYLE" instanceHash="aa76480a94a5701991e9f88e1d2a34f2" instanceOccurrenceNum="0" instanceOccurrenceMax="0">
    <ShortMessage>Exception is caught when Exception is not thrown</ShortMessage>
    <LongMessage>Exception is caught when Exception is not thrown in org.jdom.output.DOMOutputter.output(Element, Document, NamespaceStack)</LongMessage>
    <Class classname="org.jdom.output.DOMOutputter">
      <SourceLine classname="org.jdom.output.DOMOutputter" start="92" end="443" sourcefile="DOMOutputter.java" sourcepath="org/jdom/output/DOMOutputter.java">
        <Message>At DOMOutputter.java:[lines 92-443]</Message>
      </SourceLine>
      <Message>In class org.jdom.output.DOMOutputter</Message>
    </Class>
    <Method classname="org.jdom.output.DOMOutputter" name="output" signature="(Lorg/jdom/Element;Lorg/w3c/dom/Document;Lorg/jdom/output/NamespaceStack;)Lorg/w3c/dom/Element;" isStatic="false">
      <SourceLine classname="org.jdom.output.DOMOutputter" start="264" end="387" startBytecode="0" endBytecode="1541" sourcefile="DOMOutputter.java" sourcepath="org/jdom/output/DOMOutputter.java"/>
      <Message>In method org.jdom.output.DOMOutputter.output(Element, Document, NamespaceStack)</Message>
    </Method>
    <SourceLine classname="org.jdom.output.DOMOutputter" start="386" end="386" startBytecode="715" endBytecode="715" sourcefile="DOMOutputter.java" sourcepath="org/jdom/output/DOMOutputter.java">
      <Message>At DOMOutputter.java:[line 386]</Message>
    </SourceLine>
  </BugInstance>
  <BugInstance type="URF_UNREAD_FIELD" priority="2" abbrev="UrF" category="PERFORMANCE" instanceHash="6a3bdff9ddfb7e6593b944325ca3e495" instanceOccurrenceNum="0" instanceOccurrenceMax="0">
    <ShortMessage>Unread field</ShortMessage>
    <LongMessage>Unread field: org.jdom.output.SAXOutputter.dtdHandler</LongMessage>
    <Class classname="org.jdom.output.SAXOutputter">
      <SourceLine classname="org.jdom.output.SAXOutputter" start="132" end="553" sourcefile="SAXOutputter.java" sourcepath="org/jdom/output/SAXOutputter.java">
        <Message>At SAXOutputter.java:[lines 132-553]</Message>
      </SourceLine>
      <Message>In class org.jdom.output.SAXOutputter</Message>
    </Class>
    <Field classname="org.jdom.output.SAXOutputter" name="dtdHandler" signature="Lorg/xml/sax/DTDHandler;" isStatic="false">
      <SourceLine classname="org.jdom.output.SAXOutputter" sourcefile="SAXOutputter.java" sourcepath="org/jdom/output/SAXOutputter.java">
        <Message>In SAXOutputter.java</Message>
      </SourceLine>
      <Message>Field org.jdom.output.SAXOutputter.dtdHandler</Message>
    </Field>
    <SourceLine classname="org.jdom.output.SAXOutputter" start="154" end="154" startBytecode="16" endBytecode="16" sourcefile="SAXOutputter.java" sourcepath="org/jdom/output/SAXOutputter.java">
      <Message>At SAXOutputter.java:[line 154]</Message>
    </SourceLine>
  </BugInstance>
  <BugInstance type="URF_UNREAD_FIELD" priority="2" abbrev="UrF" category="PERFORMANCE" instanceHash="928e5105aa8c23e5130a5b58451779c7" instanceOccurrenceNum="0" instanceOccurrenceMax="0">
    <ShortMessage>Unread field</ShortMessage>
    <LongMessage>Unread field: org.jdom.output.SAXOutputter.errorHandler</LongMessage>
    <Class classname="org.jdom.output.SAXOutputter">
      <SourceLine classname="org.jdom.output.SAXOutputter" start="132" end="553" sourcefile="SAXOutputter.java" sourcepath="org/jdom/output/SAXOutputter.java">
        <Message>At SAXOutputter.java:[lines 132-553]</Message>
      </SourceLine>
      <Message>In class org.jdom.output.SAXOutputter</Message>
    </Class>
    <Field classname="org.jdom.output.SAXOutputter" name="errorHandler" signature="Lorg/xml/sax/ErrorHandler;" isStatic="false">
      <SourceLine classname="org.jdom.output.SAXOutputter" sourcefile="SAXOutputter.java" sourcepath="org/jdom/output/SAXOutputter.java">
        <Message>In SAXOutputter.java</Message>
      </SourceLine>
      <Message>Field org.jdom.output.SAXOutputter.errorHandler</Message>
    </Field>
    <SourceLine classname="org.jdom.output.SAXOutputter" start="153" end="153" startBytecode="11" endBytecode="11" sourcefile="SAXOutputter.java" sourcepath="org/jdom/output/SAXOutputter.java">
      <Message>At SAXOutputter.java:[line 153]</Message>
    </SourceLine>
  </BugInstance>
  <BugInstance type="CN_IDIOM" priority="2" abbrev="CN" category="BAD_PRACTICE" instanceHash="35c55207c8c05be81566001e90e00628" instanceOccurrenceNum="0" instanceOccurrenceMax="0">
    <ShortMessage>Class implements Cloneable but does not define or use clone method</ShortMessage>
    <LongMessage>Class org.jdom.output.XMLOutputter implements Cloneable but does not define or use clone method</LongMessage>
    <Class classname="org.jdom.output.XMLOutputter">
      <SourceLine classname="org.jdom.output.XMLOutputter" start="122" end="1337" sourcefile="XMLOutputter.java" sourcepath="org/jdom/output/XMLOutputter.java">
        <Message>At XMLOutputter.java:[lines 122-1337]</Message>
      </SourceLine>
      <Message>In class org.jdom.output.XMLOutputter</Message>
    </Class>
    <SourceLine classname="org.jdom.output.XMLOutputter" start="122" end="1337" sourcefile="XMLOutputter.java" sourcepath="org/jdom/output/XMLOutputter.java" synthetic="true">
      <Message>At XMLOutputter.java:[lines 122-1337]</Message>
    </SourceLine>
  </BugInstance>
  <BugInstance type="DLS_DEAD_LOCAL_STORE" priority="1" abbrev="DLS" category="STYLE" instanceHash="9575b5c2136f46021cded47b97bd2f46" instanceOccurrenceNum="0" instanceOccurrenceMax="0">
    <ShortMessage>Dead store to local variable</ShortMessage>
    <LongMessage>Dead store to prefixes in org.jdom.output.XMLOutputter.printAttributes(List, Element, Writer, NamespaceStack)</LongMessage>
    <Class classname="org.jdom.output.XMLOutputter">
      <SourceLine classname="org.jdom.output.XMLOutputter" start="122" end="1337" sourcefile="XMLOutputter.java" sourcepath="org/jdom/output/XMLOutputter.java">
        <Message>At XMLOutputter.java:[lines 122-1337]</Message>
      </SourceLine>
      <Message>In class org.jdom.output.XMLOutputter</Message>
    </Class>
    <Method classname="org.jdom.output.XMLOutputter" name="printAttributes" signature="(Ljava/util/List;Lorg/jdom/Element;Ljava/io/Writer;Lorg/jdom/output/NamespaceStack;)V" isStatic="false">
      <SourceLine classname="org.jdom.output.XMLOutputter" start="1172" end="1164" startBytecode="0" endBytecode="69" sourcefile="XMLOutputter.java" sourcepath="org/jdom/output/XMLOutputter.java"/>
      <Message>In method org.jdom.output.XMLOutputter.printAttributes(List, Element, Writer, NamespaceStack)</Message>
    </Method>
    <LocalVariable name="prefixes" register="5" pc="9" role="LOCAL_VARIABLE_NAMED">
      <Message>Local variable named prefixes</Message>
    </LocalVariable>
    <SourceLine classname="org.jdom.output.XMLOutputter" start="1172" end="1172" startBytecode="7" endBytecode="7" sourcefile="XMLOutputter.java" sourcepath="org/jdom/output/XMLOutputter.java">
      <Message>At XMLOutputter.java:[line 1172]</Message>
    </SourceLine>
  </BugInstance>
  <BugCategory category="CORRECTNESS">
    <Description>Correctness</Description>
  </BugCategory>
  <BugCategory category="PERFORMANCE">
    <Description>Performance</Description>
  </BugCategory>
  <BugCategory category="I18N">
    <Description>Internationalization</Description>
  </BugCategory>
  <BugCategory category="BAD_PRACTICE">
    <Description>Bad practice</Description>
  </BugCategory>
  <BugCategory category="STYLE">
    <Description>Dodgy</Description>
  </BugCategory>
  <BugPattern type="CN_IDIOM" abbrev="CN" category="BAD_PRACTICE">
    <ShortDescription>Class implements Cloneable but does not define or use clone method</ShortDescription>
    <Details><![CDATA[

<p>
   Class implements Cloneable but does not define or
   use the clone method.</p>

    ]]></Details>
  </BugPattern>
  <BugPattern type="NP_NULL_PARAM_DEREF" abbrev="NP" category="CORRECTNESS">
    <ShortDescription>Method call passes null for unconditionally dereferenced parameter</ShortDescription>
    <Details><![CDATA[
      
      <p>
      This method call passes a null value to a method which might
      dereference it unconditionally.
      </p>
      
   ]]></Details>
  </BugPattern>
  <BugPattern type="URF_UNREAD_FIELD" abbrev="UrF" category="PERFORMANCE">
    <ShortDescription>Unread field</ShortDescription>
    <Details><![CDATA[

  <p> This field is never read.&nbsp; Consider removing it from the class.</p>

    ]]></Details>
  </BugPattern>
  <BugPattern type="DLS_DEAD_LOCAL_STORE" abbrev="DLS" category="STYLE">
    <ShortDescription>Dead store to local variable</ShortDescription>
    <Details><![CDATA[

<p>
This instruction assigns a value to a local variable,
but the value is not read by any subsequent instruction.
Often, this indicates an error, because the value computed
is never used.
</p>
<p>
Note that Sun's javac compiler often generates dead stores for
final local variables.  Because FindBugs is a bytecode-based tool,
there is no easy way to eliminate these false positives.
</p>

    ]]></Details>
  </BugPattern>
  <BugPattern type="WMI_WRONG_MAP_ITERATOR" abbrev="WMI" category="PERFORMANCE">
    <ShortDescription>Inefficient use of keySet iterator instead of entrySet iterator</ShortDescription>
    <Details><![CDATA[

<p> This method accesses the value of a Map entry, using a key that was retrieved from
a keySet iterator. It is more efficient to use an iterator on the entrySet of the map, to avoid the
Map.get(key) lookup.</p>

        ]]></Details>
  </BugPattern>
  <BugPattern type="SE_NO_SERIALVERSIONID" abbrev="SnVI" category="BAD_PRACTICE">
    <ShortDescription>Class is Serializable, but doesn't define serialVersionUID</ShortDescription>
    <Details><![CDATA[

  <p> This class implements the <code>Serializable</code> interface, but does
  not define a <code>serialVersionUID</code> field.&nbsp;
  A change as simple as adding a reference to a .class object
    will add synthetic fields to the class,
   which will unfortunately change the implicit
   serialVersionUID (e.g., adding a reference to <code>String.class</code>
   will generate a static field <code>class$java$lang$String</code>).
   Also, different source code to bytecode compilers may use different
   naming conventions for synthetic variables generated for
   references to class objects or inner classes.
   To ensure interoperability of Serializable across versions,
   consider adding an explicit serialVersionUID.</p>

    ]]></Details>
  </BugPattern>
  <BugPattern type="CN_IDIOM_NO_SUPER_CALL" abbrev="CN" category="BAD_PRACTICE">
    <ShortDescription>clone method does not call super.clone()</ShortDescription>
    <Details><![CDATA[

<p> This non-final class defines a clone() method that does not call super.clone().
If this class ("<i>A</i>") is extended by a subclass ("<i>B</i>"),
and the subclass <i>B</i> calls super.clone(), then it is likely that
<i>B</i>'s clone() method will return an object of type <i>A</i>,
which violates the standard contract for clone().</p>

<p> If all clone() methods call super.clone(), then they are guaranteed
to use Object.clone(), which always returns an object of the correct type.</p>

    ]]></Details>
  </BugPattern>
  <BugPattern type="REC_CATCH_EXCEPTION" abbrev="REC" category="STYLE">
    <ShortDescription>Exception is caught when Exception is not thrown</ShortDescription>
    <Details><![CDATA[
  
  <p>
  This method uses a try-catch block that catches Exception objects, but Exception is not
  thrown within the try block, and RuntimeException is not explicitly caught.  It is a common bug pattern to
  say try { ... } catch (Exception e) { something } as a shorthand for catching a number of types of exception
  each of whose catch blocks is identical, but this construct also accidentally catches RuntimeException as well,
  masking potential bugs.
  </p>
  
     ]]></Details>
  </BugPattern>
  <BugPattern type="DM_CONVERT_CASE" abbrev="Dm" category="I18N">
    <ShortDescription>Consider using Locale parameterized version of invoked method</ShortDescription>
    <Details><![CDATA[

  <p> A String is being converted to upper or lowercase, using the platform's default encoding. This may
      result in improper conversions when used with international characters. Use the </p>
      <table><tr><td>String.toUpperCase( Locale l )</td></tr><tr><td>String.toLowerCase( Locale l )</td></tr></table>
      <p>versions instead.</p>

    ]]></Details>
  </BugPattern>
  <BugPattern type="ES_COMPARING_PARAMETER_STRING_WITH_EQ" abbrev="ES" category="BAD_PRACTICE">
    <ShortDescription>Comparison of String parameter using == or !=</ShortDescription>
    <Details><![CDATA[

  <p>This code compares a <code>java.lang.String</code> parameter for reference
equality using the == or != operators. Requiring callers to 
pass only String constants or interned strings to a method is unnecessarily
fragile, and rarely leads to measurable performance gains. Consider
using the <code>equals(Object)</code> method instead.</p>

    ]]></Details>
  </BugPattern>
  <BugCode abbrev="UrF">
    <Description>Unread field</Description>
  </BugCode>
  <BugCode abbrev="REC">
    <Description>RuntimeException capture</Description>
  </BugCode>
  <BugCode abbrev="CN">
    <Description>Bad implementation of cloneable idiom</Description>
  </BugCode>
  <BugCode abbrev="NP">
    <Description>Null pointer dereference</Description>
  </BugCode>
  <BugCode abbrev="WMI">
    <Description>Wrong Map Iterator</Description>
  </BugCode>
  <BugCode abbrev="SnVI">
    <Description>Serializable class with no Version ID</Description>
  </BugCode>
  <BugCode abbrev="ES">
    <Description>Checking String equality using == or !=</Description>
  </BugCode>
  <BugCode abbrev="Dm">
    <Description>Dubious method used</Description>
  </BugCode>
  <BugCode abbrev="DLS">
    <Description>Dead local store</Description>
  </BugCode>
  <Errors></Errors>
  <FindBugsSummary timestamp="Tue, 16 Sep 2008 23:00:09 -0400" total_classes="33" total_bugs="29" total_size="3943" num_packages="4" cpu_seconds="11.47" clock_seconds="11.66" peak_mbytes="132.46" gc_seconds="1.50" priority_3="10" priority_2="16" priority_1="3">
    <PackageStats package="org.jdom" total_bugs="20" total_types="17" total_size="2330" priority_3="8" priority_2="11" priority_1="1">
      <ClassStats class="org.jdom.Attribute" sourceFile="Attribute.java" interface="false" size="115" bugs="2" priority_2="2"/>
      <ClassStats class="org.jdom.CDATA" sourceFile="CDATA.java" interface="false" size="33" bugs="2" priority_3="1" priority_2="1"/>
      <ClassStats class="org.jdom.Comment" sourceFile="Comment.java" interface="false" size="50" bugs="2" priority_3="1" priority_2="1"/>
      <ClassStats class="org.jdom.DataConversionException" sourceFile="DataConversionException.java" interface="false" size="9" bugs="0"/>
      <ClassStats class="org.jdom.DocType" sourceFile="DocType.java" interface="false" size="60" bugs="2" priority_3="1" priority_2="1"/>
      <ClassStats class="org.jdom.Document" sourceFile="Document.java" interface="false" size="170" bugs="2" priority_3="1" priority_2="1"/>
      <ClassStats class="org.jdom.Element" sourceFile="Element.java" interface="false" size="505" bugs="3" priority_2="2" priority_1="1"/>
      <ClassStats class="org.jdom.Entity" sourceFile="Entity.java" interface="false" size="107" bugs="2" priority_3="1" priority_2="1"/>
      <ClassStats class="org.jdom.IllegalAddException" sourceFile="IllegalAddException.java" interface="false" size="78" bugs="0"/>
      <ClassStats class="org.jdom.IllegalDataException" sourceFile="IllegalDataException.java" interface="false" size="21" bugs="0"/>
      <ClassStats class="org.jdom.IllegalNameException" sourceFile="IllegalNameException.java" interface="false" size="21" bugs="0"/>
      <ClassStats class="org.jdom.IllegalTargetException" sourceFile="IllegalTargetException.java" interface="false" size="17" bugs="0"/>
      <ClassStats class="org.jdom.JDOMException" sourceFile="JDOMException.java" interface="false" size="36" bugs="0"/>
      <ClassStats class="org.jdom.Namespace" sourceFile="Namespace.java" interface="false" size="77" bugs="0"/>
      <ClassStats class="org.jdom.PartialList" sourceFile="PartialList.java" interface="false" size="103" bugs="1" priority_3="1"/>
      <ClassStats class="org.jdom.ProcessingInstruction" sourceFile="ProcessingInstruction.java" interface="false" size="112" bugs="3" priority_3="1" priority_2="2"/>
      <ClassStats class="org.jdom.Verifier" sourceFile="Verifier.java" interface="false" size="816" bugs="1" priority_3="1"/>
    </PackageStats>
    <PackageStats package="org.jdom.adapters" total_bugs="0" total_types="8" total_size="257">
      <ClassStats class="org.jdom.adapters.AbstractDOMAdapter" sourceFile="AbstractDOMAdapter.java" interface="false" size="7" bugs="0"/>
      <ClassStats class="org.jdom.adapters.CrimsonDOMAdapter" sourceFile="CrimsonDOMAdapter.java" interface="false" size="36" bugs="0"/>
      <ClassStats class="org.jdom.adapters.DOMAdapter" sourceFile="DOMAdapter.java" interface="true" size="4" bugs="0"/>
      <ClassStats class="org.jdom.adapters.OracleV1DOMAdapter" sourceFile="OracleV1DOMAdapter.java" interface="false" size="35" bugs="0"/>
      <ClassStats class="org.jdom.adapters.OracleV2DOMAdapter" sourceFile="OracleV2DOMAdapter.java" interface="false" size="35" bugs="0"/>
      <ClassStats class="org.jdom.adapters.ProjectXDOMAdapter" sourceFile="ProjectXDOMAdapter.java" interface="false" size="36" bugs="0"/>
      <ClassStats class="org.jdom.adapters.XML4JDOMAdapter" sourceFile="XML4JDOMAdapter.java" interface="false" size="50" bugs="0"/>
      <ClassStats class="org.jdom.adapters.XercesDOMAdapter" sourceFile="XercesDOMAdapter.java" interface="false" size="54" bugs="0"/>
    </PackageStats>
    <PackageStats package="org.jdom.input" total_bugs="3" total_types="4" total_size="494" priority_2="2" priority_1="1">
      <ClassStats class="org.jdom.input.BuilderErrorHandler" sourceFile="BuilderErrorHandler.java" interface="false" size="9" bugs="0"/>
      <ClassStats class="org.jdom.input.DOMBuilder" sourceFile="DOMBuilder.java" interface="false" size="184" bugs="1" priority_1="1"/>
      <ClassStats class="org.jdom.input.SAXBuilder" sourceFile="SAXBuilder.java" interface="false" size="162" bugs="1" priority_2="1"/>
      <ClassStats class="org.jdom.input.SAXHandler" sourceFile="SAXBuilder.java" interface="false" size="139" bugs="1" priority_2="1"/>
    </PackageStats>
    <PackageStats package="org.jdom.output" total_bugs="6" total_types="4" total_size="862" priority_3="2" priority_2="3" priority_1="1">
      <ClassStats class="org.jdom.output.DOMOutputter" sourceFile="DOMOutputter.java" interface="false" size="189" bugs="2" priority_3="2"/>
      <ClassStats class="org.jdom.output.NamespaceStack" sourceFile="NamespaceStack.java" interface="false" size="28" bugs="0"/>
      <ClassStats class="org.jdom.output.SAXOutputter" sourceFile="SAXOutputter.java" interface="false" size="178" bugs="2" priority_2="2"/>
      <ClassStats class="org.jdom.output.XMLOutputter" sourceFile="XMLOutputter.java" interface="false" size="467" bugs="2" priority_2="1" priority_1="1"/>
    </PackageStats>
  </FindBugsSummary>
  <ClassFeatures></ClassFeatures>
  <History></History>
</BugCollection>
