<?xml version="1.0" encoding="UTF-8"?>

<BugCollection version="1.3.1" sequence="0" timestamp="1221620658296" analysisTimestamp="1221620673140" release="">
  <Project filename="&lt;&lt;unnamed project&gt;&gt;" projectName="">
    <Jar>C:\repository-workspace\jdom</Jar>
    <AuxClasspathEntry>C:\repository-workspace\jdom\lib\ant.jar</AuxClasspathEntry>
    <AuxClasspathEntry>C:\repository-workspace\jdom\lib\collections.jar</AuxClasspathEntry>
    <AuxClasspathEntry>C:\repository-workspace\jdom\lib\xerces.jar</AuxClasspathEntry>
  </Project>
  <BugInstance type="ISC_INSTANTIATE_STATIC_CLASS" priority="3" abbrev="ISC" category="BAD_PRACTICE" instanceHash="abff2c74896417eee4462f4c56c5b10" instanceOccurrenceNum="0" instanceOccurrenceMax="0">
    <ShortMessage>Needless instantiation of class that only supplies static methods</ShortMessage>
    <LongMessage>Method JDOMEasterEgg.main(String[]) needlessly instantiates a class that only supplies static methods</LongMessage>
    <Class classname="JDOMEasterEgg">
      <SourceLine classname="JDOMEasterEgg" start="88" end="140" sourcefile="JDOMEasterEgg.java" sourcepath="JDOMEasterEgg.java">
        <Message>At JDOMEasterEgg.java:[lines 88-140]</Message>
      </SourceLine>
      <Message>In class JDOMEasterEgg</Message>
    </Class>
    <Method classname="JDOMEasterEgg" name="main" signature="([Ljava/lang/String;)V" isStatic="true">
      <SourceLine classname="JDOMEasterEgg" start="96" end="95" startBytecode="0" endBytecode="531" sourcefile="JDOMEasterEgg.java" sourcepath="JDOMEasterEgg.java"/>
      <Message>In method JDOMEasterEgg.main(String[])</Message>
    </Method>
    <SourceLine classname="JDOMEasterEgg" start="96" end="96" startBytecode="8" endBytecode="8" sourcefile="JDOMEasterEgg.java" sourcepath="JDOMEasterEgg.java">
      <Message>At JDOMEasterEgg.java:[line 96]</Message>
    </SourceLine>
  </BugInstance>
  <BugInstance type="SIC_INNER_SHOULD_BE_STATIC" priority="2" abbrev="SIC" category="PERFORMANCE" instanceHash="223f08a2b2f46965cff1c983e166dc6b" instanceOccurrenceNum="0" instanceOccurrenceMax="0">
    <ShortMessage>Should be a static inner class</ShortMessage>
    <LongMessage>Should JDOMEasterEgg$Author be a _static_ inner class?</LongMessage>
    <Class classname="JDOMEasterEgg$Author">
      <SourceLine classname="JDOMEasterEgg$Author" start="88" end="262" sourcefile="JDOMEasterEgg.java" sourcepath="JDOMEasterEgg.java">
        <Message>At JDOMEasterEgg.java:[lines 88-262]</Message>
      </SourceLine>
      <Message>In class JDOMEasterEgg$Author</Message>
    </Class>
    <SourceLine classname="JDOMEasterEgg$Author" start="88" end="262" sourcefile="JDOMEasterEgg.java" sourcepath="JDOMEasterEgg.java" synthetic="true">
      <Message>At JDOMEasterEgg.java:[lines 88-262]</Message>
    </SourceLine>
  </BugInstance>
  <BugInstance type="DM_EXIT" priority="2" abbrev="Dm" category="BAD_PRACTICE" instanceHash="4a9f568efeac930a7daaceb196747dd7" instanceOccurrenceNum="0" instanceOccurrenceMax="0">
    <ShortMessage>Method invokes System.exit(...)</ShortMessage>
    <LongMessage>new JDOMEasterEgg$Info(JDOMEasterEgg) invokes System.exit(...), which shuts down the entire virtual machine</LongMessage>
    <Class classname="JDOMEasterEgg$Info">
      <SourceLine classname="JDOMEasterEgg$Info" start="88" end="252" sourcefile="JDOMEasterEgg.java" sourcepath="JDOMEasterEgg.java">
        <Message>At JDOMEasterEgg.java:[lines 88-252]</Message>
      </SourceLine>
      <Message>In class JDOMEasterEgg$Info</Message>
    </Class>
    <Method classname="JDOMEasterEgg$Info" name="&lt;init&gt;" signature="(LJDOMEasterEgg;)V" isStatic="false">
      <SourceLine classname="JDOMEasterEgg$Info" start="195" end="195" startBytecode="0" endBytecode="676" sourcefile="JDOMEasterEgg.java" sourcepath="JDOMEasterEgg.java"/>
      <Message>In method new JDOMEasterEgg$Info(JDOMEasterEgg)</Message>
    </Method>
    <SourceLine classname="JDOMEasterEgg$Info" start="217" end="217" startBytecode="61" endBytecode="61" sourcefile="JDOMEasterEgg.java" sourcepath="JDOMEasterEgg.java">
      <Message>At JDOMEasterEgg.java:[line 217]</Message>
    </SourceLine>
  </BugInstance>
  <BugInstance type="SIC_INNER_SHOULD_BE_STATIC_NEEDS_THIS" priority="3" abbrev="SIC" category="PERFORMANCE" instanceHash="a6f7c2ad46cb046f7b6e87bb4b3b0d52" instanceOccurrenceNum="0" instanceOccurrenceMax="0">
    <ShortMessage>Could be refactored into a static inner class</ShortMessage>
    <LongMessage>The class JDOMEasterEgg$Info could be refactored into a _static_ inner class</LongMessage>
    <Class classname="JDOMEasterEgg$Info">
      <SourceLine classname="JDOMEasterEgg$Info" start="88" end="252" sourcefile="JDOMEasterEgg.java" sourcepath="JDOMEasterEgg.java">
        <Message>At JDOMEasterEgg.java:[lines 88-252]</Message>
      </SourceLine>
      <Message>In class JDOMEasterEgg$Info</Message>
    </Class>
    <SourceLine classname="JDOMEasterEgg$Info" start="88" end="252" sourcefile="JDOMEasterEgg.java" sourcepath="JDOMEasterEgg.java" synthetic="true">
      <Message>At JDOMEasterEgg.java:[lines 88-252]</Message>
    </SourceLine>
  </BugInstance>
  <BugInstance type="SE_NO_SERIALVERSIONID" priority="2" abbrev="SnVI" category="BAD_PRACTICE" instanceHash="aca724796ce8b31bcefa26fd6b0f015b" instanceOccurrenceNum="0" instanceOccurrenceMax="0">
    <ShortMessage>Class is Serializable, but doesn't define serialVersionUID</ShortMessage>
    <LongMessage>org.jdom.Attribute is Serializable; consider declaring a serialVersionUID</LongMessage>
    <Class classname="org.jdom.Attribute">
      <SourceLine classname="org.jdom.Attribute" start="97" end="556" sourcefile="Attribute.java" sourcepath="org/jdom/Attribute.java">
        <Message>At Attribute.java:[lines 97-556]</Message>
      </SourceLine>
      <Message>In class org.jdom.Attribute</Message>
    </Class>
    <SourceLine classname="org.jdom.Attribute" start="97" end="556" sourcefile="Attribute.java" sourcepath="org/jdom/Attribute.java" synthetic="true">
      <Message>At Attribute.java:[lines 97-556]</Message>
    </SourceLine>
  </BugInstance>
  <BugInstance type="SE_NO_SERIALVERSIONID" priority="3" abbrev="SnVI" category="BAD_PRACTICE" instanceHash="f99e70c1c009f1ab612f662adee080cd" instanceOccurrenceNum="0" instanceOccurrenceMax="0">
    <ShortMessage>Class is Serializable, but doesn't define serialVersionUID</ShortMessage>
    <LongMessage>org.jdom.CDATA is Serializable; consider declaring a serialVersionUID</LongMessage>
    <Class classname="org.jdom.CDATA">
      <SourceLine classname="org.jdom.CDATA" start="84" end="210" sourcefile="CDATA.java" sourcepath="org/jdom/CDATA.java">
        <Message>At CDATA.java:[lines 84-210]</Message>
      </SourceLine>
      <Message>In class org.jdom.CDATA</Message>
    </Class>
    <SourceLine classname="org.jdom.CDATA" start="84" end="210" sourcefile="CDATA.java" sourcepath="org/jdom/CDATA.java" synthetic="true">
      <Message>At CDATA.java:[lines 84-210]</Message>
    </SourceLine>
  </BugInstance>
  <BugInstance type="SE_NO_SERIALVERSIONID" priority="3" abbrev="SnVI" category="BAD_PRACTICE" instanceHash="f0f57d3667e308f6958e2d010b6ac31d" instanceOccurrenceNum="0" instanceOccurrenceMax="0">
    <ShortMessage>Class is Serializable, but doesn't define serialVersionUID</ShortMessage>
    <LongMessage>org.jdom.Comment is Serializable; consider declaring a serialVersionUID</LongMessage>
    <Class classname="org.jdom.Comment">
      <SourceLine classname="org.jdom.Comment" start="91" end="302" sourcefile="Comment.java" sourcepath="org/jdom/Comment.java">
        <Message>At Comment.java:[lines 91-302]</Message>
      </SourceLine>
      <Message>In class org.jdom.Comment</Message>
    </Class>
    <SourceLine classname="org.jdom.Comment" start="91" end="302" sourcefile="Comment.java" sourcepath="org/jdom/Comment.java" synthetic="true">
      <Message>At Comment.java:[lines 91-302]</Message>
    </SourceLine>
  </BugInstance>
  <BugInstance type="SE_NO_SERIALVERSIONID" priority="3" abbrev="SnVI" category="BAD_PRACTICE" instanceHash="abca8dea2aa8e10a30612bc38e5a182a" instanceOccurrenceNum="0" instanceOccurrenceMax="0">
    <ShortMessage>Class is Serializable, but doesn't define serialVersionUID</ShortMessage>
    <LongMessage>org.jdom.DocType is Serializable; consider declaring a serialVersionUID</LongMessage>
    <Class classname="org.jdom.DocType">
      <SourceLine classname="org.jdom.DocType" start="87" end="309" sourcefile="DocType.java" sourcepath="org/jdom/DocType.java">
        <Message>At DocType.java:[lines 87-309]</Message>
      </SourceLine>
      <Message>In class org.jdom.DocType</Message>
    </Class>
    <SourceLine classname="org.jdom.DocType" start="87" end="309" sourcefile="DocType.java" sourcepath="org/jdom/DocType.java" synthetic="true">
      <Message>At DocType.java:[lines 87-309]</Message>
    </SourceLine>
  </BugInstance>
  <BugInstance type="SE_NO_SERIALVERSIONID" priority="3" abbrev="SnVI" category="BAD_PRACTICE" instanceHash="91956ff6b2d77906ee3f6bef2897b8c" instanceOccurrenceNum="0" instanceOccurrenceMax="0">
    <ShortMessage>Class is Serializable, but doesn't define serialVersionUID</ShortMessage>
    <LongMessage>org.jdom.Document is Serializable; consider declaring a serialVersionUID</LongMessage>
    <Class classname="org.jdom.Document">
      <SourceLine classname="org.jdom.Document" start="103" end="660" sourcefile="Document.java" sourcepath="org/jdom/Document.java">
        <Message>At Document.java:[lines 103-660]</Message>
      </SourceLine>
      <Message>In class org.jdom.Document</Message>
    </Class>
    <SourceLine classname="org.jdom.Document" start="103" end="660" sourcefile="Document.java" sourcepath="org/jdom/Document.java" synthetic="true">
      <Message>At Document.java:[lines 103-660]</Message>
    </SourceLine>
  </BugInstance>
  <BugInstance type="SE_NO_SERIALVERSIONID" priority="1" abbrev="SnVI" category="BAD_PRACTICE" instanceHash="f50a8d94b5633528295e0de48abbf7a4" instanceOccurrenceNum="0" instanceOccurrenceMax="0">
    <ShortMessage>Class is Serializable, but doesn't define serialVersionUID</ShortMessage>
    <LongMessage>org.jdom.Element is Serializable; consider declaring a serialVersionUID</LongMessage>
    <Class classname="org.jdom.Element">
      <SourceLine classname="org.jdom.Element" start="78" end="1756" sourcefile="Element.java" sourcepath="org/jdom/Element.java">
        <Message>At Element.java:[lines 78-1756]</Message>
      </SourceLine>
      <Message>In class org.jdom.Element</Message>
    </Class>
    <SourceLine classname="org.jdom.Element" start="78" end="1756" sourcefile="Element.java" sourcepath="org/jdom/Element.java" synthetic="true">
      <Message>At Element.java:[lines 78-1756]</Message>
    </SourceLine>
  </BugInstance>
  <BugInstance type="SE_NO_SERIALVERSIONID" priority="3" abbrev="SnVI" category="BAD_PRACTICE" instanceHash="c67a9948429a4eb81ee30033e69656f7" instanceOccurrenceNum="0" instanceOccurrenceMax="0">
    <ShortMessage>Class is Serializable, but doesn't define serialVersionUID</ShortMessage>
    <LongMessage>org.jdom.Entity is Serializable; consider declaring a serialVersionUID</LongMessage>
    <Class classname="org.jdom.Entity">
      <SourceLine classname="org.jdom.Entity" start="91" end="530" sourcefile="Entity.java" sourcepath="org/jdom/Entity.java">
        <Message>At Entity.java:[lines 91-530]</Message>
      </SourceLine>
      <Message>In class org.jdom.Entity</Message>
    </Class>
    <SourceLine classname="org.jdom.Entity" start="91" end="530" sourcefile="Entity.java" sourcepath="org/jdom/Entity.java" synthetic="true">
      <Message>At Entity.java:[lines 91-530]</Message>
    </SourceLine>
  </BugInstance>
  <BugInstance type="SE_NO_SERIALVERSIONID" priority="3" abbrev="SnVI" category="BAD_PRACTICE" instanceHash="508f1d975925e3a09112f7b1e806b2b2" instanceOccurrenceNum="0" instanceOccurrenceMax="0">
    <ShortMessage>Class is Serializable, but doesn't define serialVersionUID</ShortMessage>
    <LongMessage>org.jdom.PartialList is Serializable; consider declaring a serialVersionUID</LongMessage>
    <Class classname="org.jdom.PartialList">
      <SourceLine classname="org.jdom.PartialList" start="93" end="380" sourcefile="PartialList.java" sourcepath="org/jdom/PartialList.java">
        <Message>At PartialList.java:[lines 93-380]</Message>
      </SourceLine>
      <Message>In class org.jdom.PartialList</Message>
    </Class>
    <SourceLine classname="org.jdom.PartialList" start="93" end="380" sourcefile="PartialList.java" sourcepath="org/jdom/PartialList.java" synthetic="true">
      <Message>At PartialList.java:[lines 93-380]</Message>
    </SourceLine>
  </BugInstance>
  <BugInstance type="DLS_DEAD_LOCAL_STORE" priority="3" abbrev="DLS" category="STYLE" instanceHash="55142975c99efc5f125e76e739869625" instanceOccurrenceNum="0" instanceOccurrenceMax="0">
    <ShortMessage>Dead store to local variable</ShortMessage>
    <LongMessage>Dead store to inQuotes in org.jdom.ProcessingInstruction.extractQuotedString(String)</LongMessage>
    <Class classname="org.jdom.ProcessingInstruction">
      <SourceLine classname="org.jdom.ProcessingInstruction" start="103" end="597" sourcefile="ProcessingInstruction.java" sourcepath="org/jdom/ProcessingInstruction.java">
        <Message>At ProcessingInstruction.java:[lines 103-597]</Message>
      </SourceLine>
      <Message>In class org.jdom.ProcessingInstruction</Message>
    </Class>
    <Method classname="org.jdom.ProcessingInstruction" name="extractQuotedString" signature="(Ljava/lang/String;)Ljava/lang/String;" isStatic="false">
      <SourceLine classname="org.jdom.ProcessingInstruction" start="457" end="489" startBytecode="0" endBytecode="46" sourcefile="ProcessingInstruction.java" sourcepath="org/jdom/ProcessingInstruction.java"/>
      <Message>In method org.jdom.ProcessingInstruction.extractQuotedString(String)</Message>
    </Method>
    <LocalVariable name="inQuotes" register="2" pc="62" role="LOCAL_VARIABLE_NAMED">
      <Message>Local variable named inQuotes</Message>
    </LocalVariable>
    <SourceLine classname="org.jdom.ProcessingInstruction" start="479" end="479" startBytecode="61" endBytecode="61" sourcefile="ProcessingInstruction.java" sourcepath="org/jdom/ProcessingInstruction.java">
      <Message>At ProcessingInstruction.java:[line 479]</Message>
    </SourceLine>
  </BugInstance>
  <BugInstance type="SE_NO_SERIALVERSIONID" priority="3" abbrev="SnVI" category="BAD_PRACTICE" instanceHash="5d22320d1c2d5a09929a422d301793e9" instanceOccurrenceNum="0" instanceOccurrenceMax="0">
    <ShortMessage>Class is Serializable, but doesn't define serialVersionUID</ShortMessage>
    <LongMessage>org.jdom.ProcessingInstruction is Serializable; consider declaring a serialVersionUID</LongMessage>
    <Class classname="org.jdom.ProcessingInstruction">
      <SourceLine classname="org.jdom.ProcessingInstruction" start="103" end="597" sourcefile="ProcessingInstruction.java" sourcepath="org/jdom/ProcessingInstruction.java">
        <Message>At ProcessingInstruction.java:[lines 103-597]</Message>
      </SourceLine>
      <Message>In class org.jdom.ProcessingInstruction</Message>
    </Class>
    <SourceLine classname="org.jdom.ProcessingInstruction" start="103" end="597" sourcefile="ProcessingInstruction.java" sourcepath="org/jdom/ProcessingInstruction.java" synthetic="true">
      <Message>At ProcessingInstruction.java:[lines 103-597]</Message>
    </SourceLine>
  </BugInstance>
  <BugInstance type="WMI_WRONG_MAP_ITERATOR" priority="2" abbrev="WMI" category="PERFORMANCE" instanceHash="e3b6ff376936165b61aaa8e075676e88" instanceOccurrenceNum="0" instanceOccurrenceMax="0">
    <ShortMessage>Inefficient use of keySet iterator instead of entrySet iterator</ShortMessage>
    <LongMessage>Method org.jdom.ProcessingInstruction.toString(Map) makes inefficient use of keySet iterator instead of entrySet iterator</LongMessage>
    <Class classname="org.jdom.ProcessingInstruction">
      <SourceLine classname="org.jdom.ProcessingInstruction" start="103" end="597" sourcefile="ProcessingInstruction.java" sourcepath="org/jdom/ProcessingInstruction.java">
        <Message>At ProcessingInstruction.java:[lines 103-597]</Message>
      </SourceLine>
      <Message>In class org.jdom.ProcessingInstruction</Message>
    </Class>
    <Method classname="org.jdom.ProcessingInstruction" name="toString" signature="(Ljava/util/Map;)Ljava/lang/String;" isStatic="false">
      <SourceLine classname="org.jdom.ProcessingInstruction" start="344" end="358" startBytecode="0" endBytecode="228" sourcefile="ProcessingInstruction.java" sourcepath="org/jdom/ProcessingInstruction.java"/>
      <Message>In method org.jdom.ProcessingInstruction.toString(Map)</Message>
    </Method>
    <SourceLine classname="org.jdom.ProcessingInstruction" start="349" end="349" startBytecode="37" endBytecode="37" sourcefile="ProcessingInstruction.java" sourcepath="org/jdom/ProcessingInstruction.java">
      <Message>At ProcessingInstruction.java:[line 349]</Message>
    </SourceLine>
  </BugInstance>
  <BugInstance type="DM_CONVERT_CASE" priority="3" abbrev="Dm" category="I18N" instanceHash="4ddf78475fed7a6d6d2db4e4b5e62f05" instanceOccurrenceNum="0" instanceOccurrenceMax="0">
    <ShortMessage>Consider using Locale parameterized version of invoked method</ShortMessage>
    <LongMessage>Use of non-localized String.toUpperCase() or String.toLowerCase</LongMessage>
    <Class classname="org.jdom.Verifier">
      <SourceLine classname="org.jdom.Verifier" start="77" end="1344" sourcefile="Verifier.java" sourcepath="org/jdom/Verifier.java">
        <Message>At Verifier.java:[lines 77-1344]</Message>
      </SourceLine>
      <Message>In class org.jdom.Verifier</Message>
    </Class>
    <Method classname="org.jdom.Verifier" name="checkNamespacePrefix" signature="(Ljava/lang/String;)Ljava/lang/String;" isStatic="true">
      <SourceLine classname="org.jdom.Verifier" start="221" end="263" startBytecode="0" endBytecode="313" sourcefile="Verifier.java" sourcepath="org/jdom/Verifier.java"/>
      <Message>In method org.jdom.Verifier.checkNamespacePrefix(String)</Message>
    </Method>
    <SourceLine classname="org.jdom.Verifier" start="243" end="243" startBytecode="59" endBytecode="59" sourcefile="Verifier.java" sourcepath="org/jdom/Verifier.java">
      <Message>At Verifier.java:[line 243]</Message>
    </SourceLine>
  </BugInstance>
  <BugInstance type="NP_NULL_PARAM_DEREF" priority="1" abbrev="NP" category="CORRECTNESS" instanceHash="dae218d061a46c87cda4d96f2dfd3bfd" instanceOccurrenceNum="0" instanceOccurrenceMax="0">
    <ShortMessage>Method call passes null for unconditionally dereferenced parameter</ShortMessage>
    <LongMessage>Method call in org.jdom.input.DOMBuilder.build(InputStream) passes null for unconditionally dereferenced parameter of buildTree(Node, Document, Element, boolean)</LongMessage>
    <Class classname="org.jdom.input.DOMBuilder">
      <SourceLine classname="org.jdom.input.DOMBuilder" start="112" end="497" sourcefile="DOMBuilder.java" sourcepath="org/jdom/input/DOMBuilder.java">
        <Message>At DOMBuilder.java:[lines 112-497]</Message>
      </SourceLine>
      <Message>In class org.jdom.input.DOMBuilder</Message>
    </Class>
    <Method classname="org.jdom.input.DOMBuilder" name="build" signature="(Ljava/io/InputStream;)Lorg/jdom/Document;" isStatic="false">
      <SourceLine classname="org.jdom.input.DOMBuilder" start="188" end="264" startBytecode="0" endBytecode="675" sourcefile="DOMBuilder.java" sourcepath="org/jdom/input/DOMBuilder.java"/>
      <Message>In method org.jdom.input.DOMBuilder.build(InputStream)</Message>
    </Method>
    <Method classname="org.jdom.input.DOMBuilder" name="buildTree" signature="(Lorg/w3c/dom/Node;Lorg/jdom/Document;Lorg/jdom/Element;Z)V" isStatic="false" role="METHOD_CALLED">
      <SourceLine classname="org.jdom.input.DOMBuilder" start="355" end="350" startBytecode="0" endBytecode="1530" sourcefile="DOMBuilder.java" sourcepath="org/jdom/input/DOMBuilder.java"/>
      <Message>Called method org.jdom.input.DOMBuilder.buildTree(Node, Document, Element, boolean)</Message>
    </Method>
    <Int value="1" role="INT_MAYBE_NULL_ARG">
      <Message>Argument 1 might be null but must not be null</Message>
    </Int>
    <LocalVariable name="domDoc" register="3" pc="139" role="LOCAL_VARIABLE_NAMED">
      <Message>Local variable named domDoc</Message>
    </LocalVariable>
    <SourceLine classname="org.jdom.input.DOMBuilder" start="244" end="244" startBytecode="151" endBytecode="151" sourcefile="DOMBuilder.java" sourcepath="org/jdom/input/DOMBuilder.java" role="SOURCE_LINE_INVOKED">
      <Message>Method invoked at DOMBuilder.java:[line 244]</Message>
    </SourceLine>
    <SourceLine classname="org.jdom.input.DOMBuilder" start="238" end="238" startBytecode="142" endBytecode="142" sourcefile="DOMBuilder.java" sourcepath="org/jdom/input/DOMBuilder.java" role="SOURCE_LINE_KNOWN_NULL">
      <Message>Known null at DOMBuilder.java:[line 238]</Message>
    </SourceLine>
  </BugInstance>
  <BugInstance type="REC_CATCH_EXCEPTION" priority="2" abbrev="REC" category="STYLE" instanceHash="3dce91fac4926afd9a2b25991fe869b0" instanceOccurrenceNum="0" instanceOccurrenceMax="0">
    <ShortMessage>Exception is caught when Exception is not thrown</ShortMessage>
    <LongMessage>Exception is caught when Exception is not thrown in org.jdom.input.SAXBuilder.build(InputSource)</LongMessage>
    <Class classname="org.jdom.input.SAXBuilder">
      <SourceLine classname="org.jdom.input.SAXBuilder" start="123" end="550" sourcefile="SAXBuilder.java" sourcepath="org/jdom/input/SAXBuilder.java">
        <Message>At SAXBuilder.java:[lines 123-550]</Message>
      </SourceLine>
      <Message>In class org.jdom.input.SAXBuilder</Message>
    </Class>
    <Method classname="org.jdom.input.SAXBuilder" name="build" signature="(Lorg/xml/sax/InputSource;)Lorg/jdom/Document;" isStatic="false">
      <SourceLine classname="org.jdom.input.SAXBuilder" start="258" end="412" startBytecode="0" endBytecode="1344" sourcefile="SAXBuilder.java" sourcepath="org/jdom/input/SAXBuilder.java"/>
      <Message>In method org.jdom.input.SAXBuilder.build(InputSource)</Message>
    </Method>
    <SourceLine classname="org.jdom.input.SAXBuilder" start="399" end="399" startBytecode="488" endBytecode="488" sourcefile="SAXBuilder.java" sourcepath="org/jdom/input/SAXBuilder.java">
      <Message>At SAXBuilder.java:[line 399]</Message>
    </SourceLine>
  </BugInstance>
  <BugInstance type="ES_COMPARING_PARAMETER_STRING_WITH_EQ" priority="2" abbrev="ES" category="BAD_PRACTICE" instanceHash="ae68e4dbbe0502667baa899f4582f209" instanceOccurrenceNum="0" instanceOccurrenceMax="0">
    <ShortMessage>Comparison of String parameter using == or !=</ShortMessage>
    <LongMessage>Comparison of String parameter using == or != in org.jdom.input.SAXHandler.startElement(String, String, String, Attributes) </LongMessage>
    <Class classname="org.jdom.input.SAXHandler">
      <SourceLine classname="org.jdom.input.SAXHandler" start="140" end="474" sourcefile="SAXHandler.java" sourcepath="org/jdom/input/SAXHandler.java">
        <Message>At SAXHandler.java:[lines 140-474]</Message>
      </SourceLine>
      <Message>In class org.jdom.input.SAXHandler</Message>
    </Class>
    <Method classname="org.jdom.input.SAXHandler" name="startElement" signature="(Ljava/lang/String;Ljava/lang/String;Ljava/lang/String;Lorg/xml/sax/Attributes;)V" isStatic="false">
      <SourceLine classname="org.jdom.input.SAXHandler" start="240" end="237" startBytecode="0" endBytecode="133" sourcefile="SAXHandler.java" sourcepath="org/jdom/input/SAXHandler.java"/>
      <Message>In method org.jdom.input.SAXHandler.startElement(String, String, String, Attributes)</Message>
    </Method>
    <Type descriptor="Ljava/lang/String;" role="TYPE_FOUND">
      <Message>Actual type java.lang.String</Message>
    </Type>
    <SourceLine classname="org.jdom.input.SAXHandler" start="246" end="246" startBytecode="22" endBytecode="22" sourcefile="SAXHandler.java" sourcepath="org/jdom/input/SAXHandler.java">
      <Message>At SAXHandler.java:[line 246]</Message>
    </SourceLine>
  </BugInstance>
  <BugInstance type="REC_CATCH_EXCEPTION" priority="3" abbrev="REC" category="STYLE" instanceHash="aa76480a94a5701991e9f88e1d2a34f2" instanceOccurrenceNum="0" instanceOccurrenceMax="0">
    <ShortMessage>Exception is caught when Exception is not thrown</ShortMessage>
    <LongMessage>Exception is caught when Exception is not thrown in org.jdom.output.DOMOutputter.output(Element, Document, NamespaceStack)</LongMessage>
    <Class classname="org.jdom.output.DOMOutputter">
      <SourceLine classname="org.jdom.output.DOMOutputter" start="97" end="441" sourcefile="DOMOutputter.java" sourcepath="org/jdom/output/DOMOutputter.java">
        <Message>At DOMOutputter.java:[lines 97-441]</Message>
      </SourceLine>
      <Message>In class org.jdom.output.DOMOutputter</Message>
    </Class>
    <Method classname="org.jdom.output.DOMOutputter" name="output" signature="(Lorg/jdom/Element;Lorg/w3c/dom/Document;Lorg/jdom/output/NamespaceStack;)Lorg/w3c/dom/Element;" isStatic="false">
      <SourceLine classname="org.jdom.output.DOMOutputter" start="265" end="388" startBytecode="0" endBytecode="1541" sourcefile="DOMOutputter.java" sourcepath="org/jdom/output/DOMOutputter.java"/>
      <Message>In method org.jdom.output.DOMOutputter.output(Element, Document, NamespaceStack)</Message>
    </Method>
    <SourceLine classname="org.jdom.output.DOMOutputter" start="387" end="387" startBytecode="715" endBytecode="715" sourcefile="DOMOutputter.java" sourcepath="org/jdom/output/DOMOutputter.java">
      <Message>At DOMOutputter.java:[line 387]</Message>
    </SourceLine>
  </BugInstance>
  <BugInstance type="URF_UNREAD_FIELD" priority="2" abbrev="UrF" category="PERFORMANCE" instanceHash="6a3bdff9ddfb7e6593b944325ca3e495" instanceOccurrenceNum="0" instanceOccurrenceMax="0">
    <ShortMessage>Unread field</ShortMessage>
    <LongMessage>Unread field: org.jdom.output.SAXOutputter.dtdHandler</LongMessage>
    <Class classname="org.jdom.output.SAXOutputter">
      <SourceLine classname="org.jdom.output.SAXOutputter" start="134" end="555" sourcefile="SAXOutputter.java" sourcepath="org/jdom/output/SAXOutputter.java">
        <Message>At SAXOutputter.java:[lines 134-555]</Message>
      </SourceLine>
      <Message>In class org.jdom.output.SAXOutputter</Message>
    </Class>
    <Field classname="org.jdom.output.SAXOutputter" name="dtdHandler" signature="Lorg/xml/sax/DTDHandler;" isStatic="false">
      <SourceLine classname="org.jdom.output.SAXOutputter" sourcefile="SAXOutputter.java" sourcepath="org/jdom/output/SAXOutputter.java">
        <Message>In SAXOutputter.java</Message>
      </SourceLine>
      <Message>Field org.jdom.output.SAXOutputter.dtdHandler</Message>
    </Field>
    <SourceLine classname="org.jdom.output.SAXOutputter" start="156" end="156" startBytecode="16" endBytecode="16" sourcefile="SAXOutputter.java" sourcepath="org/jdom/output/SAXOutputter.java">
      <Message>At SAXOutputter.java:[line 156]</Message>
    </SourceLine>
  </BugInstance>
  <BugInstance type="URF_UNREAD_FIELD" priority="2" abbrev="UrF" category="PERFORMANCE" instanceHash="928e5105aa8c23e5130a5b58451779c7" instanceOccurrenceNum="0" instanceOccurrenceMax="0">
    <ShortMessage>Unread field</ShortMessage>
    <LongMessage>Unread field: org.jdom.output.SAXOutputter.errorHandler</LongMessage>
    <Class classname="org.jdom.output.SAXOutputter">
      <SourceLine classname="org.jdom.output.SAXOutputter" start="134" end="555" sourcefile="SAXOutputter.java" sourcepath="org/jdom/output/SAXOutputter.java">
        <Message>At SAXOutputter.java:[lines 134-555]</Message>
      </SourceLine>
      <Message>In class org.jdom.output.SAXOutputter</Message>
    </Class>
    <Field classname="org.jdom.output.SAXOutputter" name="errorHandler" signature="Lorg/xml/sax/ErrorHandler;" isStatic="false">
      <SourceLine classname="org.jdom.output.SAXOutputter" sourcefile="SAXOutputter.java" sourcepath="org/jdom/output/SAXOutputter.java">
        <Message>In SAXOutputter.java</Message>
      </SourceLine>
      <Message>Field org.jdom.output.SAXOutputter.errorHandler</Message>
    </Field>
    <SourceLine classname="org.jdom.output.SAXOutputter" start="155" end="155" startBytecode="11" endBytecode="11" sourcefile="SAXOutputter.java" sourcepath="org/jdom/output/SAXOutputter.java">
      <Message>At SAXOutputter.java:[line 155]</Message>
    </SourceLine>
  </BugInstance>
  <BugInstance type="CN_IDIOM" priority="2" abbrev="CN" category="BAD_PRACTICE" instanceHash="35c55207c8c05be81566001e90e00628" instanceOccurrenceNum="0" instanceOccurrenceMax="0">
    <ShortMessage>Class implements Cloneable but does not define or use clone method</ShortMessage>
    <LongMessage>Class org.jdom.output.XMLOutputter implements Cloneable but does not define or use clone method</LongMessage>
    <Class classname="org.jdom.output.XMLOutputter">
      <SourceLine classname="org.jdom.output.XMLOutputter" start="129" end="1363" sourcefile="XMLOutputter.java" sourcepath="org/jdom/output/XMLOutputter.java">
        <Message>At XMLOutputter.java:[lines 129-1363]</Message>
      </SourceLine>
      <Message>In class org.jdom.output.XMLOutputter</Message>
    </Class>
    <SourceLine classname="org.jdom.output.XMLOutputter" start="129" end="1363" sourcefile="XMLOutputter.java" sourcepath="org/jdom/output/XMLOutputter.java" synthetic="true">
      <Message>At XMLOutputter.java:[lines 129-1363]</Message>
    </SourceLine>
  </BugInstance>
  <BugInstance type="DLS_DEAD_LOCAL_STORE" priority="1" abbrev="DLS" category="STYLE" instanceHash="9575b5c2136f46021cded47b97bd2f46" instanceOccurrenceNum="0" instanceOccurrenceMax="0">
    <ShortMessage>Dead store to local variable</ShortMessage>
    <LongMessage>Dead store to prefixes in org.jdom.output.XMLOutputter.printAttributes(List, Element, Writer, NamespaceStack)</LongMessage>
    <Class classname="org.jdom.output.XMLOutputter">
      <SourceLine classname="org.jdom.output.XMLOutputter" start="129" end="1363" sourcefile="XMLOutputter.java" sourcepath="org/jdom/output/XMLOutputter.java">
        <Message>At XMLOutputter.java:[lines 129-1363]</Message>
      </SourceLine>
      <Message>In class org.jdom.output.XMLOutputter</Message>
    </Class>
    <Method classname="org.jdom.output.XMLOutputter" name="printAttributes" signature="(Ljava/util/List;Lorg/jdom/Element;Ljava/io/Writer;Lorg/jdom/output/NamespaceStack;)V" isStatic="false">
      <SourceLine classname="org.jdom.output.XMLOutputter" start="1178" end="1170" startBytecode="0" endBytecode="65" sourcefile="XMLOutputter.java" sourcepath="org/jdom/output/XMLOutputter.java"/>
      <Message>In method org.jdom.output.XMLOutputter.printAttributes(List, Element, Writer, NamespaceStack)</Message>
    </Method>
    <LocalVariable name="prefixes" register="5" pc="9" role="LOCAL_VARIABLE_NAMED">
      <Message>Local variable named prefixes</Message>
    </LocalVariable>
    <SourceLine classname="org.jdom.output.XMLOutputter" start="1178" end="1178" startBytecode="7" endBytecode="7" sourcefile="XMLOutputter.java" sourcepath="org/jdom/output/XMLOutputter.java">
      <Message>At XMLOutputter.java:[line 1178]</Message>
    </SourceLine>
  </BugInstance>
  <BugCategory category="CORRECTNESS">
    <Description>Correctness</Description>
  </BugCategory>
  <BugCategory category="PERFORMANCE">
    <Description>Performance</Description>
  </BugCategory>
  <BugCategory category="I18N">
    <Description>Internationalization</Description>
  </BugCategory>
  <BugCategory category="BAD_PRACTICE">
    <Description>Bad practice</Description>
  </BugCategory>
  <BugCategory category="STYLE">
    <Description>Dodgy</Description>
  </BugCategory>
  <BugPattern type="SIC_INNER_SHOULD_BE_STATIC_NEEDS_THIS" abbrev="SIC" category="PERFORMANCE">
    <ShortDescription>Could be refactored into a static inner class</ShortDescription>
    <Details><![CDATA[

  <p> This class is an inner class, but does not use its embedded reference
  to the object which created it except during construction of the
inner object.&nbsp; This reference makes the instances
  of the class larger, and may keep the reference to the creator object
  alive longer than necessary.&nbsp; If possible, the class should be
  made into a <em>static</em> inner class. Since the reference to the
   outer object is required during construction of the inner instance,
   the inner class will need to be refactored so as to
   pass  a reference to the outer instance to the constructor
   for the inner class.</p>

    ]]></Details>
  </BugPattern>
  <BugPattern type="NP_NULL_PARAM_DEREF" abbrev="NP" category="CORRECTNESS">
    <ShortDescription>Method call passes null for unconditionally dereferenced parameter</ShortDescription>
    <Details><![CDATA[
      
      <p>
      This method call passes a null value to a method which might
      dereference it unconditionally.
      </p>
      
   ]]></Details>
  </BugPattern>
  <BugPattern type="CN_IDIOM" abbrev="CN" category="BAD_PRACTICE">
    <ShortDescription>Class implements Cloneable but does not define or use clone method</ShortDescription>
    <Details><![CDATA[

<p>
   Class implements Cloneable but does not define or
   use the clone method.</p>

    ]]></Details>
  </BugPattern>
  <BugPattern type="DM_EXIT" abbrev="Dm" category="BAD_PRACTICE">
    <ShortDescription>Method invokes System.exit(...)</ShortDescription>
    <Details><![CDATA[

  <p> Invoking System.exit shuts down the entire Java virtual machine. This
   should only been done when it is appropriate. Such calls make it
   hard or impossible for your code to be invoked by other code.
   Consider throwing a RuntimeException instead.</p>

    ]]></Details>
  </BugPattern>
  <BugPattern type="SIC_INNER_SHOULD_BE_STATIC" abbrev="SIC" category="PERFORMANCE">
    <ShortDescription>Should be a static inner class</ShortDescription>
    <Details><![CDATA[

  <p> This class is an inner class, but does not use its embedded reference
  to the object which created it.&nbsp; This reference makes the instances
  of the class larger, and may keep the reference to the creator object
  alive longer than necessary.&nbsp; If possible, the class should be
   made static.
</p>

    ]]></Details>
  </BugPattern>
  <BugPattern type="ES_COMPARING_PARAMETER_STRING_WITH_EQ" abbrev="ES" category="BAD_PRACTICE">
    <ShortDescription>Comparison of String parameter using == or !=</ShortDescription>
    <Details><![CDATA[

  <p>This code compares a <code>java.lang.String</code> parameter for reference
equality using the == or != operators. Requiring callers to 
pass only String constants or interned strings to a method is unnecessarily
fragile, and rarely leads to measurable performance gains. Consider
using the <code>equals(Object)</code> method instead.</p>

    ]]></Details>
  </BugPattern>
  <BugPattern type="DLS_DEAD_LOCAL_STORE" abbrev="DLS" category="STYLE">
    <ShortDescription>Dead store to local variable</ShortDescription>
    <Details><![CDATA[

<p>
This instruction assigns a value to a local variable,
but the value is not read by any subsequent instruction.
Often, this indicates an error, because the value computed
is never used.
</p>
<p>
Note that Sun's javac compiler often generates dead stores for
final local variables.  Because FindBugs is a bytecode-based tool,
there is no easy way to eliminate these false positives.
</p>

    ]]></Details>
  </BugPattern>
  <BugPattern type="URF_UNREAD_FIELD" abbrev="UrF" category="PERFORMANCE">
    <ShortDescription>Unread field</ShortDescription>
    <Details><![CDATA[

  <p> This field is never read.&nbsp; Consider removing it from the class.</p>

    ]]></Details>
  </BugPattern>
  <BugPattern type="ISC_INSTANTIATE_STATIC_CLASS" abbrev="ISC" category="BAD_PRACTICE">
    <ShortDescription>Needless instantiation of class that only supplies static methods</ShortDescription>
    <Details><![CDATA[

<p> This class allocates an object that is based on a class that only supplies static methods. This object
does not need to be created, just access the static methods directly using the class name as a qualifier.</p>

        ]]></Details>
  </BugPattern>
  <BugPattern type="WMI_WRONG_MAP_ITERATOR" abbrev="WMI" category="PERFORMANCE">
    <ShortDescription>Inefficient use of keySet iterator instead of entrySet iterator</ShortDescription>
    <Details><![CDATA[

<p> This method accesses the value of a Map entry, using a key that was retrieved from
a keySet iterator. It is more efficient to use an iterator on the entrySet of the map, to avoid the
Map.get(key) lookup.</p>

        ]]></Details>
  </BugPattern>
  <BugPattern type="SE_NO_SERIALVERSIONID" abbrev="SnVI" category="BAD_PRACTICE">
    <ShortDescription>Class is Serializable, but doesn't define serialVersionUID</ShortDescription>
    <Details><![CDATA[

  <p> This class implements the <code>Serializable</code> interface, but does
  not define a <code>serialVersionUID</code> field.&nbsp;
  A change as simple as adding a reference to a .class object
    will add synthetic fields to the class,
   which will unfortunately change the implicit
   serialVersionUID (e.g., adding a reference to <code>String.class</code>
   will generate a static field <code>class$java$lang$String</code>).
   Also, different source code to bytecode compilers may use different
   naming conventions for synthetic variables generated for
   references to class objects or inner classes.
   To ensure interoperability of Serializable across versions,
   consider adding an explicit serialVersionUID.</p>

    ]]></Details>
  </BugPattern>
  <BugPattern type="REC_CATCH_EXCEPTION" abbrev="REC" category="STYLE">
    <ShortDescription>Exception is caught when Exception is not thrown</ShortDescription>
    <Details><![CDATA[
  
  <p>
  This method uses a try-catch block that catches Exception objects, but Exception is not
  thrown within the try block, and RuntimeException is not explicitly caught.  It is a common bug pattern to
  say try { ... } catch (Exception e) { something } as a shorthand for catching a number of types of exception
  each of whose catch blocks is identical, but this construct also accidentally catches RuntimeException as well,
  masking potential bugs.
  </p>
  
     ]]></Details>
  </BugPattern>
  <BugPattern type="DM_CONVERT_CASE" abbrev="Dm" category="I18N">
    <ShortDescription>Consider using Locale parameterized version of invoked method</ShortDescription>
    <Details><![CDATA[

  <p> A String is being converted to upper or lowercase, using the platform's default encoding. This may
      result in improper conversions when used with international characters. Use the </p>
      <table><tr><td>String.toUpperCase( Locale l )</td></tr><tr><td>String.toLowerCase( Locale l )</td></tr></table>
      <p>versions instead.</p>

    ]]></Details>
  </BugPattern>
  <BugCode abbrev="UrF">
    <Description>Unread field</Description>
  </BugCode>
  <BugCode abbrev="REC">
    <Description>RuntimeException capture</Description>
  </BugCode>
  <BugCode abbrev="CN">
    <Description>Bad implementation of cloneable idiom</Description>
  </BugCode>
  <BugCode abbrev="NP">
    <Description>Null pointer dereference</Description>
  </BugCode>
  <BugCode abbrev="WMI">
    <Description>Wrong Map Iterator</Description>
  </BugCode>
  <BugCode abbrev="SnVI">
    <Description>Serializable class with no Version ID</Description>
  </BugCode>
  <BugCode abbrev="ES">
    <Description>Checking String equality using == or !=</Description>
  </BugCode>
  <BugCode abbrev="Dm">
    <Description>Dubious method used</Description>
  </BugCode>
  <BugCode abbrev="ISC">
    <Description>Instantiated Static Class</Description>
  </BugCode>
  <BugCode abbrev="SIC">
    <Description>Inner class could be made static</Description>
  </BugCode>
  <BugCode abbrev="DLS">
    <Description>Dead local store</Description>
  </BugCode>
  <Errors></Errors>
  <FindBugsSummary timestamp="Tue, 16 Sep 2008 23:04:18 -0400" total_classes="37" total_bugs="24" total_size="4236" num_packages="5" cpu_seconds="12.58" clock_seconds="12.72" peak_mbytes="147.14" gc_seconds="1.95" priority_3="12" priority_2="9" priority_1="3">
    <PackageStats package="" total_bugs="4" total_types="3" total_size="82" priority_3="2" priority_2="2">
      <ClassStats class="JDOMEasterEgg" sourceFile="JDOMEasterEgg.java" interface="false" size="29" bugs="1" priority_3="1"/>
      <ClassStats class="JDOMEasterEgg$Author" sourceFile="JDOMEasterEgg.java" interface="false" size="7" bugs="1" priority_2="1"/>
      <ClassStats class="JDOMEasterEgg$Info" sourceFile="JDOMEasterEgg.java" interface="false" size="46" bugs="2" priority_3="1" priority_2="1"/>
    </PackageStats>
    <PackageStats package="org.jdom" total_bugs="12" total_types="17" total_size="2479" priority_3="9" priority_2="2" priority_1="1">
      <ClassStats class="org.jdom.Attribute" sourceFile="Attribute.java" interface="false" size="124" bugs="1" priority_2="1"/>
      <ClassStats class="org.jdom.CDATA" sourceFile="CDATA.java" interface="false" size="36" bugs="1" priority_3="1"/>
      <ClassStats class="org.jdom.Comment" sourceFile="Comment.java" interface="false" size="63" bugs="1" priority_3="1"/>
      <ClassStats class="org.jdom.DataConversionException" sourceFile="DataConversionException.java" interface="false" size="9" bugs="0"/>
      <ClassStats class="org.jdom.DocType" sourceFile="DocType.java" interface="false" size="63" bugs="1" priority_3="1"/>
      <ClassStats class="org.jdom.Document" sourceFile="Document.java" interface="false" size="185" bugs="1" priority_3="1"/>
      <ClassStats class="org.jdom.Element" sourceFile="Element.java" interface="false" size="554" bugs="1" priority_1="1"/>
      <ClassStats class="org.jdom.Entity" sourceFile="Entity.java" interface="false" size="125" bugs="1" priority_3="1"/>
      <ClassStats class="org.jdom.IllegalAddException" sourceFile="IllegalAddException.java" interface="false" size="78" bugs="0"/>
      <ClassStats class="org.jdom.IllegalDataException" sourceFile="IllegalDataException.java" interface="false" size="21" bugs="0"/>
      <ClassStats class="org.jdom.IllegalNameException" sourceFile="IllegalNameException.java" interface="false" size="21" bugs="0"/>
      <ClassStats class="org.jdom.IllegalTargetException" sourceFile="IllegalTargetException.java" interface="false" size="17" bugs="0"/>
      <ClassStats class="org.jdom.JDOMException" sourceFile="JDOMException.java" interface="false" size="36" bugs="0"/>
      <ClassStats class="org.jdom.Namespace" sourceFile="Namespace.java" interface="false" size="72" bugs="0"/>
      <ClassStats class="org.jdom.PartialList" sourceFile="PartialList.java" interface="false" size="103" bugs="1" priority_3="1"/>
      <ClassStats class="org.jdom.ProcessingInstruction" sourceFile="ProcessingInstruction.java" interface="false" size="156" bugs="3" priority_3="2" priority_2="1"/>
      <ClassStats class="org.jdom.Verifier" sourceFile="Verifier.java" interface="false" size="816" bugs="1" priority_3="1"/>
    </PackageStats>
    <PackageStats package="org.jdom.adapters" total_bugs="0" total_types="9" total_size="321">
      <ClassStats class="org.jdom.adapters.AbstractDOMAdapter" sourceFile="AbstractDOMAdapter.java" interface="false" size="18" bugs="0"/>
      <ClassStats class="org.jdom.adapters.CrimsonDOMAdapter" sourceFile="CrimsonDOMAdapter.java" interface="false" size="36" bugs="0"/>
      <ClassStats class="org.jdom.adapters.DOMAdapter" sourceFile="DOMAdapter.java" interface="true" size="5" bugs="0"/>
      <ClassStats class="org.jdom.adapters.JAXPDOMAdapter" sourceFile="JAXPDOMAdapter.java" interface="false" size="52" bugs="0"/>
      <ClassStats class="org.jdom.adapters.OracleV1DOMAdapter" sourceFile="OracleV1DOMAdapter.java" interface="false" size="35" bugs="0"/>
      <ClassStats class="org.jdom.adapters.OracleV2DOMAdapter" sourceFile="OracleV2DOMAdapter.java" interface="false" size="35" bugs="0"/>
      <ClassStats class="org.jdom.adapters.ProjectXDOMAdapter" sourceFile="ProjectXDOMAdapter.java" interface="false" size="36" bugs="0"/>
      <ClassStats class="org.jdom.adapters.XML4JDOMAdapter" sourceFile="XML4JDOMAdapter.java" interface="false" size="50" bugs="0"/>
      <ClassStats class="org.jdom.adapters.XercesDOMAdapter" sourceFile="XercesDOMAdapter.java" interface="false" size="54" bugs="0"/>
    </PackageStats>
    <PackageStats package="org.jdom.input" total_bugs="3" total_types="4" total_size="469" priority_2="2" priority_1="1">
      <ClassStats class="org.jdom.input.BuilderErrorHandler" sourceFile="BuilderErrorHandler.java" interface="false" size="9" bugs="0"/>
      <ClassStats class="org.jdom.input.DOMBuilder" sourceFile="DOMBuilder.java" interface="false" size="159" bugs="1" priority_1="1"/>
      <ClassStats class="org.jdom.input.SAXBuilder" sourceFile="SAXBuilder.java" interface="false" size="162" bugs="1" priority_2="1"/>
      <ClassStats class="org.jdom.input.SAXHandler" sourceFile="SAXHandler.java" interface="false" size="139" bugs="1" priority_2="1"/>
    </PackageStats>
    <PackageStats package="org.jdom.output" total_bugs="5" total_types="4" total_size="885" priority_3="1" priority_2="3" priority_1="1">
      <ClassStats class="org.jdom.output.DOMOutputter" sourceFile="DOMOutputter.java" interface="false" size="184" bugs="1" priority_3="1"/>
      <ClassStats class="org.jdom.output.NamespaceStack" sourceFile="NamespaceStack.java" interface="false" size="28" bugs="0"/>
      <ClassStats class="org.jdom.output.SAXOutputter" sourceFile="SAXOutputter.java" interface="false" size="178" bugs="2" priority_2="2"/>
      <ClassStats class="org.jdom.output.XMLOutputter" sourceFile="XMLOutputter.java" interface="false" size="495" bugs="2" priority_2="1" priority_1="1"/>
    </PackageStats>
  </FindBugsSummary>
  <ClassFeatures></ClassFeatures>
  <History></History>
</BugCollection>
