<?xml version="1.0" encoding="UTF-8"?>

<BugCollection version="1.3.1" sequence="0" timestamp="1221621133031" analysisTimestamp="1221621147234" release="">
  <Project filename="&lt;&lt;unnamed project&gt;&gt;" projectName="">
    <Jar>C:\repository-workspace\jdom</Jar>
    <AuxClasspathEntry>C:\repository-workspace\jdom\lib\ant.jar</AuxClasspathEntry>
    <AuxClasspathEntry>C:\repository-workspace\jdom\lib\collections.jar</AuxClasspathEntry>
    <AuxClasspathEntry>C:\repository-workspace\jdom\lib\crimson.jar</AuxClasspathEntry>
    <AuxClasspathEntry>C:\repository-workspace\jdom\lib\jaxp.jar</AuxClasspathEntry>
    <AuxClasspathEntry>C:\repository-workspace\jdom\lib\xalan.jar</AuxClasspathEntry>
    <AuxClasspathEntry>C:\repository-workspace\jdom\lib\xerces.jar</AuxClasspathEntry>
  </Project>
  <BugInstance type="ISC_INSTANTIATE_STATIC_CLASS" priority="3" abbrev="ISC" category="BAD_PRACTICE" instanceHash="cb6b69e60a3c5504a84262d8311647dc" instanceOccurrenceNum="0" instanceOccurrenceMax="0">
    <ShortMessage>Needless instantiation of class that only supplies static methods</ShortMessage>
    <LongMessage>Method JDOMAbout.main(String[]) needlessly instantiates a class that only supplies static methods</LongMessage>
    <Class classname="JDOMAbout">
      <SourceLine classname="JDOMAbout" start="88" end="140" sourcefile="JDOMAbout.java" sourcepath="JDOMAbout.java">
        <Message>At JDOMAbout.java:[lines 88-140]</Message>
      </SourceLine>
      <Message>In class JDOMAbout</Message>
    </Class>
    <Method classname="JDOMAbout" name="main" signature="([Ljava/lang/String;)V" isStatic="true">
      <SourceLine classname="JDOMAbout" start="96" end="95" startBytecode="0" endBytecode="531" sourcefile="JDOMAbout.java" sourcepath="JDOMAbout.java"/>
      <Message>In method JDOMAbout.main(String[])</Message>
    </Method>
    <SourceLine classname="JDOMAbout" start="96" end="96" startBytecode="8" endBytecode="8" sourcefile="JDOMAbout.java" sourcepath="JDOMAbout.java">
      <Message>At JDOMAbout.java:[line 96]</Message>
    </SourceLine>
  </BugInstance>
  <BugInstance type="SIC_INNER_SHOULD_BE_STATIC" priority="2" abbrev="SIC" category="PERFORMANCE" instanceHash="35737e895a8b5035d435e07ffd26501f" instanceOccurrenceNum="0" instanceOccurrenceMax="0">
    <ShortMessage>Should be a static inner class</ShortMessage>
    <LongMessage>Should JDOMAbout$Author be a _static_ inner class?</LongMessage>
    <Class classname="JDOMAbout$Author">
      <SourceLine classname="JDOMAbout$Author" start="88" end="262" sourcefile="JDOMAbout.java" sourcepath="JDOMAbout.java">
        <Message>At JDOMAbout.java:[lines 88-262]</Message>
      </SourceLine>
      <Message>In class JDOMAbout$Author</Message>
    </Class>
    <SourceLine classname="JDOMAbout$Author" start="88" end="262" sourcefile="JDOMAbout.java" sourcepath="JDOMAbout.java" synthetic="true">
      <Message>At JDOMAbout.java:[lines 88-262]</Message>
    </SourceLine>
  </BugInstance>
  <BugInstance type="DM_EXIT" priority="2" abbrev="Dm" category="BAD_PRACTICE" instanceHash="e82b29d9bf9385bf5ccbc0674eef4e4b" instanceOccurrenceNum="0" instanceOccurrenceMax="0">
    <ShortMessage>Method invokes System.exit(...)</ShortMessage>
    <LongMessage>new JDOMAbout$Info(JDOMAbout) invokes System.exit(...), which shuts down the entire virtual machine</LongMessage>
    <Class classname="JDOMAbout$Info">
      <SourceLine classname="JDOMAbout$Info" start="88" end="252" sourcefile="JDOMAbout.java" sourcepath="JDOMAbout.java">
        <Message>At JDOMAbout.java:[lines 88-252]</Message>
      </SourceLine>
      <Message>In class JDOMAbout$Info</Message>
    </Class>
    <Method classname="JDOMAbout$Info" name="&lt;init&gt;" signature="(LJDOMAbout;)V" isStatic="false">
      <SourceLine classname="JDOMAbout$Info" start="195" end="195" startBytecode="0" endBytecode="676" sourcefile="JDOMAbout.java" sourcepath="JDOMAbout.java"/>
      <Message>In method new JDOMAbout$Info(JDOMAbout)</Message>
    </Method>
    <SourceLine classname="JDOMAbout$Info" start="217" end="217" startBytecode="61" endBytecode="61" sourcefile="JDOMAbout.java" sourcepath="JDOMAbout.java">
      <Message>At JDOMAbout.java:[line 217]</Message>
    </SourceLine>
  </BugInstance>
  <BugInstance type="SIC_INNER_SHOULD_BE_STATIC_NEEDS_THIS" priority="3" abbrev="SIC" category="PERFORMANCE" instanceHash="dfd6ca0912db05bd12169ee417674bc2" instanceOccurrenceNum="0" instanceOccurrenceMax="0">
    <ShortMessage>Could be refactored into a static inner class</ShortMessage>
    <LongMessage>The class JDOMAbout$Info could be refactored into a _static_ inner class</LongMessage>
    <Class classname="JDOMAbout$Info">
      <SourceLine classname="JDOMAbout$Info" start="88" end="252" sourcefile="JDOMAbout.java" sourcepath="JDOMAbout.java">
        <Message>At JDOMAbout.java:[lines 88-252]</Message>
      </SourceLine>
      <Message>In class JDOMAbout$Info</Message>
    </Class>
    <SourceLine classname="JDOMAbout$Info" start="88" end="252" sourcefile="JDOMAbout.java" sourcepath="JDOMAbout.java" synthetic="true">
      <Message>At JDOMAbout.java:[lines 88-252]</Message>
    </SourceLine>
  </BugInstance>
  <BugInstance type="SE_NO_SERIALVERSIONID" priority="2" abbrev="SnVI" category="BAD_PRACTICE" instanceHash="aca724796ce8b31bcefa26fd6b0f015b" instanceOccurrenceNum="0" instanceOccurrenceMax="0">
    <ShortMessage>Class is Serializable, but doesn't define serialVersionUID</ShortMessage>
    <LongMessage>org.jdom.Attribute is Serializable; consider declaring a serialVersionUID</LongMessage>
    <Class classname="org.jdom.Attribute">
      <SourceLine classname="org.jdom.Attribute" start="100" end="608" sourcefile="Attribute.java" sourcepath="org/jdom/Attribute.java">
        <Message>At Attribute.java:[lines 100-608]</Message>
      </SourceLine>
      <Message>In class org.jdom.Attribute</Message>
    </Class>
    <SourceLine classname="org.jdom.Attribute" start="100" end="608" sourcefile="Attribute.java" sourcepath="org/jdom/Attribute.java" synthetic="true">
      <Message>At Attribute.java:[lines 100-608]</Message>
    </SourceLine>
  </BugInstance>
  <BugInstance type="SE_NO_SERIALVERSIONID" priority="3" abbrev="SnVI" category="BAD_PRACTICE" instanceHash="f99e70c1c009f1ab612f662adee080cd" instanceOccurrenceNum="0" instanceOccurrenceMax="0">
    <ShortMessage>Class is Serializable, but doesn't define serialVersionUID</ShortMessage>
    <LongMessage>org.jdom.CDATA is Serializable; consider declaring a serialVersionUID</LongMessage>
    <Class classname="org.jdom.CDATA">
      <SourceLine classname="org.jdom.CDATA" start="87" end="203" sourcefile="CDATA.java" sourcepath="org/jdom/CDATA.java">
        <Message>At CDATA.java:[lines 87-203]</Message>
      </SourceLine>
      <Message>In class org.jdom.CDATA</Message>
    </Class>
    <SourceLine classname="org.jdom.CDATA" start="87" end="203" sourcefile="CDATA.java" sourcepath="org/jdom/CDATA.java" synthetic="true">
      <Message>At CDATA.java:[lines 87-203]</Message>
    </SourceLine>
  </BugInstance>
  <BugInstance type="SE_NO_SERIALVERSIONID" priority="3" abbrev="SnVI" category="BAD_PRACTICE" instanceHash="f0f57d3667e308f6958e2d010b6ac31d" instanceOccurrenceNum="0" instanceOccurrenceMax="0">
    <ShortMessage>Class is Serializable, but doesn't define serialVersionUID</ShortMessage>
    <LongMessage>org.jdom.Comment is Serializable; consider declaring a serialVersionUID</LongMessage>
    <Class classname="org.jdom.Comment">
      <SourceLine classname="org.jdom.Comment" start="94" end="311" sourcefile="Comment.java" sourcepath="org/jdom/Comment.java">
        <Message>At Comment.java:[lines 94-311]</Message>
      </SourceLine>
      <Message>In class org.jdom.Comment</Message>
    </Class>
    <SourceLine classname="org.jdom.Comment" start="94" end="311" sourcefile="Comment.java" sourcepath="org/jdom/Comment.java" synthetic="true">
      <Message>At Comment.java:[lines 94-311]</Message>
    </SourceLine>
  </BugInstance>
  <BugInstance type="NP_NULL_ON_SOME_PATH" priority="2" abbrev="NP" category="CORRECTNESS" instanceHash="df9c6b47f158daf32c2c3fa97d7c5493" instanceOccurrenceNum="0" instanceOccurrenceMax="0">
    <ShortMessage>Possible null pointer dereference</ShortMessage>
    <LongMessage>Possible null pointer dereference of s1 in org.jdom.DocType.stringEquals(String, String)</LongMessage>
    <Class classname="org.jdom.DocType">
      <SourceLine classname="org.jdom.DocType" start="93" end="364" sourcefile="DocType.java" sourcepath="org/jdom/DocType.java">
        <Message>At DocType.java:[lines 93-364]</Message>
      </SourceLine>
      <Message>In class org.jdom.DocType</Message>
    </Class>
    <Method classname="org.jdom.DocType" name="stringEquals" signature="(Ljava/lang/String;Ljava/lang/String;)Z" isStatic="false">
      <SourceLine classname="org.jdom.DocType" start="282" end="290" startBytecode="0" endBytecode="103" sourcefile="DocType.java" sourcepath="org/jdom/DocType.java"/>
      <Message>In method org.jdom.DocType.stringEquals(String, String)</Message>
    </Method>
    <LocalVariable name="s1" register="1" pc="21" role="LOCAL_VARIABLE_NAMED">
      <Message>Local variable named s1</Message>
    </LocalVariable>
    <SourceLine classname="org.jdom.DocType" start="290" end="290" startBytecode="22" endBytecode="22" sourcefile="DocType.java" sourcepath="org/jdom/DocType.java" role="SOURCE_LINE_DEREF">
      <Message>Dereferenced at DocType.java:[line 290]</Message>
    </SourceLine>
    <SourceLine classname="org.jdom.DocType" start="285" end="285" startBytecode="15" endBytecode="15" sourcefile="DocType.java" sourcepath="org/jdom/DocType.java" role="SOURCE_LINE_KNOWN_NULL">
      <Message>Known null at DocType.java:[line 285]</Message>
    </SourceLine>
  </BugInstance>
  <BugInstance type="SE_NO_SERIALVERSIONID" priority="3" abbrev="SnVI" category="BAD_PRACTICE" instanceHash="abca8dea2aa8e10a30612bc38e5a182a" instanceOccurrenceNum="0" instanceOccurrenceMax="0">
    <ShortMessage>Class is Serializable, but doesn't define serialVersionUID</ShortMessage>
    <LongMessage>org.jdom.DocType is Serializable; consider declaring a serialVersionUID</LongMessage>
    <Class classname="org.jdom.DocType">
      <SourceLine classname="org.jdom.DocType" start="93" end="364" sourcefile="DocType.java" sourcepath="org/jdom/DocType.java">
        <Message>At DocType.java:[lines 93-364]</Message>
      </SourceLine>
      <Message>In class org.jdom.DocType</Message>
    </Class>
    <SourceLine classname="org.jdom.DocType" start="93" end="364" sourcefile="DocType.java" sourcepath="org/jdom/DocType.java" synthetic="true">
      <Message>At DocType.java:[lines 93-364]</Message>
    </SourceLine>
  </BugInstance>
  <BugInstance type="SE_NO_SERIALVERSIONID" priority="3" abbrev="SnVI" category="BAD_PRACTICE" instanceHash="91956ff6b2d77906ee3f6bef2897b8c" instanceOccurrenceNum="0" instanceOccurrenceMax="0">
    <ShortMessage>Class is Serializable, but doesn't define serialVersionUID</ShortMessage>
    <LongMessage>org.jdom.Document is Serializable; consider declaring a serialVersionUID</LongMessage>
    <Class classname="org.jdom.Document">
      <SourceLine classname="org.jdom.Document" start="86" end="782" sourcefile="Document.java" sourcepath="org/jdom/Document.java">
        <Message>At Document.java:[lines 86-782]</Message>
      </SourceLine>
      <Message>In class org.jdom.Document</Message>
    </Class>
    <SourceLine classname="org.jdom.Document" start="86" end="782" sourcefile="Document.java" sourcepath="org/jdom/Document.java" synthetic="true">
      <Message>At Document.java:[lines 86-782]</Message>
    </SourceLine>
  </BugInstance>
  <BugInstance type="SE_NO_SERIALVERSIONID" priority="2" abbrev="SnVI" category="BAD_PRACTICE" instanceHash="f50a8d94b5633528295e0de48abbf7a4" instanceOccurrenceNum="0" instanceOccurrenceMax="0">
    <ShortMessage>Class is Serializable, but doesn't define serialVersionUID</ShortMessage>
    <LongMessage>org.jdom.Element is Serializable; consider declaring a serialVersionUID</LongMessage>
    <Class classname="org.jdom.Element">
      <SourceLine classname="org.jdom.Element" start="127" end="2101" sourcefile="Element.java" sourcepath="org/jdom/Element.java">
        <Message>At Element.java:[lines 127-2101]</Message>
      </SourceLine>
      <Message>In class org.jdom.Element</Message>
    </Class>
    <SourceLine classname="org.jdom.Element" start="127" end="2101" sourcefile="Element.java" sourcepath="org/jdom/Element.java" synthetic="true">
      <Message>At Element.java:[lines 127-2101]</Message>
    </SourceLine>
  </BugInstance>
  <BugInstance type="SE_NO_SERIALVERSIONID" priority="3" abbrev="SnVI" category="BAD_PRACTICE" instanceHash="516c54b825aa67a97e8f54e2411dfe4e" instanceOccurrenceNum="0" instanceOccurrenceMax="0">
    <ShortMessage>Class is Serializable, but doesn't define serialVersionUID</ShortMessage>
    <LongMessage>org.jdom.EntityRef is Serializable; consider declaring a serialVersionUID</LongMessage>
    <Class classname="org.jdom.EntityRef">
      <SourceLine classname="org.jdom.EntityRef" start="95" end="330" sourcefile="EntityRef.java" sourcepath="org/jdom/EntityRef.java">
        <Message>At EntityRef.java:[lines 95-330]</Message>
      </SourceLine>
      <Message>In class org.jdom.EntityRef</Message>
    </Class>
    <SourceLine classname="org.jdom.EntityRef" start="95" end="330" sourcefile="EntityRef.java" sourcepath="org/jdom/EntityRef.java" synthetic="true">
      <Message>At EntityRef.java:[lines 95-330]</Message>
    </SourceLine>
  </BugInstance>
  <BugInstance type="SE_NO_SERIALVERSIONID" priority="3" abbrev="SnVI" category="BAD_PRACTICE" instanceHash="508f1d975925e3a09112f7b1e806b2b2" instanceOccurrenceNum="0" instanceOccurrenceMax="0">
    <ShortMessage>Class is Serializable, but doesn't define serialVersionUID</ShortMessage>
    <LongMessage>org.jdom.PartialList is Serializable; consider declaring a serialVersionUID</LongMessage>
    <Class classname="org.jdom.PartialList">
      <SourceLine classname="org.jdom.PartialList" start="99" end="399" sourcefile="PartialList.java" sourcepath="org/jdom/PartialList.java">
        <Message>At PartialList.java:[lines 99-399]</Message>
      </SourceLine>
      <Message>In class org.jdom.PartialList</Message>
    </Class>
    <SourceLine classname="org.jdom.PartialList" start="99" end="399" sourcefile="PartialList.java" sourcepath="org/jdom/PartialList.java" synthetic="true">
      <Message>At PartialList.java:[lines 99-399]</Message>
    </SourceLine>
  </BugInstance>
  <BugInstance type="DLS_DEAD_LOCAL_STORE" priority="3" abbrev="DLS" category="STYLE" instanceHash="55142975c99efc5f125e76e739869625" instanceOccurrenceNum="0" instanceOccurrenceMax="0">
    <ShortMessage>Dead store to local variable</ShortMessage>
    <LongMessage>Dead store to inQuotes in org.jdom.ProcessingInstruction.extractQuotedString(String)</LongMessage>
    <Class classname="org.jdom.ProcessingInstruction">
      <SourceLine classname="org.jdom.ProcessingInstruction" start="106" end="607" sourcefile="ProcessingInstruction.java" sourcepath="org/jdom/ProcessingInstruction.java">
        <Message>At ProcessingInstruction.java:[lines 106-607]</Message>
      </SourceLine>
      <Message>In class org.jdom.ProcessingInstruction</Message>
    </Class>
    <Method classname="org.jdom.ProcessingInstruction" name="extractQuotedString" signature="(Ljava/lang/String;)Ljava/lang/String;" isStatic="false">
      <SourceLine classname="org.jdom.ProcessingInstruction" start="464" end="496" startBytecode="0" endBytecode="46" sourcefile="ProcessingInstruction.java" sourcepath="org/jdom/ProcessingInstruction.java"/>
      <Message>In method org.jdom.ProcessingInstruction.extractQuotedString(String)</Message>
    </Method>
    <LocalVariable name="inQuotes" register="2" pc="62" role="LOCAL_VARIABLE_NAMED">
      <Message>Local variable named inQuotes</Message>
    </LocalVariable>
    <SourceLine classname="org.jdom.ProcessingInstruction" start="486" end="486" startBytecode="61" endBytecode="61" sourcefile="ProcessingInstruction.java" sourcepath="org/jdom/ProcessingInstruction.java">
      <Message>At ProcessingInstruction.java:[line 486]</Message>
    </SourceLine>
  </BugInstance>
  <BugInstance type="SE_NO_SERIALVERSIONID" priority="3" abbrev="SnVI" category="BAD_PRACTICE" instanceHash="5d22320d1c2d5a09929a422d301793e9" instanceOccurrenceNum="0" instanceOccurrenceMax="0">
    <ShortMessage>Class is Serializable, but doesn't define serialVersionUID</ShortMessage>
    <LongMessage>org.jdom.ProcessingInstruction is Serializable; consider declaring a serialVersionUID</LongMessage>
    <Class classname="org.jdom.ProcessingInstruction">
      <SourceLine classname="org.jdom.ProcessingInstruction" start="106" end="607" sourcefile="ProcessingInstruction.java" sourcepath="org/jdom/ProcessingInstruction.java">
        <Message>At ProcessingInstruction.java:[lines 106-607]</Message>
      </SourceLine>
      <Message>In class org.jdom.ProcessingInstruction</Message>
    </Class>
    <SourceLine classname="org.jdom.ProcessingInstruction" start="106" end="607" sourcefile="ProcessingInstruction.java" sourcepath="org/jdom/ProcessingInstruction.java" synthetic="true">
      <Message>At ProcessingInstruction.java:[lines 106-607]</Message>
    </SourceLine>
  </BugInstance>
  <BugInstance type="WMI_WRONG_MAP_ITERATOR" priority="2" abbrev="WMI" category="PERFORMANCE" instanceHash="e3b6ff376936165b61aaa8e075676e88" instanceOccurrenceNum="0" instanceOccurrenceMax="0">
    <ShortMessage>Inefficient use of keySet iterator instead of entrySet iterator</ShortMessage>
    <LongMessage>Method org.jdom.ProcessingInstruction.toString(Map) makes inefficient use of keySet iterator instead of entrySet iterator</LongMessage>
    <Class classname="org.jdom.ProcessingInstruction">
      <SourceLine classname="org.jdom.ProcessingInstruction" start="106" end="607" sourcefile="ProcessingInstruction.java" sourcepath="org/jdom/ProcessingInstruction.java">
        <Message>At ProcessingInstruction.java:[lines 106-607]</Message>
      </SourceLine>
      <Message>In class org.jdom.ProcessingInstruction</Message>
    </Class>
    <Method classname="org.jdom.ProcessingInstruction" name="toString" signature="(Ljava/util/Map;)Ljava/lang/String;" isStatic="false">
      <SourceLine classname="org.jdom.ProcessingInstruction" start="351" end="365" startBytecode="0" endBytecode="228" sourcefile="ProcessingInstruction.java" sourcepath="org/jdom/ProcessingInstruction.java"/>
      <Message>In method org.jdom.ProcessingInstruction.toString(Map)</Message>
    </Method>
    <SourceLine classname="org.jdom.ProcessingInstruction" start="356" end="356" startBytecode="37" endBytecode="37" sourcefile="ProcessingInstruction.java" sourcepath="org/jdom/ProcessingInstruction.java">
      <Message>At ProcessingInstruction.java:[line 356]</Message>
    </SourceLine>
  </BugInstance>
  <BugInstance type="SE_NO_SERIALVERSIONID" priority="3" abbrev="SnVI" category="BAD_PRACTICE" instanceHash="2965bc605e6b53d82a3362f754175f86" instanceOccurrenceNum="0" instanceOccurrenceMax="0">
    <ShortMessage>Class is Serializable, but doesn't define serialVersionUID</ShortMessage>
    <LongMessage>org.jdom.Text is Serializable; consider declaring a serialVersionUID</LongMessage>
    <Class classname="org.jdom.Text">
      <SourceLine classname="org.jdom.Text" start="88" end="253" sourcefile="Text.java" sourcepath="org/jdom/Text.java">
        <Message>At Text.java:[lines 88-253]</Message>
      </SourceLine>
      <Message>In class org.jdom.Text</Message>
    </Class>
    <SourceLine classname="org.jdom.Text" start="88" end="253" sourcefile="Text.java" sourcepath="org/jdom/Text.java" synthetic="true">
      <Message>At Text.java:[lines 88-253]</Message>
    </SourceLine>
  </BugInstance>
  <BugInstance type="DM_CONVERT_CASE" priority="3" abbrev="Dm" category="I18N" instanceHash="4ddf78475fed7a6d6d2db4e4b5e62f05" instanceOccurrenceNum="0" instanceOccurrenceMax="0">
    <ShortMessage>Consider using Locale parameterized version of invoked method</ShortMessage>
    <LongMessage>Use of non-localized String.toUpperCase() or String.toLowerCase</LongMessage>
    <Class classname="org.jdom.Verifier">
      <SourceLine classname="org.jdom.Verifier" start="80" end="1344" sourcefile="Verifier.java" sourcepath="org/jdom/Verifier.java">
        <Message>At Verifier.java:[lines 80-1344]</Message>
      </SourceLine>
      <Message>In class org.jdom.Verifier</Message>
    </Class>
    <Method classname="org.jdom.Verifier" name="checkNamespacePrefix" signature="(Ljava/lang/String;)Ljava/lang/String;" isStatic="true">
      <SourceLine classname="org.jdom.Verifier" start="224" end="266" startBytecode="0" endBytecode="313" sourcefile="Verifier.java" sourcepath="org/jdom/Verifier.java"/>
      <Message>In method org.jdom.Verifier.checkNamespacePrefix(String)</Message>
    </Method>
    <SourceLine classname="org.jdom.Verifier" start="246" end="246" startBytecode="59" endBytecode="59" sourcefile="Verifier.java" sourcepath="org/jdom/Verifier.java">
      <Message>At Verifier.java:[line 246]</Message>
    </SourceLine>
  </BugInstance>
  <BugInstance type="NP_NULL_PARAM_DEREF" priority="1" abbrev="NP" category="CORRECTNESS" instanceHash="dae218d061a46c87cda4d96f2dfd3bfd" instanceOccurrenceNum="0" instanceOccurrenceMax="0">
    <ShortMessage>Method call passes null for unconditionally dereferenced parameter</ShortMessage>
    <LongMessage>Method call in org.jdom.input.DOMBuilder.build(InputStream) passes null for unconditionally dereferenced parameter of buildTree(Node, Document, Element, boolean)</LongMessage>
    <Class classname="org.jdom.input.DOMBuilder">
      <SourceLine classname="org.jdom.input.DOMBuilder" start="109" end="519" sourcefile="DOMBuilder.java" sourcepath="org/jdom/input/DOMBuilder.java">
        <Message>At DOMBuilder.java:[lines 109-519]</Message>
      </SourceLine>
      <Message>In class org.jdom.input.DOMBuilder</Message>
    </Class>
    <Method classname="org.jdom.input.DOMBuilder" name="build" signature="(Ljava/io/InputStream;)Lorg/jdom/Document;" isStatic="false">
      <SourceLine classname="org.jdom.input.DOMBuilder" start="206" end="282" startBytecode="0" endBytecode="677" sourcefile="DOMBuilder.java" sourcepath="org/jdom/input/DOMBuilder.java"/>
      <Message>In method org.jdom.input.DOMBuilder.build(InputStream)</Message>
    </Method>
    <Method classname="org.jdom.input.DOMBuilder" name="buildTree" signature="(Lorg/w3c/dom/Node;Lorg/jdom/Document;Lorg/jdom/Element;Z)V" isStatic="false" role="METHOD_CALLED">
      <SourceLine classname="org.jdom.input.DOMBuilder" start="373" end="368" startBytecode="0" endBytecode="1570" sourcefile="DOMBuilder.java" sourcepath="org/jdom/input/DOMBuilder.java"/>
      <Message>Called method org.jdom.input.DOMBuilder.buildTree(Node, Document, Element, boolean)</Message>
    </Method>
    <Int value="1" role="INT_MAYBE_NULL_ARG">
      <Message>Argument 1 might be null but must not be null</Message>
    </Int>
    <LocalVariable name="domDoc" register="3" pc="141" role="LOCAL_VARIABLE_NAMED">
      <Message>Local variable named domDoc</Message>
    </LocalVariable>
    <SourceLine classname="org.jdom.input.DOMBuilder" start="262" end="262" startBytecode="153" endBytecode="153" sourcefile="DOMBuilder.java" sourcepath="org/jdom/input/DOMBuilder.java" role="SOURCE_LINE_INVOKED">
      <Message>Method invoked at DOMBuilder.java:[line 262]</Message>
    </SourceLine>
    <SourceLine classname="org.jdom.input.DOMBuilder" start="256" end="256" startBytecode="144" endBytecode="144" sourcefile="DOMBuilder.java" sourcepath="org/jdom/input/DOMBuilder.java" role="SOURCE_LINE_KNOWN_NULL">
      <Message>Known null at DOMBuilder.java:[line 256]</Message>
    </SourceLine>
  </BugInstance>
  <BugInstance type="ES_COMPARING_PARAMETER_STRING_WITH_EQ" priority="2" abbrev="ES" category="BAD_PRACTICE" instanceHash="ae68e4dbbe0502667baa899f4582f209" instanceOccurrenceNum="0" instanceOccurrenceMax="0">
    <ShortMessage>Comparison of String parameter using == or !=</ShortMessage>
    <LongMessage>Comparison of String parameter using == or != in org.jdom.input.SAXHandler.startElement(String, String, String, Attributes) </LongMessage>
    <Class classname="org.jdom.input.SAXHandler">
      <SourceLine classname="org.jdom.input.SAXHandler" start="98" end="658" sourcefile="SAXHandler.java" sourcepath="org/jdom/input/SAXHandler.java">
        <Message>At SAXHandler.java:[lines 98-658]</Message>
      </SourceLine>
      <Message>In class org.jdom.input.SAXHandler</Message>
    </Class>
    <Method classname="org.jdom.input.SAXHandler" name="startElement" signature="(Ljava/lang/String;Ljava/lang/String;Ljava/lang/String;Lorg/xml/sax/Attributes;)V" isStatic="false">
      <SourceLine classname="org.jdom.input.SAXHandler" start="345" end="342" startBytecode="0" endBytecode="150" sourcefile="SAXHandler.java" sourcepath="org/jdom/input/SAXHandler.java"/>
      <Message>In method org.jdom.input.SAXHandler.startElement(String, String, String, Attributes)</Message>
    </Method>
    <Type descriptor="Ljava/lang/String;" role="TYPE_FOUND">
      <Message>Actual type java.lang.String</Message>
    </Type>
    <SourceLine classname="org.jdom.input.SAXHandler" start="353" end="353" startBytecode="30" endBytecode="30" sourcefile="SAXHandler.java" sourcepath="org/jdom/input/SAXHandler.java">
      <Message>At SAXHandler.java:[line 353]</Message>
    </SourceLine>
  </BugInstance>
  <BugInstance type="REC_CATCH_EXCEPTION" priority="3" abbrev="REC" category="STYLE" instanceHash="aa76480a94a5701991e9f88e1d2a34f2" instanceOccurrenceNum="0" instanceOccurrenceMax="0">
    <ShortMessage>Exception is caught when Exception is not thrown</ShortMessage>
    <LongMessage>Exception is caught when Exception is not thrown in org.jdom.output.DOMOutputter.output(Element, Document, NamespaceStack)</LongMessage>
    <Class classname="org.jdom.output.DOMOutputter">
      <SourceLine classname="org.jdom.output.DOMOutputter" start="100" end="457" sourcefile="DOMOutputter.java" sourcepath="org/jdom/output/DOMOutputter.java">
        <Message>At DOMOutputter.java:[lines 100-457]</Message>
      </SourceLine>
      <Message>In class org.jdom.output.DOMOutputter</Message>
    </Class>
    <Method classname="org.jdom.output.DOMOutputter" name="output" signature="(Lorg/jdom/Element;Lorg/w3c/dom/Document;Lorg/jdom/output/NamespaceStack;)Lorg/w3c/dom/Element;" isStatic="false">
      <SourceLine classname="org.jdom.output.DOMOutputter" start="268" end="398" startBytecode="0" endBytecode="1587" sourcefile="DOMOutputter.java" sourcepath="org/jdom/output/DOMOutputter.java"/>
      <Message>In method org.jdom.output.DOMOutputter.output(Element, Document, NamespaceStack)</Message>
    </Method>
    <SourceLine classname="org.jdom.output.DOMOutputter" start="397" end="397" startBytecode="745" endBytecode="745" sourcefile="DOMOutputter.java" sourcepath="org/jdom/output/DOMOutputter.java">
      <Message>At DOMOutputter.java:[line 397]</Message>
    </SourceLine>
  </BugInstance>
  <BugInstance type="NP_LOAD_OF_KNOWN_NULL_VALUE" priority="3" abbrev="NP" category="STYLE" instanceHash="1e778e3d4918c8c29688c1638a369661" instanceOccurrenceNum="0" instanceOccurrenceMax="0">
    <ShortMessage>Load of known null value</ShortMessage>
    <LongMessage>Load of known null value in org.jdom.output.SAXOutputter.startPrefixMapping(Element, NamespaceStack)</LongMessage>
    <Class classname="org.jdom.output.SAXOutputter">
      <SourceLine classname="org.jdom.output.SAXOutputter" start="124" end="647" sourcefile="SAXOutputter.java" sourcepath="org/jdom/output/SAXOutputter.java">
        <Message>At SAXOutputter.java:[lines 124-647]</Message>
      </SourceLine>
      <Message>In class org.jdom.output.SAXOutputter</Message>
    </Class>
    <Method classname="org.jdom.output.SAXOutputter" name="startPrefixMapping" signature="(Lorg/jdom/Element;Lorg/jdom/output/NamespaceStack;)Lorg/xml/sax/Attributes;" isStatic="false">
      <SourceLine classname="org.jdom.output.SAXOutputter" start="435" end="475" startBytecode="0" endBytecode="96" sourcefile="SAXOutputter.java" sourcepath="org/jdom/output/SAXOutputter.java"/>
      <Message>In method org.jdom.output.SAXOutputter.startPrefixMapping(Element, NamespaceStack)</Message>
    </Method>
    <SourceLine classname="org.jdom.output.SAXOutputter" start="443" end="443" startBytecode="59" endBytecode="59" sourcefile="SAXOutputter.java" sourcepath="org/jdom/output/SAXOutputter.java">
      <Message>At SAXOutputter.java:[line 443]</Message>
    </SourceLine>
  </BugInstance>
  <BugInstance type="URF_UNREAD_FIELD" priority="2" abbrev="UrF" category="PERFORMANCE" instanceHash="6a3bdff9ddfb7e6593b944325ca3e495" instanceOccurrenceNum="0" instanceOccurrenceMax="0">
    <ShortMessage>Unread field</ShortMessage>
    <LongMessage>Unread field: org.jdom.output.SAXOutputter.dtdHandler</LongMessage>
    <Class classname="org.jdom.output.SAXOutputter">
      <SourceLine classname="org.jdom.output.SAXOutputter" start="124" end="647" sourcefile="SAXOutputter.java" sourcepath="org/jdom/output/SAXOutputter.java">
        <Message>At SAXOutputter.java:[lines 124-647]</Message>
      </SourceLine>
      <Message>In class org.jdom.output.SAXOutputter</Message>
    </Class>
    <Field classname="org.jdom.output.SAXOutputter" name="dtdHandler" signature="Lorg/xml/sax/DTDHandler;" isStatic="false">
      <SourceLine classname="org.jdom.output.SAXOutputter" sourcefile="SAXOutputter.java" sourcepath="org/jdom/output/SAXOutputter.java">
        <Message>In SAXOutputter.java</Message>
      </SourceLine>
      <Message>Field org.jdom.output.SAXOutputter.dtdHandler</Message>
    </Field>
    <SourceLine classname="org.jdom.output.SAXOutputter" start="159" end="159" startBytecode="21" endBytecode="21" sourcefile="SAXOutputter.java" sourcepath="org/jdom/output/SAXOutputter.java">
      <Message>At SAXOutputter.java:[line 159]</Message>
    </SourceLine>
  </BugInstance>
  <BugInstance type="URF_UNREAD_FIELD" priority="2" abbrev="UrF" category="PERFORMANCE" instanceHash="928e5105aa8c23e5130a5b58451779c7" instanceOccurrenceNum="0" instanceOccurrenceMax="0">
    <ShortMessage>Unread field</ShortMessage>
    <LongMessage>Unread field: org.jdom.output.SAXOutputter.errorHandler</LongMessage>
    <Class classname="org.jdom.output.SAXOutputter">
      <SourceLine classname="org.jdom.output.SAXOutputter" start="124" end="647" sourcefile="SAXOutputter.java" sourcepath="org/jdom/output/SAXOutputter.java">
        <Message>At SAXOutputter.java:[lines 124-647]</Message>
      </SourceLine>
      <Message>In class org.jdom.output.SAXOutputter</Message>
    </Class>
    <Field classname="org.jdom.output.SAXOutputter" name="errorHandler" signature="Lorg/xml/sax/ErrorHandler;" isStatic="false">
      <SourceLine classname="org.jdom.output.SAXOutputter" sourcefile="SAXOutputter.java" sourcepath="org/jdom/output/SAXOutputter.java">
        <Message>In SAXOutputter.java</Message>
      </SourceLine>
      <Message>Field org.jdom.output.SAXOutputter.errorHandler</Message>
    </Field>
    <SourceLine classname="org.jdom.output.SAXOutputter" start="158" end="158" startBytecode="16" endBytecode="16" sourcefile="SAXOutputter.java" sourcepath="org/jdom/output/SAXOutputter.java">
      <Message>At SAXOutputter.java:[line 158]</Message>
    </SourceLine>
  </BugInstance>
  <BugInstance type="CN_IDIOM" priority="2" abbrev="CN" category="BAD_PRACTICE" instanceHash="35c55207c8c05be81566001e90e00628" instanceOccurrenceNum="0" instanceOccurrenceMax="0">
    <ShortMessage>Class implements Cloneable but does not define or use clone method</ShortMessage>
    <LongMessage>Class org.jdom.output.XMLOutputter implements Cloneable but does not define or use clone method</LongMessage>
    <Class classname="org.jdom.output.XMLOutputter">
      <SourceLine classname="org.jdom.output.XMLOutputter" start="112" end="1644" sourcefile="XMLOutputter.java" sourcepath="org/jdom/output/XMLOutputter.java">
        <Message>At XMLOutputter.java:[lines 112-1644]</Message>
      </SourceLine>
      <Message>In class org.jdom.output.XMLOutputter</Message>
    </Class>
    <SourceLine classname="org.jdom.output.XMLOutputter" start="112" end="1644" sourcefile="XMLOutputter.java" sourcepath="org/jdom/output/XMLOutputter.java" synthetic="true">
      <Message>At XMLOutputter.java:[lines 112-1644]</Message>
    </SourceLine>
  </BugInstance>
  <BugInstance type="DLS_DEAD_LOCAL_STORE" priority="1" abbrev="DLS" category="STYLE" instanceHash="cf8d0613df65f4b34078d6424d2fa472" instanceOccurrenceNum="0" instanceOccurrenceMax="0">
    <ShortMessage>Dead store to local variable</ShortMessage>
    <LongMessage>Dead store to prefixes in org.jdom.output.XMLOutputter.printAttributes(List, Element, Writer, XMLOutputter$NamespaceStack)</LongMessage>
    <Class classname="org.jdom.output.XMLOutputter">
      <SourceLine classname="org.jdom.output.XMLOutputter" start="112" end="1644" sourcefile="XMLOutputter.java" sourcepath="org/jdom/output/XMLOutputter.java">
        <Message>At XMLOutputter.java:[lines 112-1644]</Message>
      </SourceLine>
      <Message>In class org.jdom.output.XMLOutputter</Message>
    </Class>
    <Method classname="org.jdom.output.XMLOutputter" name="printAttributes" signature="(Ljava/util/List;Lorg/jdom/Element;Ljava/io/Writer;Lorg/jdom/output/XMLOutputter$NamespaceStack;)V" isStatic="false">
      <SourceLine classname="org.jdom.output.XMLOutputter" start="1328" end="1320" startBytecode="0" endBytecode="65" sourcefile="XMLOutputter.java" sourcepath="org/jdom/output/XMLOutputter.java"/>
      <Message>In method org.jdom.output.XMLOutputter.printAttributes(List, Element, Writer, XMLOutputter$NamespaceStack)</Message>
    </Method>
    <LocalVariable name="prefixes" register="5" pc="9" role="LOCAL_VARIABLE_NAMED">
      <Message>Local variable named prefixes</Message>
    </LocalVariable>
    <SourceLine classname="org.jdom.output.XMLOutputter" start="1328" end="1328" startBytecode="7" endBytecode="7" sourcefile="XMLOutputter.java" sourcepath="org/jdom/output/XMLOutputter.java">
      <Message>At XMLOutputter.java:[line 1328]</Message>
    </SourceLine>
  </BugInstance>
  <BugInstance type="UPM_UNCALLED_PRIVATE_METHOD" priority="3" abbrev="UPM" category="PERFORMANCE" instanceHash="b4e41645c7c5fbfdf3dce8abff48648d" instanceOccurrenceNum="0" instanceOccurrenceMax="0">
    <ShortMessage>Private method is never called</ShortMessage>
    <LongMessage>Private method org.jdom.output.XMLOutputter.isEmpty(Element) is never called</LongMessage>
    <Class classname="org.jdom.output.XMLOutputter">
      <SourceLine classname="org.jdom.output.XMLOutputter" start="112" end="1644" sourcefile="XMLOutputter.java" sourcepath="org/jdom/output/XMLOutputter.java">
        <Message>At XMLOutputter.java:[lines 112-1644]</Message>
      </SourceLine>
      <Message>In class org.jdom.output.XMLOutputter</Message>
    </Class>
    <Method classname="org.jdom.output.XMLOutputter" name="isEmpty" signature="(Lorg/jdom/Element;)Z" isStatic="false">
      <SourceLine classname="org.jdom.output.XMLOutputter" start="1561" end="1575" startBytecode="0" endBytecode="146" sourcefile="XMLOutputter.java" sourcepath="org/jdom/output/XMLOutputter.java"/>
      <Message>In method org.jdom.output.XMLOutputter.isEmpty(Element)</Message>
    </Method>
    <SourceLine classname="org.jdom.output.XMLOutputter" start="1561" end="1575" startBytecode="0" endBytecode="146" sourcefile="XMLOutputter.java" sourcepath="org/jdom/output/XMLOutputter.java" synthetic="true">
      <Message>At XMLOutputter.java:[lines 1561-1575]</Message>
    </SourceLine>
  </BugInstance>
  <BugInstance type="UPM_UNCALLED_PRIVATE_METHOD" priority="3" abbrev="UPM" category="PERFORMANCE" instanceHash="2ed08986085e869eaff5267e14ba30fe" instanceOccurrenceNum="0" instanceOccurrenceMax="0">
    <ShortMessage>Private method is never called</ShortMessage>
    <LongMessage>Private method org.jdom.output.XMLOutputter.isWhitespace(String) is never called</LongMessage>
    <Class classname="org.jdom.output.XMLOutputter">
      <SourceLine classname="org.jdom.output.XMLOutputter" start="112" end="1644" sourcefile="XMLOutputter.java" sourcepath="org/jdom/output/XMLOutputter.java">
        <Message>At XMLOutputter.java:[lines 112-1644]</Message>
      </SourceLine>
      <Message>In class org.jdom.output.XMLOutputter</Message>
    </Class>
    <Method classname="org.jdom.output.XMLOutputter" name="isWhitespace" signature="(Ljava/lang/String;)Z" isStatic="false">
      <SourceLine classname="org.jdom.output.XMLOutputter" start="1542" end="1548" startBytecode="0" endBytecode="126" sourcefile="XMLOutputter.java" sourcepath="org/jdom/output/XMLOutputter.java"/>
      <Message>In method org.jdom.output.XMLOutputter.isWhitespace(String)</Message>
    </Method>
    <SourceLine classname="org.jdom.output.XMLOutputter" start="1542" end="1548" startBytecode="0" endBytecode="126" sourcefile="XMLOutputter.java" sourcepath="org/jdom/output/XMLOutputter.java" synthetic="true">
      <Message>At XMLOutputter.java:[lines 1542-1548]</Message>
    </SourceLine>
  </BugInstance>
  <BugInstance type="SIC_INNER_SHOULD_BE_STATIC" priority="2" abbrev="SIC" category="PERFORMANCE" instanceHash="5793bb367795abbe926e7b51cf015f16" instanceOccurrenceNum="0" instanceOccurrenceMax="0">
    <ShortMessage>Should be a static inner class</ShortMessage>
    <LongMessage>Should org.jdom.output.XMLOutputter$NamespaceStack be a _static_ inner class?</LongMessage>
    <Class classname="org.jdom.output.XMLOutputter$NamespaceStack">
      <SourceLine classname="org.jdom.output.XMLOutputter$NamespaceStack" start="112" end="1610" sourcefile="XMLOutputter.java" sourcepath="org/jdom/output/XMLOutputter.java">
        <Message>At XMLOutputter.java:[lines 112-1610]</Message>
      </SourceLine>
      <Message>In class org.jdom.output.XMLOutputter$NamespaceStack</Message>
    </Class>
    <SourceLine classname="org.jdom.output.XMLOutputter$NamespaceStack" start="112" end="1610" sourcefile="XMLOutputter.java" sourcepath="org/jdom/output/XMLOutputter.java" synthetic="true">
      <Message>At XMLOutputter.java:[lines 112-1610]</Message>
    </SourceLine>
  </BugInstance>
  <BugInstance type="XFB_XML_FACTORY_BYPASS" priority="3" abbrev="XFB" category="STYLE" instanceHash="6dfa367a20969c4cf9e2f2f317851b49" instanceOccurrenceNum="0" instanceOccurrenceMax="0">
    <ShortMessage>Method directly allocates a specific implementation of xml interfaces</ShortMessage>
    <LongMessage>Method new org.jdom.transform.JDOMSource$DocumentReader() directly allocates a specific implementation of xml interfaces</LongMessage>
    <Class classname="org.jdom.transform.JDOMSource$DocumentReader">
      <SourceLine classname="org.jdom.transform.JDOMSource$DocumentReader" start="385" end="740" sourcefile="JDOMSource.java" sourcepath="org/jdom/transform/JDOMSource.java">
        <Message>At JDOMSource.java:[lines 385-740]</Message>
      </SourceLine>
      <Message>In class org.jdom.transform.JDOMSource$DocumentReader</Message>
    </Class>
    <Method classname="org.jdom.transform.JDOMSource$DocumentReader" name="&lt;init&gt;" signature="()V" isStatic="false">
      <SourceLine classname="org.jdom.transform.JDOMSource$DocumentReader" start="432" end="432" startBytecode="0" endBytecode="177" sourcefile="JDOMSource.java" sourcepath="org/jdom/transform/JDOMSource.java"/>
      <Message>In method new org.jdom.transform.JDOMSource$DocumentReader()</Message>
    </Method>
    <SourceLine classname="org.jdom.transform.JDOMSource$DocumentReader" start="385" end="385" startBytecode="13" endBytecode="13" sourcefile="JDOMSource.java" sourcepath="org/jdom/transform/JDOMSource.java">
      <Message>At JDOMSource.java:[line 385]</Message>
    </SourceLine>
  </BugInstance>
  <BugCategory category="CORRECTNESS">
    <Description>Correctness</Description>
  </BugCategory>
  <BugCategory category="PERFORMANCE">
    <Description>Performance</Description>
  </BugCategory>
  <BugCategory category="I18N">
    <Description>Internationalization</Description>
  </BugCategory>
  <BugCategory category="BAD_PRACTICE">
    <Description>Bad practice</Description>
  </BugCategory>
  <BugCategory category="STYLE">
    <Description>Dodgy</Description>
  </BugCategory>
  <BugPattern type="CN_IDIOM" abbrev="CN" category="BAD_PRACTICE">
    <ShortDescription>Class implements Cloneable but does not define or use clone method</ShortDescription>
    <Details><![CDATA[

<p>
   Class implements Cloneable but does not define or
   use the clone method.</p>

    ]]></Details>
  </BugPattern>
  <BugPattern type="SIC_INNER_SHOULD_BE_STATIC_NEEDS_THIS" abbrev="SIC" category="PERFORMANCE">
    <ShortDescription>Could be refactored into a static inner class</ShortDescription>
    <Details><![CDATA[

  <p> This class is an inner class, but does not use its embedded reference
  to the object which created it except during construction of the
inner object.&nbsp; This reference makes the instances
  of the class larger, and may keep the reference to the creator object
  alive longer than necessary.&nbsp; If possible, the class should be
  made into a <em>static</em> inner class. Since the reference to the
   outer object is required during construction of the inner instance,
   the inner class will need to be refactored so as to
   pass  a reference to the outer instance to the constructor
   for the inner class.</p>

    ]]></Details>
  </BugPattern>
  <BugPattern type="NP_NULL_PARAM_DEREF" abbrev="NP" category="CORRECTNESS">
    <ShortDescription>Method call passes null for unconditionally dereferenced parameter</ShortDescription>
    <Details><![CDATA[
      
      <p>
      This method call passes a null value to a method which might
      dereference it unconditionally.
      </p>
      
   ]]></Details>
  </BugPattern>
  <BugPattern type="DM_EXIT" abbrev="Dm" category="BAD_PRACTICE">
    <ShortDescription>Method invokes System.exit(...)</ShortDescription>
    <Details><![CDATA[

  <p> Invoking System.exit shuts down the entire Java virtual machine. This
   should only been done when it is appropriate. Such calls make it
   hard or impossible for your code to be invoked by other code.
   Consider throwing a RuntimeException instead.</p>

    ]]></Details>
  </BugPattern>
  <BugPattern type="SIC_INNER_SHOULD_BE_STATIC" abbrev="SIC" category="PERFORMANCE">
    <ShortDescription>Should be a static inner class</ShortDescription>
    <Details><![CDATA[

  <p> This class is an inner class, but does not use its embedded reference
  to the object which created it.&nbsp; This reference makes the instances
  of the class larger, and may keep the reference to the creator object
  alive longer than necessary.&nbsp; If possible, the class should be
   made static.
</p>

    ]]></Details>
  </BugPattern>
  <BugPattern type="ES_COMPARING_PARAMETER_STRING_WITH_EQ" abbrev="ES" category="BAD_PRACTICE">
    <ShortDescription>Comparison of String parameter using == or !=</ShortDescription>
    <Details><![CDATA[

  <p>This code compares a <code>java.lang.String</code> parameter for reference
equality using the == or != operators. Requiring callers to 
pass only String constants or interned strings to a method is unnecessarily
fragile, and rarely leads to measurable performance gains. Consider
using the <code>equals(Object)</code> method instead.</p>

    ]]></Details>
  </BugPattern>
  <BugPattern type="XFB_XML_FACTORY_BYPASS" abbrev="XFB" category="STYLE">
    <ShortDescription>Method directly allocates a specific implementation of xml interfaces</ShortDescription>
    <Details><![CDATA[
      
      <p>
      This method allocates a specific implementation of an xml interface. It is preferable to use
      the supplied factory classes to create these objects so that the implementation can be
      changed at runtime. See
      </p>
      <ul>
         <li>javax.xml.parsers.DocumentBuilderFactory</li>
         <li>javax.xml.parsers.SAXParserFactory</li>
         <li>javax.xml.transform.TransformerFactory</li>
         <li>org.w3c.dom.Document.create<i>XXXX</i></li>
      </ul>
      <p>for details.</p>
      
    ]]></Details>
  </BugPattern>
  <BugPattern type="URF_UNREAD_FIELD" abbrev="UrF" category="PERFORMANCE">
    <ShortDescription>Unread field</ShortDescription>
    <Details><![CDATA[

  <p> This field is never read.&nbsp; Consider removing it from the class.</p>

    ]]></Details>
  </BugPattern>
  <BugPattern type="DLS_DEAD_LOCAL_STORE" abbrev="DLS" category="STYLE">
    <ShortDescription>Dead store to local variable</ShortDescription>
    <Details><![CDATA[

<p>
This instruction assigns a value to a local variable,
but the value is not read by any subsequent instruction.
Often, this indicates an error, because the value computed
is never used.
</p>
<p>
Note that Sun's javac compiler often generates dead stores for
final local variables.  Because FindBugs is a bytecode-based tool,
there is no easy way to eliminate these false positives.
</p>

    ]]></Details>
  </BugPattern>
  <BugPattern type="ISC_INSTANTIATE_STATIC_CLASS" abbrev="ISC" category="BAD_PRACTICE">
    <ShortDescription>Needless instantiation of class that only supplies static methods</ShortDescription>
    <Details><![CDATA[

<p> This class allocates an object that is based on a class that only supplies static methods. This object
does not need to be created, just access the static methods directly using the class name as a qualifier.</p>

        ]]></Details>
  </BugPattern>
  <BugPattern type="NP_LOAD_OF_KNOWN_NULL_VALUE" abbrev="NP" category="STYLE">
    <ShortDescription>Load of known null value</ShortDescription>
    <Details><![CDATA[

  <p> The variable referenced at this point is known to be null due to an earlier
   check against null. Although this is valid, it might be a mistake (perhaps you
intended to refer to a different variable, or perhaps the earlier check to see if the
variable is null should have been a check to see if it was nonnull.
</p>

    ]]></Details>
  </BugPattern>
  <BugPattern type="UPM_UNCALLED_PRIVATE_METHOD" abbrev="UPM" category="PERFORMANCE">
    <ShortDescription>Private method is never called</ShortDescription>
    <Details><![CDATA[

<p> This private method is never called. Although it is
possible that the method will be invoked through reflection,
it is more likely that the method is never used, and should be
removed.
</p>

]]></Details>
  </BugPattern>
  <BugPattern type="WMI_WRONG_MAP_ITERATOR" abbrev="WMI" category="PERFORMANCE">
    <ShortDescription>Inefficient use of keySet iterator instead of entrySet iterator</ShortDescription>
    <Details><![CDATA[

<p> This method accesses the value of a Map entry, using a key that was retrieved from
a keySet iterator. It is more efficient to use an iterator on the entrySet of the map, to avoid the
Map.get(key) lookup.</p>

        ]]></Details>
  </BugPattern>
  <BugPattern type="NP_NULL_ON_SOME_PATH" abbrev="NP" category="CORRECTNESS">
    <ShortDescription>Possible null pointer dereference</ShortDescription>
    <Details><![CDATA[

<p> A reference value dereferenced here might be null at runtime.&nbsp;
This may lead to a <code>NullPointerException</code> when the code is executed.</p>

    ]]></Details>
  </BugPattern>
  <BugPattern type="SE_NO_SERIALVERSIONID" abbrev="SnVI" category="BAD_PRACTICE">
    <ShortDescription>Class is Serializable, but doesn't define serialVersionUID</ShortDescription>
    <Details><![CDATA[

  <p> This class implements the <code>Serializable</code> interface, but does
  not define a <code>serialVersionUID</code> field.&nbsp;
  A change as simple as adding a reference to a .class object
    will add synthetic fields to the class,
   which will unfortunately change the implicit
   serialVersionUID (e.g., adding a reference to <code>String.class</code>
   will generate a static field <code>class$java$lang$String</code>).
   Also, different source code to bytecode compilers may use different
   naming conventions for synthetic variables generated for
   references to class objects or inner classes.
   To ensure interoperability of Serializable across versions,
   consider adding an explicit serialVersionUID.</p>

    ]]></Details>
  </BugPattern>
  <BugPattern type="REC_CATCH_EXCEPTION" abbrev="REC" category="STYLE">
    <ShortDescription>Exception is caught when Exception is not thrown</ShortDescription>
    <Details><![CDATA[
  
  <p>
  This method uses a try-catch block that catches Exception objects, but Exception is not
  thrown within the try block, and RuntimeException is not explicitly caught.  It is a common bug pattern to
  say try { ... } catch (Exception e) { something } as a shorthand for catching a number of types of exception
  each of whose catch blocks is identical, but this construct also accidentally catches RuntimeException as well,
  masking potential bugs.
  </p>
  
     ]]></Details>
  </BugPattern>
  <BugPattern type="DM_CONVERT_CASE" abbrev="Dm" category="I18N">
    <ShortDescription>Consider using Locale parameterized version of invoked method</ShortDescription>
    <Details><![CDATA[

  <p> A String is being converted to upper or lowercase, using the platform's default encoding. This may
      result in improper conversions when used with international characters. Use the </p>
      <table><tr><td>String.toUpperCase( Locale l )</td></tr><tr><td>String.toLowerCase( Locale l )</td></tr></table>
      <p>versions instead.</p>

    ]]></Details>
  </BugPattern>
  <BugCode abbrev="XFB">
    <Description>XML Factory Bypass</Description>
  </BugCode>
  <BugCode abbrev="REC">
    <Description>RuntimeException capture</Description>
  </BugCode>
  <BugCode abbrev="UrF">
    <Description>Unread field</Description>
  </BugCode>
  <BugCode abbrev="CN">
    <Description>Bad implementation of cloneable idiom</Description>
  </BugCode>
  <BugCode abbrev="SnVI">
    <Description>Serializable class with no Version ID</Description>
  </BugCode>
  <BugCode abbrev="ISC">
    <Description>Instantiated Static Class</Description>
  </BugCode>
  <BugCode abbrev="SIC">
    <Description>Inner class could be made static</Description>
  </BugCode>
  <BugCode abbrev="DLS">
    <Description>Dead local store</Description>
  </BugCode>
  <BugCode abbrev="NP">
    <Description>Null pointer dereference</Description>
  </BugCode>
  <BugCode abbrev="UPM">
    <Description>Private method is never called</Description>
  </BugCode>
  <BugCode abbrev="WMI">
    <Description>Wrong Map Iterator</Description>
  </BugCode>
  <BugCode abbrev="ES">
    <Description>Checking String equality using == or !=</Description>
  </BugCode>
  <BugCode abbrev="Dm">
    <Description>Dubious method used</Description>
  </BugCode>
  <Errors></Errors>
  <FindBugsSummary timestamp="Tue, 16 Sep 2008 23:12:13 -0400" total_classes="46" total_bugs="30" total_size="4985" num_packages="6" cpu_seconds="13.66" clock_seconds="13.84" peak_mbytes="141.47" gc_seconds="1.97" priority_3="17" priority_2="11" priority_1="2">
    <PackageStats package="" total_bugs="4" total_types="3" total_size="82" priority_3="2" priority_2="2">
      <ClassStats class="JDOMAbout" sourceFile="JDOMAbout.java" interface="false" size="29" bugs="1" priority_3="1"/>
      <ClassStats class="JDOMAbout$Author" sourceFile="JDOMAbout.java" interface="false" size="7" bugs="1" priority_2="1"/>
      <ClassStats class="JDOMAbout$Info" sourceFile="JDOMAbout.java" interface="false" size="46" bugs="2" priority_3="1" priority_2="1"/>
    </PackageStats>
    <PackageStats package="org.jdom" total_bugs="14" total_types="18" total_size="2702" priority_3="10" priority_2="4">
      <ClassStats class="org.jdom.Attribute" sourceFile="Attribute.java" interface="false" size="138" bugs="1" priority_2="1"/>
      <ClassStats class="org.jdom.CDATA" sourceFile="CDATA.java" interface="false" size="34" bugs="1" priority_3="1"/>
      <ClassStats class="org.jdom.Comment" sourceFile="Comment.java" interface="false" size="64" bugs="1" priority_3="1"/>
      <ClassStats class="org.jdom.DataConversionException" sourceFile="DataConversionException.java" interface="false" size="10" bugs="0"/>
      <ClassStats class="org.jdom.DocType" sourceFile="DocType.java" interface="false" size="82" bugs="2" priority_3="1" priority_2="1"/>
      <ClassStats class="org.jdom.Document" sourceFile="Document.java" interface="false" size="237" bugs="1" priority_3="1"/>
      <ClassStats class="org.jdom.Element" sourceFile="Element.java" interface="false" size="680" bugs="1" priority_2="1"/>
      <ClassStats class="org.jdom.EntityRef" sourceFile="EntityRef.java" interface="false" size="69" bugs="1" priority_3="1"/>
      <ClassStats class="org.jdom.IllegalAddException" sourceFile="IllegalAddException.java" interface="false" size="100" bugs="0"/>
      <ClassStats class="org.jdom.IllegalDataException" sourceFile="IllegalDataException.java" interface="false" size="22" bugs="0"/>
      <ClassStats class="org.jdom.IllegalNameException" sourceFile="IllegalNameException.java" interface="false" size="22" bugs="0"/>
      <ClassStats class="org.jdom.IllegalTargetException" sourceFile="IllegalTargetException.java" interface="false" size="18" bugs="0"/>
      <ClassStats class="org.jdom.JDOMException" sourceFile="JDOMException.java" interface="false" size="39" bugs="0"/>
      <ClassStats class="org.jdom.Namespace" sourceFile="Namespace.java" interface="false" size="57" bugs="0"/>
      <ClassStats class="org.jdom.PartialList" sourceFile="PartialList.java" interface="false" size="112" bugs="1" priority_3="1"/>
      <ClassStats class="org.jdom.ProcessingInstruction" sourceFile="ProcessingInstruction.java" interface="false" size="157" bugs="3" priority_3="2" priority_2="1"/>
      <ClassStats class="org.jdom.Text" sourceFile="Text.java" interface="false" size="44" bugs="1" priority_3="1"/>
      <ClassStats class="org.jdom.Verifier" sourceFile="Verifier.java" interface="false" size="817" bugs="1" priority_3="1"/>
    </PackageStats>
    <PackageStats package="org.jdom.adapters" total_bugs="0" total_types="9" total_size="329">
      <ClassStats class="org.jdom.adapters.AbstractDOMAdapter" sourceFile="AbstractDOMAdapter.java" interface="false" size="19" bugs="0"/>
      <ClassStats class="org.jdom.adapters.CrimsonDOMAdapter" sourceFile="CrimsonDOMAdapter.java" interface="false" size="37" bugs="0"/>
      <ClassStats class="org.jdom.adapters.DOMAdapter" sourceFile="DOMAdapter.java" interface="true" size="5" bugs="0"/>
      <ClassStats class="org.jdom.adapters.JAXPDOMAdapter" sourceFile="JAXPDOMAdapter.java" interface="false" size="53" bugs="0"/>
      <ClassStats class="org.jdom.adapters.OracleV1DOMAdapter" sourceFile="OracleV1DOMAdapter.java" interface="false" size="36" bugs="0"/>
      <ClassStats class="org.jdom.adapters.OracleV2DOMAdapter" sourceFile="OracleV2DOMAdapter.java" interface="false" size="36" bugs="0"/>
      <ClassStats class="org.jdom.adapters.ProjectXDOMAdapter" sourceFile="ProjectXDOMAdapter.java" interface="false" size="37" bugs="0"/>
      <ClassStats class="org.jdom.adapters.XML4JDOMAdapter" sourceFile="XML4JDOMAdapter.java" interface="false" size="51" bugs="0"/>
      <ClassStats class="org.jdom.adapters.XercesDOMAdapter" sourceFile="XercesDOMAdapter.java" interface="false" size="55" bugs="0"/>
    </PackageStats>
    <PackageStats package="org.jdom.input" total_bugs="2" total_types="6" total_size="648" priority_2="1" priority_1="1">
      <ClassStats class="org.jdom.input.BuilderErrorHandler" sourceFile="BuilderErrorHandler.java" interface="false" size="10" bugs="0"/>
      <ClassStats class="org.jdom.input.DOMBuilder" sourceFile="DOMBuilder.java" interface="false" size="168" bugs="1" priority_1="1"/>
      <ClassStats class="org.jdom.input.DefaultJDOMFactory" sourceFile="DefaultJDOMFactory.java" interface="false" size="38" bugs="0"/>
      <ClassStats class="org.jdom.input.JDOMFactory" sourceFile="JDOMFactory.java" interface="true" size="18" bugs="0"/>
      <ClassStats class="org.jdom.input.SAXBuilder" sourceFile="SAXBuilder.java" interface="false" size="212" bugs="0"/>
      <ClassStats class="org.jdom.input.SAXHandler" sourceFile="SAXHandler.java" interface="false" size="202" bugs="1" priority_2="1"/>
    </PackageStats>
    <PackageStats package="org.jdom.output" total_bugs="9" total_types="5" total_size="1032" priority_3="4" priority_2="4" priority_1="1">
      <ClassStats class="org.jdom.output.DOMOutputter" sourceFile="DOMOutputter.java" interface="false" size="190" bugs="1" priority_3="1"/>
      <ClassStats class="org.jdom.output.NamespaceStack" sourceFile="NamespaceStack.java" interface="false" size="31" bugs="0"/>
      <ClassStats class="org.jdom.output.SAXOutputter" sourceFile="SAXOutputter.java" interface="false" size="214" bugs="3" priority_3="1" priority_2="2"/>
      <ClassStats class="org.jdom.output.XMLOutputter" sourceFile="XMLOutputter.java" interface="false" size="592" bugs="4" priority_3="2" priority_2="1" priority_1="1"/>
      <ClassStats class="org.jdom.output.XMLOutputter$NamespaceStack" sourceFile="XMLOutputter.java" interface="false" size="5" bugs="1" priority_2="1"/>
    </PackageStats>
    <PackageStats package="org.jdom.transform" total_bugs="1" total_types="5" total_size="192" priority_3="1">
      <ClassStats class="org.jdom.transform.JDOMResult" sourceFile="JDOMResult.java" interface="false" size="25" bugs="0"/>
      <ClassStats class="org.jdom.transform.JDOMResult$DocumentBuilder" sourceFile="JDOMResult.java" interface="false" size="41" bugs="0"/>
      <ClassStats class="org.jdom.transform.JDOMSource" sourceFile="JDOMSource.java" interface="false" size="28" bugs="0"/>
      <ClassStats class="org.jdom.transform.JDOMSource$DocumentReader" sourceFile="JDOMSource.java" interface="false" size="77" bugs="1" priority_3="1"/>
      <ClassStats class="org.jdom.transform.JDOMSource$JDOMInputSource" sourceFile="JDOMSource.java" interface="false" size="21" bugs="0"/>
    </PackageStats>
  </FindBugsSummary>
  <ClassFeatures></ClassFeatures>
  <History></History>
</BugCollection>
