<?xml version="1.0" encoding="UTF-8"?>

<BugCollection version="1.3.1" sequence="0" timestamp="1221621569843" analysisTimestamp="1221621594796" release="">
  <Project filename="&lt;&lt;unnamed project&gt;&gt;" projectName="">
    <Jar>C:\repository-workspace\jdom-contrib</Jar>
    <AuxClasspathEntry>C:\repository-workspace\jdom-contrib\lib\antlr.jar</AuxClasspathEntry>
    <AuxClasspathEntry>C:\repository-workspace\jdom-contrib\lib\antlrall.jar</AuxClasspathEntry>
    <AuxClasspathEntry>C:\repository-workspace\jdom-contrib\lib\crimson.jar</AuxClasspathEntry>
    <AuxClasspathEntry>C:\repository-workspace\jdom-contrib\lib\jakarta-regexp-1.1.jar</AuxClasspathEntry>
    <AuxClasspathEntry>C:\repository-workspace\jdom-contrib\lib\jaxp.jar</AuxClasspathEntry>
    <AuxClasspathEntry>C:\repository-workspace\jdom-contrib\lib\xalan.jar</AuxClasspathEntry>
    <AuxClasspathEntry>C:\repository-workspace\jdom\build\jdom.jar</AuxClasspathEntry>
    <AuxClasspathEntry>C:\repository-workspace\jdom\lib\ant.jar</AuxClasspathEntry>
    <AuxClasspathEntry>C:\repository-workspace\jdom\lib\collections.jar</AuxClasspathEntry>
    <AuxClasspathEntry>C:\repository-workspace\jdom\lib\crimson.jar</AuxClasspathEntry>
    <AuxClasspathEntry>C:\repository-workspace\jdom\lib\jaxp.jar</AuxClasspathEntry>
    <AuxClasspathEntry>C:\repository-workspace\jdom\lib\xalan.jar</AuxClasspathEntry>
    <AuxClasspathEntry>C:\repository-workspace\jdom\lib\xerces.jar</AuxClasspathEntry>
  </Project>
  <BugInstance type="DB_DUPLICATE_BRANCHES" priority="2" abbrev="DB" category="STYLE" instanceHash="666b7daafab6d98ddeab55c05d731be6" instanceOccurrenceNum="0" instanceOccurrenceMax="0">
    <ShortMessage>Method uses the same code for two branches</ShortMessage>
    <LongMessage>Method org.jdom.contrib.beans.BeanMapper.toBean(Element) uses the same code for two branches</LongMessage>
    <Class classname="org.jdom.contrib.beans.BeanMapper">
      <SourceLine classname="org.jdom.contrib.beans.BeanMapper" start="159" end="991" sourcefile="BeanMapper.java" sourcepath="org/jdom/contrib/beans/BeanMapper.java">
        <Message>At BeanMapper.java:[lines 159-991]</Message>
      </SourceLine>
      <Message>In class org.jdom.contrib.beans.BeanMapper</Message>
    </Class>
    <Method classname="org.jdom.contrib.beans.BeanMapper" name="toBean" signature="(Lorg/jdom/Element;)Ljava/lang/Object;" isStatic="false">
      <SourceLine classname="org.jdom.contrib.beans.BeanMapper" start="487" end="546" startBytecode="0" endBytecode="809" sourcefile="BeanMapper.java" sourcepath="org/jdom/contrib/beans/BeanMapper.java"/>
      <Message>In method org.jdom.contrib.beans.BeanMapper.toBean(Element)</Message>
    </Method>
    <SourceLine classname="org.jdom.contrib.beans.BeanMapper" start="524" end="523" startBytecode="279" endBytecode="290" sourcefile="BeanMapper.java" sourcepath="org/jdom/contrib/beans/BeanMapper.java">
      <Message>At BeanMapper.java:[lines 524-523]</Message>
    </SourceLine>
    <SourceLine classname="org.jdom.contrib.beans.BeanMapper" start="526" end="526" startBytecode="293" endBytecode="303" sourcefile="BeanMapper.java" sourcepath="org/jdom/contrib/beans/BeanMapper.java">
      <Message>At BeanMapper.java:[line 526]</Message>
    </SourceLine>
  </BugInstance>
  <BugInstance type="DLS_DEAD_LOCAL_STORE" priority="2" abbrev="DLS" category="STYLE" instanceHash="458ca1fba60833a2712a86edb1221212" instanceOccurrenceNum="0" instanceOccurrenceMax="0">
    <ShortMessage>Dead store to local variable</ShortMessage>
    <LongMessage>Dead store to propertyName in org.jdom.contrib.beans.BeanMapper.setProperty(Object, PropertyDescriptor, Element, Object)</LongMessage>
    <Class classname="org.jdom.contrib.beans.BeanMapper">
      <SourceLine classname="org.jdom.contrib.beans.BeanMapper" start="159" end="991" sourcefile="BeanMapper.java" sourcepath="org/jdom/contrib/beans/BeanMapper.java">
        <Message>At BeanMapper.java:[lines 159-991]</Message>
      </SourceLine>
      <Message>In class org.jdom.contrib.beans.BeanMapper</Message>
    </Class>
    <Method classname="org.jdom.contrib.beans.BeanMapper" name="setProperty" signature="(Ljava/lang/Object;Ljava/beans/PropertyDescriptor;Lorg/jdom/Element;Ljava/lang/Object;)Z" isStatic="false">
      <SourceLine classname="org.jdom.contrib.beans.BeanMapper" start="639" end="683" startBytecode="0" endBytecode="148" sourcefile="BeanMapper.java" sourcepath="org/jdom/contrib/beans/BeanMapper.java"/>
      <Message>In method org.jdom.contrib.beans.BeanMapper.setProperty(Object, PropertyDescriptor, Element, Object)</Message>
    </Method>
    <LocalVariable name="propertyName" register="6" pc="105" role="LOCAL_VARIABLE_NAMED">
      <Message>Local variable named propertyName</Message>
    </LocalVariable>
    <SourceLine classname="org.jdom.contrib.beans.BeanMapper" start="660" end="660" startBytecode="103" endBytecode="103" sourcefile="BeanMapper.java" sourcepath="org/jdom/contrib/beans/BeanMapper.java">
      <Message>At BeanMapper.java:[line 660]</Message>
    </SourceLine>
  </BugInstance>
  <BugInstance type="MS_SHOULD_BE_FINAL" priority="2" abbrev="MS" category="MALICIOUS_CODE" instanceHash="7265a2ef190bdae03c76dcd6acea6c79" instanceOccurrenceNum="0" instanceOccurrenceMax="0">
    <ShortMessage>Field isn't final but should be</ShortMessage>
    <LongMessage>org.jdom.contrib.beans.BeanMapper.debug isn't final but should be</LongMessage>
    <Class classname="org.jdom.contrib.beans.BeanMapper">
      <SourceLine classname="org.jdom.contrib.beans.BeanMapper" start="159" end="991" sourcefile="BeanMapper.java" sourcepath="org/jdom/contrib/beans/BeanMapper.java">
        <Message>At BeanMapper.java:[lines 159-991]</Message>
      </SourceLine>
      <Message>In class org.jdom.contrib.beans.BeanMapper</Message>
    </Class>
    <Field classname="org.jdom.contrib.beans.BeanMapper" name="debug" signature="I" isStatic="true">
      <SourceLine classname="org.jdom.contrib.beans.BeanMapper" sourcefile="BeanMapper.java" sourcepath="org/jdom/contrib/beans/BeanMapper.java">
        <Message>In BeanMapper.java</Message>
      </SourceLine>
      <Message>Field org.jdom.contrib.beans.BeanMapper.debug</Message>
    </Field>
    <SourceLine classname="org.jdom.contrib.beans.BeanMapper" start="988" end="988" startBytecode="1" endBytecode="1" sourcefile="BeanMapper.java" sourcepath="org/jdom/contrib/beans/BeanMapper.java">
      <Message>At BeanMapper.java:[line 988]</Message>
    </SourceLine>
  </BugInstance>
  <BugInstance type="RCN_REDUNDANT_NULLCHECK_WOULD_HAVE_BEEN_A_NPE" priority="1" abbrev="RCN" category="CORRECTNESS" instanceHash="9fa1d4b3b457fb5794d3524d0768e6fb" instanceOccurrenceNum="0" instanceOccurrenceMax="0">
    <ShortMessage>Nullcheck of value previously dereferenced</ShortMessage>
    <LongMessage>Nullcheck of property at line 641 of value previously dereferenced in org.jdom.contrib.beans.BeanMapper.setProperty(Object, PropertyDescriptor, Element, Object)</LongMessage>
    <Class classname="org.jdom.contrib.beans.BeanMapper">
      <SourceLine classname="org.jdom.contrib.beans.BeanMapper" start="159" end="991" sourcefile="BeanMapper.java" sourcepath="org/jdom/contrib/beans/BeanMapper.java">
        <Message>At BeanMapper.java:[lines 159-991]</Message>
      </SourceLine>
      <Message>In class org.jdom.contrib.beans.BeanMapper</Message>
    </Class>
    <Method classname="org.jdom.contrib.beans.BeanMapper" name="setProperty" signature="(Ljava/lang/Object;Ljava/beans/PropertyDescriptor;Lorg/jdom/Element;Ljava/lang/Object;)Z" isStatic="false">
      <SourceLine classname="org.jdom.contrib.beans.BeanMapper" start="639" end="683" startBytecode="0" endBytecode="671" sourcefile="BeanMapper.java" sourcepath="org/jdom/contrib/beans/BeanMapper.java"/>
      <Message>In method org.jdom.contrib.beans.BeanMapper.setProperty(Object, PropertyDescriptor, Element, Object)</Message>
    </Method>
    <LocalVariable name="property" register="2" pc="41" role="LOCAL_VARIABLE_NAMED">
      <Message>Local variable named property</Message>
    </LocalVariable>
    <SourceLine classname="org.jdom.contrib.beans.BeanMapper" start="640" end="640" startBytecode="19" endBytecode="19" sourcefile="BeanMapper.java" sourcepath="org/jdom/contrib/beans/BeanMapper.java">
      <Message>At BeanMapper.java:[line 640]</Message>
    </SourceLine>
    <SourceLine classname="org.jdom.contrib.beans.BeanMapper" start="641" end="641" startBytecode="42" endBytecode="42" sourcefile="BeanMapper.java" sourcepath="org/jdom/contrib/beans/BeanMapper.java" role="SOURCE_REDUNDANT_NULL_CHECK">
      <Message>Redundant null check at BeanMapper.java:[line 641]</Message>
    </SourceLine>
  </BugInstance>
  <BugInstance type="SIC_INNER_SHOULD_BE_STATIC" priority="2" abbrev="SIC" category="PERFORMANCE" instanceHash="9c5d07dc3aacb0b86906e8cf1b1af302" instanceOccurrenceNum="0" instanceOccurrenceMax="0">
    <ShortMessage>Should be a static inner class</ShortMessage>
    <LongMessage>Should org.jdom.contrib.beans.BeanMapper$Mapping be a _static_ inner class?</LongMessage>
    <Class classname="org.jdom.contrib.beans.BeanMapper$Mapping">
      <SourceLine classname="org.jdom.contrib.beans.BeanMapper$Mapping" start="159" end="928" sourcefile="BeanMapper.java" sourcepath="org/jdom/contrib/beans/BeanMapper.java">
        <Message>At BeanMapper.java:[lines 159-928]</Message>
      </SourceLine>
      <Message>In class org.jdom.contrib.beans.BeanMapper$Mapping</Message>
    </Class>
    <SourceLine classname="org.jdom.contrib.beans.BeanMapper$Mapping" start="159" end="928" sourcefile="BeanMapper.java" sourcepath="org/jdom/contrib/beans/BeanMapper.java" synthetic="true">
      <Message>At BeanMapper.java:[lines 159-928]</Message>
    </SourceLine>
  </BugInstance>
  <BugInstance type="DLS_DEAD_LOCAL_STORE" priority="3" abbrev="DLS" category="STYLE" instanceHash="6dc5860efd2765ba1cf3e363c68a2278" instanceOccurrenceNum="0" instanceOccurrenceMax="0">
    <ShortMessage>Dead store to local variable</ShortMessage>
    <LongMessage>Dead store to secs in org.jdom.contrib.beans.DateUtils.parseDate(String)</LongMessage>
    <Class classname="org.jdom.contrib.beans.DateUtils">
      <SourceLine classname="org.jdom.contrib.beans.DateUtils" start="54" end="215" sourcefile="DateUtils.java" sourcepath="org/jdom/contrib/beans/DateUtils.java">
        <Message>At DateUtils.java:[lines 54-215]</Message>
      </SourceLine>
      <Message>In class org.jdom.contrib.beans.DateUtils</Message>
    </Class>
    <Method classname="org.jdom.contrib.beans.DateUtils" name="parseDate" signature="(Ljava/lang/String;)Ljava/util/Date;" isStatic="true">
      <SourceLine classname="org.jdom.contrib.beans.DateUtils" start="66" end="128" startBytecode="0" endBytecode="81" sourcefile="DateUtils.java" sourcepath="org/jdom/contrib/beans/DateUtils.java"/>
      <Message>In method org.jdom.contrib.beans.DateUtils.parseDate(String)</Message>
    </Method>
    <LocalVariable name="secs" register="2" pc="30" role="LOCAL_VARIABLE_NAMED">
      <Message>Local variable named secs</Message>
    </LocalVariable>
    <SourceLine classname="org.jdom.contrib.beans.DateUtils" start="88" end="88" startBytecode="29" endBytecode="29" sourcefile="DateUtils.java" sourcepath="org/jdom/contrib/beans/DateUtils.java">
      <Message>At DateUtils.java:[line 88]</Message>
    </SourceLine>
  </BugInstance>
  <BugInstance type="MS_PKGPROTECT" priority="2" abbrev="MS" category="MALICIOUS_CODE" instanceHash="8b7b4fb5221099cc3964e3e79d894f56" instanceOccurrenceNum="0" instanceOccurrenceMax="0">
    <ShortMessage>Field should be package protected</ShortMessage>
    <LongMessage>org.jdom.contrib.beans.DateUtils.debug should be package protected</LongMessage>
    <Class classname="org.jdom.contrib.beans.DateUtils">
      <SourceLine classname="org.jdom.contrib.beans.DateUtils" start="54" end="215" sourcefile="DateUtils.java" sourcepath="org/jdom/contrib/beans/DateUtils.java">
        <Message>At DateUtils.java:[lines 54-215]</Message>
      </SourceLine>
      <Message>In class org.jdom.contrib.beans.DateUtils</Message>
    </Class>
    <Field classname="org.jdom.contrib.beans.DateUtils" name="debug" signature="Z" isStatic="true">
      <SourceLine classname="org.jdom.contrib.beans.DateUtils" sourcefile="DateUtils.java" sourcepath="org/jdom/contrib/beans/DateUtils.java">
        <Message>In DateUtils.java</Message>
      </SourceLine>
      <Message>Field org.jdom.contrib.beans.DateUtils.debug</Message>
    </Field>
    <SourceLine classname="org.jdom.contrib.beans.DateUtils" sourcefile="DateUtils.java" sourcepath="org/jdom/contrib/beans/DateUtils.java" synthetic="true">
      <Message>In DateUtils.java</Message>
    </SourceLine>
  </BugInstance>
  <BugInstance type="MS_SHOULD_BE_FINAL" priority="1" abbrev="MS" category="MALICIOUS_CODE" instanceHash="f627ba14d0dbacceb45544ce8163216b" instanceOccurrenceNum="0" instanceOccurrenceMax="0">
    <ShortMessage>Field isn't final but should be</ShortMessage>
    <LongMessage>org.jdom.contrib.beans.DateUtils.reISO8601 isn't final but should be</LongMessage>
    <Class classname="org.jdom.contrib.beans.DateUtils">
      <SourceLine classname="org.jdom.contrib.beans.DateUtils" start="54" end="215" sourcefile="DateUtils.java" sourcepath="org/jdom/contrib/beans/DateUtils.java">
        <Message>At DateUtils.java:[lines 54-215]</Message>
      </SourceLine>
      <Message>In class org.jdom.contrib.beans.DateUtils</Message>
    </Class>
    <Field classname="org.jdom.contrib.beans.DateUtils" name="reISO8601" signature="Ljava/lang/String;" isStatic="true">
      <SourceLine classname="org.jdom.contrib.beans.DateUtils" sourcefile="DateUtils.java" sourcepath="org/jdom/contrib/beans/DateUtils.java">
        <Message>In DateUtils.java</Message>
      </SourceLine>
      <Message>Field org.jdom.contrib.beans.DateUtils.reISO8601</Message>
    </Field>
    <SourceLine classname="org.jdom.contrib.beans.DateUtils" start="142" end="142" startBytecode="2" endBytecode="2" sourcefile="DateUtils.java" sourcepath="org/jdom/contrib/beans/DateUtils.java">
      <Message>At DateUtils.java:[line 142]</Message>
    </SourceLine>
  </BugInstance>
  <BugInstance type="RCN_REDUNDANT_NULLCHECK_OF_NULL_VALUE" priority="2" abbrev="RCN" category="STYLE" instanceHash="6ef575c4f713eb69f147430038cb2392" instanceOccurrenceNum="0" instanceOccurrenceMax="0">
    <ShortMessage>Redundant nullcheck of value known to be null</ShortMessage>
    <LongMessage>Redundant nullcheck of tz which is known to be null in org.jdom.contrib.beans.DateUtils.parseDate(String)</LongMessage>
    <Class classname="org.jdom.contrib.beans.DateUtils">
      <SourceLine classname="org.jdom.contrib.beans.DateUtils" start="54" end="215" sourcefile="DateUtils.java" sourcepath="org/jdom/contrib/beans/DateUtils.java">
        <Message>At DateUtils.java:[lines 54-215]</Message>
      </SourceLine>
      <Message>In class org.jdom.contrib.beans.DateUtils</Message>
    </Class>
    <Method classname="org.jdom.contrib.beans.DateUtils" name="parseDate" signature="(Ljava/lang/String;)Ljava/util/Date;" isStatic="true">
      <SourceLine classname="org.jdom.contrib.beans.DateUtils" start="66" end="128" startBytecode="0" endBytecode="384" sourcefile="DateUtils.java" sourcepath="org/jdom/contrib/beans/DateUtils.java"/>
      <Message>In method org.jdom.contrib.beans.DateUtils.parseDate(String)</Message>
    </Method>
    <LocalVariable name="tz" register="3" pc="53" role="LOCAL_VARIABLE_NAMED">
      <Message>Local variable named tz</Message>
    </LocalVariable>
    <SourceLine classname="org.jdom.contrib.beans.DateUtils" start="111" end="111" startBytecode="54" endBytecode="54" sourcefile="DateUtils.java" sourcepath="org/jdom/contrib/beans/DateUtils.java" role="SOURCE_REDUNDANT_NULL_CHECK">
      <Message>Redundant null check at DateUtils.java:[line 111]</Message>
    </SourceLine>
  </BugInstance>
  <BugInstance type="SIC_INNER_SHOULD_BE_STATIC" priority="2" abbrev="SIC" category="PERFORMANCE" instanceHash="2d4fc15e6fa04023c937a89b3b17cf30" instanceOccurrenceNum="0" instanceOccurrenceMax="0">
    <ShortMessage>Should be a static inner class</ShortMessage>
    <LongMessage>Should org.jdom.contrib.beans.JDOMBean$FileInfo be a _static_ inner class?</LongMessage>
    <Class classname="org.jdom.contrib.beans.JDOMBean$FileInfo">
      <SourceLine classname="org.jdom.contrib.beans.JDOMBean$FileInfo" start="104" end="236" sourcefile="JDOMBean.java" sourcepath="org/jdom/contrib/beans/JDOMBean.java">
        <Message>At JDOMBean.java:[lines 104-236]</Message>
      </SourceLine>
      <Message>In class org.jdom.contrib.beans.JDOMBean$FileInfo</Message>
    </Class>
    <SourceLine classname="org.jdom.contrib.beans.JDOMBean$FileInfo" start="104" end="236" sourcefile="JDOMBean.java" sourcepath="org/jdom/contrib/beans/JDOMBean.java" synthetic="true">
      <Message>At JDOMBean.java:[lines 104-236]</Message>
    </SourceLine>
  </BugInstance>
  <BugInstance type="URF_UNREAD_FIELD" priority="2" abbrev="UrF" category="PERFORMANCE" instanceHash="765f780d9076cba6e4cd659ef0b1790b" instanceOccurrenceNum="0" instanceOccurrenceMax="0">
    <ShortMessage>Unread field</ShortMessage>
    <LongMessage>Unread field: org.jdom.contrib.beans.JDOMBean$FileInfo.name</LongMessage>
    <Class classname="org.jdom.contrib.beans.JDOMBean$FileInfo">
      <SourceLine classname="org.jdom.contrib.beans.JDOMBean$FileInfo" start="104" end="236" sourcefile="JDOMBean.java" sourcepath="org/jdom/contrib/beans/JDOMBean.java">
        <Message>At JDOMBean.java:[lines 104-236]</Message>
      </SourceLine>
      <Message>In class org.jdom.contrib.beans.JDOMBean$FileInfo</Message>
    </Class>
    <Field classname="org.jdom.contrib.beans.JDOMBean$FileInfo" name="name" signature="Ljava/lang/String;" isStatic="false">
      <SourceLine classname="org.jdom.contrib.beans.JDOMBean$FileInfo" sourcefile="JDOMBean.java" sourcepath="org/jdom/contrib/beans/JDOMBean.java">
        <Message>In JDOMBean.java</Message>
      </SourceLine>
      <Message>Field org.jdom.contrib.beans.JDOMBean$FileInfo.name</Message>
    </Field>
    <SourceLine classname="org.jdom.contrib.beans.JDOMBean$FileInfo" start="234" end="234" startBytecode="11" endBytecode="11" sourcefile="JDOMBean.java" sourcepath="org/jdom/contrib/beans/JDOMBean.java">
      <Message>At JDOMBean.java:[line 234]</Message>
    </SourceLine>
  </BugInstance>
  <BugInstance type="MS_FINAL_PKGPROTECT" priority="2" abbrev="MS" category="MALICIOUS_CODE" instanceHash="cceaa9dce42502e5d08b94601a17980c" instanceOccurrenceNum="0" instanceOccurrenceMax="0">
    <ShortMessage>Field should be both final and package protected</ShortMessage>
    <LongMessage>org.jdom.contrib.beans.StringConverter.argString should be both final and package protected</LongMessage>
    <Class classname="org.jdom.contrib.beans.StringConverter">
      <SourceLine classname="org.jdom.contrib.beans.StringConverter" start="53" end="118" sourcefile="StringConverter.java" sourcepath="org/jdom/contrib/beans/StringConverter.java">
        <Message>At StringConverter.java:[lines 53-118]</Message>
      </SourceLine>
      <Message>In class org.jdom.contrib.beans.StringConverter</Message>
    </Class>
    <Field classname="org.jdom.contrib.beans.StringConverter" name="argString" signature="[Ljava/lang/Class;" isStatic="true">
      <SourceLine classname="org.jdom.contrib.beans.StringConverter" sourcefile="StringConverter.java" sourcepath="org/jdom/contrib/beans/StringConverter.java">
        <Message>In StringConverter.java</Message>
      </SourceLine>
      <Message>Field org.jdom.contrib.beans.StringConverter.argString</Message>
    </Field>
    <SourceLine classname="org.jdom.contrib.beans.StringConverter" start="80" end="80" startBytecode="28" endBytecode="28" sourcefile="StringConverter.java" sourcepath="org/jdom/contrib/beans/StringConverter.java">
      <Message>At StringConverter.java:[line 80]</Message>
    </SourceLine>
  </BugInstance>
  <BugInstance type="EI_EXPOSE_REP" priority="2" abbrev="EI" category="MALICIOUS_CODE" instanceHash="cae3f604490d50bda4f5236448c1f707" instanceOccurrenceNum="0" instanceOccurrenceMax="0">
    <ShortMessage>May expose internal representation by returning reference to mutable object</ShortMessage>
    <LongMessage>org.jdom.contrib.beans.TestBean.getBirthdate() may expose internal representation by returning TestBean.birthdate</LongMessage>
    <Class classname="org.jdom.contrib.beans.TestBean">
      <SourceLine classname="org.jdom.contrib.beans.TestBean" start="7" end="79" sourcefile="TestBean.java" sourcepath="org/jdom/contrib/beans/TestBean.java">
        <Message>At TestBean.java:[lines 7-79]</Message>
      </SourceLine>
      <Message>In class org.jdom.contrib.beans.TestBean</Message>
    </Class>
    <Method classname="org.jdom.contrib.beans.TestBean" name="getBirthdate" signature="()Ljava/util/Date;" isStatic="false">
      <SourceLine classname="org.jdom.contrib.beans.TestBean" start="20" end="20" startBytecode="0" endBytecode="46" sourcefile="TestBean.java" sourcepath="org/jdom/contrib/beans/TestBean.java"/>
      <Message>In method org.jdom.contrib.beans.TestBean.getBirthdate()</Message>
    </Method>
    <Field classname="org.jdom.contrib.beans.TestBean" name="birthdate" signature="Ljava/util/Date;" isStatic="false">
      <SourceLine classname="org.jdom.contrib.beans.TestBean" sourcefile="TestBean.java" sourcepath="org/jdom/contrib/beans/TestBean.java">
        <Message>In TestBean.java</Message>
      </SourceLine>
      <Message>Field org.jdom.contrib.beans.TestBean.birthdate</Message>
    </Field>
    <SourceLine classname="org.jdom.contrib.beans.TestBean" start="20" end="20" startBytecode="4" endBytecode="4" sourcefile="TestBean.java" sourcepath="org/jdom/contrib/beans/TestBean.java">
      <Message>At TestBean.java:[line 20]</Message>
    </SourceLine>
  </BugInstance>
  <BugInstance type="EI_EXPOSE_REP2" priority="2" abbrev="EI2" category="MALICIOUS_CODE" instanceHash="91570d0812be035589d1225d04d9cf07" instanceOccurrenceNum="0" instanceOccurrenceMax="0">
    <ShortMessage>May expose internal representation by incorporating reference to mutable object</ShortMessage>
    <LongMessage>org.jdom.contrib.beans.TestBean.setBirthdate(Date) may expose internal representation by storing an externally mutable object into TestBean.birthdate</LongMessage>
    <Class classname="org.jdom.contrib.beans.TestBean">
      <SourceLine classname="org.jdom.contrib.beans.TestBean" start="7" end="79" sourcefile="TestBean.java" sourcepath="org/jdom/contrib/beans/TestBean.java">
        <Message>At TestBean.java:[lines 7-79]</Message>
      </SourceLine>
      <Message>In class org.jdom.contrib.beans.TestBean</Message>
    </Class>
    <Method classname="org.jdom.contrib.beans.TestBean" name="setBirthdate" signature="(Ljava/util/Date;)V" isStatic="false">
      <SourceLine classname="org.jdom.contrib.beans.TestBean" start="33" end="32" startBytecode="0" endBytecode="61" sourcefile="TestBean.java" sourcepath="org/jdom/contrib/beans/TestBean.java"/>
      <Message>In method org.jdom.contrib.beans.TestBean.setBirthdate(Date)</Message>
    </Method>
    <Field classname="org.jdom.contrib.beans.TestBean" name="birthdate" signature="Ljava/util/Date;" isStatic="true">
      <SourceLine classname="org.jdom.contrib.beans.TestBean" sourcefile="TestBean.java" sourcepath="org/jdom/contrib/beans/TestBean.java">
        <Message>In TestBean.java</Message>
      </SourceLine>
      <Message>Field org.jdom.contrib.beans.TestBean.birthdate</Message>
    </Field>
    <SourceLine classname="org.jdom.contrib.beans.TestBean" start="33" end="33" startBytecode="2" endBytecode="2" sourcefile="TestBean.java" sourcepath="org/jdom/contrib/beans/TestBean.java">
      <Message>At TestBean.java:[line 33]</Message>
    </SourceLine>
  </BugInstance>
  <BugInstance type="SE_NO_SERIALVERSIONID" priority="3" abbrev="SnVI" category="BAD_PRACTICE" instanceHash="8901b535ac2918f1cf6f77f233098d32" instanceOccurrenceNum="0" instanceOccurrenceMax="0">
    <ShortMessage>Class is Serializable, but doesn't define serialVersionUID</ShortMessage>
    <LongMessage>org.jdom.contrib.beans.TestBean is Serializable; consider declaring a serialVersionUID</LongMessage>
    <Class classname="org.jdom.contrib.beans.TestBean">
      <SourceLine classname="org.jdom.contrib.beans.TestBean" start="7" end="79" sourcefile="TestBean.java" sourcepath="org/jdom/contrib/beans/TestBean.java">
        <Message>At TestBean.java:[lines 7-79]</Message>
      </SourceLine>
      <Message>In class org.jdom.contrib.beans.TestBean</Message>
    </Class>
    <SourceLine classname="org.jdom.contrib.beans.TestBean" start="7" end="79" sourcefile="TestBean.java" sourcepath="org/jdom/contrib/beans/TestBean.java" synthetic="true">
      <Message>At TestBean.java:[lines 7-79]</Message>
    </SourceLine>
  </BugInstance>
  <BugInstance type="EI_EXPOSE_REP" priority="2" abbrev="EI" category="MALICIOUS_CODE" instanceHash="7c5cdffe2406f9b7df1227375101c1fe" instanceOccurrenceNum="0" instanceOccurrenceMax="0">
    <ShortMessage>May expose internal representation by returning reference to mutable object</ShortMessage>
    <LongMessage>org.jdom.contrib.beans.TestIndexed.getMeasurements() may expose internal representation by returning TestIndexed.measurements</LongMessage>
    <Class classname="org.jdom.contrib.beans.TestIndexed">
      <SourceLine classname="org.jdom.contrib.beans.TestIndexed" start="10" end="105" sourcefile="TestIndexed.java" sourcepath="org/jdom/contrib/beans/TestIndexed.java">
        <Message>At TestIndexed.java:[lines 10-105]</Message>
      </SourceLine>
      <Message>In class org.jdom.contrib.beans.TestIndexed</Message>
    </Class>
    <Method classname="org.jdom.contrib.beans.TestIndexed" name="getMeasurements" signature="()[I" isStatic="false">
      <SourceLine classname="org.jdom.contrib.beans.TestIndexed" start="47" end="47" startBytecode="0" endBytecode="46" sourcefile="TestIndexed.java" sourcepath="org/jdom/contrib/beans/TestIndexed.java"/>
      <Message>In method org.jdom.contrib.beans.TestIndexed.getMeasurements()</Message>
    </Method>
    <Field classname="org.jdom.contrib.beans.TestIndexed" name="measurements" signature="[I" isStatic="false">
      <SourceLine classname="org.jdom.contrib.beans.TestIndexed" sourcefile="TestIndexed.java" sourcepath="org/jdom/contrib/beans/TestIndexed.java">
        <Message>In TestIndexed.java</Message>
      </SourceLine>
      <Message>Field org.jdom.contrib.beans.TestIndexed.measurements</Message>
    </Field>
    <SourceLine classname="org.jdom.contrib.beans.TestIndexed" start="47" end="47" startBytecode="4" endBytecode="4" sourcefile="TestIndexed.java" sourcepath="org/jdom/contrib/beans/TestIndexed.java">
      <Message>At TestIndexed.java:[line 47]</Message>
    </SourceLine>
  </BugInstance>
  <BugInstance type="EI_EXPOSE_REP2" priority="2" abbrev="EI2" category="MALICIOUS_CODE" instanceHash="8fbbef024c90e86d192e6befc55bf80c" instanceOccurrenceNum="0" instanceOccurrenceMax="0">
    <ShortMessage>May expose internal representation by incorporating reference to mutable object</ShortMessage>
    <LongMessage>org.jdom.contrib.beans.TestIndexed.setMeasurements(int[]) may expose internal representation by storing an externally mutable object into TestIndexed.measurements</LongMessage>
    <Class classname="org.jdom.contrib.beans.TestIndexed">
      <SourceLine classname="org.jdom.contrib.beans.TestIndexed" start="10" end="105" sourcefile="TestIndexed.java" sourcepath="org/jdom/contrib/beans/TestIndexed.java">
        <Message>At TestIndexed.java:[lines 10-105]</Message>
      </SourceLine>
      <Message>In class org.jdom.contrib.beans.TestIndexed</Message>
    </Class>
    <Method classname="org.jdom.contrib.beans.TestIndexed" name="setMeasurements" signature="([I)V" isStatic="false">
      <SourceLine classname="org.jdom.contrib.beans.TestIndexed" start="51" end="50" startBytecode="0" endBytecode="61" sourcefile="TestIndexed.java" sourcepath="org/jdom/contrib/beans/TestIndexed.java"/>
      <Message>In method org.jdom.contrib.beans.TestIndexed.setMeasurements(int[])</Message>
    </Method>
    <Field classname="org.jdom.contrib.beans.TestIndexed" name="measurements" signature="[I" isStatic="true">
      <SourceLine classname="org.jdom.contrib.beans.TestIndexed" sourcefile="TestIndexed.java" sourcepath="org/jdom/contrib/beans/TestIndexed.java">
        <Message>In TestIndexed.java</Message>
      </SourceLine>
      <Message>Field org.jdom.contrib.beans.TestIndexed.measurements</Message>
    </Field>
    <SourceLine classname="org.jdom.contrib.beans.TestIndexed" start="51" end="51" startBytecode="2" endBytecode="2" sourcefile="TestIndexed.java" sourcepath="org/jdom/contrib/beans/TestIndexed.java">
      <Message>At TestIndexed.java:[line 51]</Message>
    </SourceLine>
  </BugInstance>
  <BugInstance type="SE_NO_SERIALVERSIONID" priority="3" abbrev="SnVI" category="BAD_PRACTICE" instanceHash="aedc277daab7d0d0908785f7b021e26b" instanceOccurrenceNum="0" instanceOccurrenceMax="0">
    <ShortMessage>Class is Serializable, but doesn't define serialVersionUID</ShortMessage>
    <LongMessage>org.jdom.contrib.beans.TestIndexed is Serializable; consider declaring a serialVersionUID</LongMessage>
    <Class classname="org.jdom.contrib.beans.TestIndexed">
      <SourceLine classname="org.jdom.contrib.beans.TestIndexed" start="10" end="105" sourcefile="TestIndexed.java" sourcepath="org/jdom/contrib/beans/TestIndexed.java">
        <Message>At TestIndexed.java:[lines 10-105]</Message>
      </SourceLine>
      <Message>In class org.jdom.contrib.beans.TestIndexed</Message>
    </Class>
    <SourceLine classname="org.jdom.contrib.beans.TestIndexed" start="10" end="105" sourcefile="TestIndexed.java" sourcepath="org/jdom/contrib/beans/TestIndexed.java" synthetic="true">
      <Message>At TestIndexed.java:[lines 10-105]</Message>
    </SourceLine>
  </BugInstance>
  <BugInstance type="SE_NO_SERIALVERSIONID" priority="3" abbrev="SnVI" category="BAD_PRACTICE" instanceHash="c0c4371029188f14b82bb6cc0a2d882c" instanceOccurrenceNum="0" instanceOccurrenceMax="0">
    <ShortMessage>Class is Serializable, but doesn't define serialVersionUID</ShortMessage>
    <LongMessage>org.jdom.contrib.ids.IdDocument is Serializable; consider declaring a serialVersionUID</LongMessage>
    <Class classname="org.jdom.contrib.ids.IdDocument">
      <SourceLine classname="org.jdom.contrib.ids.IdDocument" start="91" end="156" sourcefile="IdDocument.java" sourcepath="org/jdom/contrib/ids/IdDocument.java">
        <Message>At IdDocument.java:[lines 91-156]</Message>
      </SourceLine>
      <Message>In class org.jdom.contrib.ids.IdDocument</Message>
    </Class>
    <SourceLine classname="org.jdom.contrib.ids.IdDocument" start="91" end="156" sourcefile="IdDocument.java" sourcepath="org/jdom/contrib/ids/IdDocument.java" synthetic="true">
      <Message>At IdDocument.java:[lines 91-156]</Message>
    </SourceLine>
  </BugInstance>
  <BugInstance type="SE_NO_SERIALVERSIONID" priority="3" abbrev="SnVI" category="BAD_PRACTICE" instanceHash="47cc59e4e9045f130b25f4a259104dbe" instanceOccurrenceNum="0" instanceOccurrenceMax="0">
    <ShortMessage>Class is Serializable, but doesn't define serialVersionUID</ShortMessage>
    <LongMessage>org.jdom.contrib.ids.IdElement is Serializable; consider declaring a serialVersionUID</LongMessage>
    <Class classname="org.jdom.contrib.ids.IdElement">
      <SourceLine classname="org.jdom.contrib.ids.IdElement" start="79" end="241" sourcefile="IdElement.java" sourcepath="org/jdom/contrib/ids/IdElement.java">
        <Message>At IdElement.java:[lines 79-241]</Message>
      </SourceLine>
      <Message>In class org.jdom.contrib.ids.IdElement</Message>
    </Class>
    <SourceLine classname="org.jdom.contrib.ids.IdElement" start="79" end="241" sourcefile="IdElement.java" sourcepath="org/jdom/contrib/ids/IdElement.java" synthetic="true">
      <Message>At IdElement.java:[lines 79-241]</Message>
    </SourceLine>
  </BugInstance>
  <BugInstance type="DM_CONVERT_CASE" priority="3" abbrev="Dm" category="I18N" instanceHash="5c24e5161758287de4f1c9b2bdf4dbbd" instanceOccurrenceNum="0" instanceOccurrenceMax="0">
    <ShortMessage>Consider using Locale parameterized version of invoked method</ShortMessage>
    <LongMessage>Use of non-localized String.toUpperCase() or String.toLowerCase</LongMessage>
    <Class classname="org.jdom.contrib.input.ResultSetBuilder">
      <SourceLine classname="org.jdom.contrib.input.ResultSetBuilder" start="89" end="438" sourcefile="ResultSetBuilder.java" sourcepath="org/jdom/contrib/input/ResultSetBuilder.java">
        <Message>At ResultSetBuilder.java:[lines 89-438]</Message>
      </SourceLine>
      <Message>In class org.jdom.contrib.input.ResultSetBuilder</Message>
    </Class>
    <Method classname="org.jdom.contrib.input.ResultSetBuilder" name="isAttribute" signature="(Ljava/lang/String;)Z" isStatic="false">
      <SourceLine classname="org.jdom.contrib.input.ResultSetBuilder" start="274" end="279" startBytecode="0" endBytecode="101" sourcefile="ResultSetBuilder.java" sourcepath="org/jdom/contrib/input/ResultSetBuilder.java"/>
      <Message>In method org.jdom.contrib.input.ResultSetBuilder.isAttribute(String)</Message>
    </Method>
    <SourceLine classname="org.jdom.contrib.input.ResultSetBuilder" start="274" end="274" startBytecode="5" endBytecode="5" sourcefile="ResultSetBuilder.java" sourcepath="org/jdom/contrib/input/ResultSetBuilder.java">
      <Message>At ResultSetBuilder.java:[line 274]</Message>
    </SourceLine>
  </BugInstance>
  <BugInstance type="DM_CONVERT_CASE" priority="3" abbrev="Dm" category="I18N" instanceHash="ebe10bdd54eb7688001a232955bf72a6" instanceOccurrenceNum="0" instanceOccurrenceMax="0">
    <ShortMessage>Consider using Locale parameterized version of invoked method</ShortMessage>
    <LongMessage>Use of non-localized String.toUpperCase() or String.toLowerCase</LongMessage>
    <Class classname="org.jdom.contrib.input.ResultSetBuilder">
      <SourceLine classname="org.jdom.contrib.input.ResultSetBuilder" start="89" end="438" sourcefile="ResultSetBuilder.java" sourcepath="org/jdom/contrib/input/ResultSetBuilder.java">
        <Message>At ResultSetBuilder.java:[lines 89-438]</Message>
      </SourceLine>
      <Message>In class org.jdom.contrib.input.ResultSetBuilder</Message>
    </Class>
    <Method classname="org.jdom.contrib.input.ResultSetBuilder" name="lookupName" signature="(Ljava/lang/String;)Ljava/lang/String;" isStatic="false">
      <SourceLine classname="org.jdom.contrib.input.ResultSetBuilder" start="264" end="269" startBytecode="0" endBytecode="98" sourcefile="ResultSetBuilder.java" sourcepath="org/jdom/contrib/input/ResultSetBuilder.java"/>
      <Message>In method org.jdom.contrib.input.ResultSetBuilder.lookupName(String)</Message>
    </Method>
    <SourceLine classname="org.jdom.contrib.input.ResultSetBuilder" start="264" end="264" startBytecode="5" endBytecode="5" sourcefile="ResultSetBuilder.java" sourcepath="org/jdom/contrib/input/ResultSetBuilder.java">
      <Message>At ResultSetBuilder.java:[line 264]</Message>
    </SourceLine>
  </BugInstance>
  <BugInstance type="DM_CONVERT_CASE" priority="3" abbrev="Dm" category="I18N" instanceHash="82f669c2499297703ff8d1b43421421d" instanceOccurrenceNum="0" instanceOccurrenceMax="0">
    <ShortMessage>Consider using Locale parameterized version of invoked method</ShortMessage>
    <LongMessage>Use of non-localized String.toUpperCase() or String.toLowerCase</LongMessage>
    <Class classname="org.jdom.contrib.input.ResultSetBuilder">
      <SourceLine classname="org.jdom.contrib.input.ResultSetBuilder" start="89" end="438" sourcefile="ResultSetBuilder.java" sourcepath="org/jdom/contrib/input/ResultSetBuilder.java">
        <Message>At ResultSetBuilder.java:[lines 89-438]</Message>
      </SourceLine>
      <Message>In class org.jdom.contrib.input.ResultSetBuilder</Message>
    </Class>
    <Method classname="org.jdom.contrib.input.ResultSetBuilder" name="setAsAttribute" signature="(I)V" isStatic="false">
      <SourceLine classname="org.jdom.contrib.input.ResultSetBuilder" start="375" end="374" startBytecode="0" endBytecode="141" sourcefile="ResultSetBuilder.java" sourcepath="org/jdom/contrib/input/ResultSetBuilder.java"/>
      <Message>In method org.jdom.contrib.input.ResultSetBuilder.setAsAttribute(int)</Message>
    </Method>
    <SourceLine classname="org.jdom.contrib.input.ResultSetBuilder" start="376" end="376" startBytecode="10" endBytecode="10" sourcefile="ResultSetBuilder.java" sourcepath="org/jdom/contrib/input/ResultSetBuilder.java">
      <Message>At ResultSetBuilder.java:[line 376]</Message>
    </SourceLine>
  </BugInstance>
  <BugInstance type="DM_CONVERT_CASE" priority="3" abbrev="Dm" category="I18N" instanceHash="d1d34beab1b117ab9d0d9e7bf4744caf" instanceOccurrenceNum="0" instanceOccurrenceMax="0">
    <ShortMessage>Consider using Locale parameterized version of invoked method</ShortMessage>
    <LongMessage>Use of non-localized String.toUpperCase() or String.toLowerCase</LongMessage>
    <Class classname="org.jdom.contrib.input.ResultSetBuilder">
      <SourceLine classname="org.jdom.contrib.input.ResultSetBuilder" start="89" end="438" sourcefile="ResultSetBuilder.java" sourcepath="org/jdom/contrib/input/ResultSetBuilder.java">
        <Message>At ResultSetBuilder.java:[lines 89-438]</Message>
      </SourceLine>
      <Message>In class org.jdom.contrib.input.ResultSetBuilder</Message>
    </Class>
    <Method classname="org.jdom.contrib.input.ResultSetBuilder" name="setAsAttribute" signature="(ILjava/lang/String;)V" isStatic="false">
      <SourceLine classname="org.jdom.contrib.input.ResultSetBuilder" start="395" end="394" startBytecode="0" endBytecode="167" sourcefile="ResultSetBuilder.java" sourcepath="org/jdom/contrib/input/ResultSetBuilder.java"/>
      <Message>In method org.jdom.contrib.input.ResultSetBuilder.setAsAttribute(int, String)</Message>
    </Method>
    <SourceLine classname="org.jdom.contrib.input.ResultSetBuilder" start="396" end="396" startBytecode="10" endBytecode="10" sourcefile="ResultSetBuilder.java" sourcepath="org/jdom/contrib/input/ResultSetBuilder.java">
      <Message>At ResultSetBuilder.java:[line 396]</Message>
    </SourceLine>
  </BugInstance>
  <BugInstance type="DM_CONVERT_CASE" priority="3" abbrev="Dm" category="I18N" instanceHash="8a19faf2edde153a7573f6334483d1fb" instanceOccurrenceNum="0" instanceOccurrenceMax="0">
    <ShortMessage>Consider using Locale parameterized version of invoked method</ShortMessage>
    <LongMessage>Use of non-localized String.toUpperCase() or String.toLowerCase</LongMessage>
    <Class classname="org.jdom.contrib.input.ResultSetBuilder">
      <SourceLine classname="org.jdom.contrib.input.ResultSetBuilder" start="89" end="438" sourcefile="ResultSetBuilder.java" sourcepath="org/jdom/contrib/input/ResultSetBuilder.java">
        <Message>At ResultSetBuilder.java:[lines 89-438]</Message>
      </SourceLine>
      <Message>In class org.jdom.contrib.input.ResultSetBuilder</Message>
    </Class>
    <Method classname="org.jdom.contrib.input.ResultSetBuilder" name="setAsAttribute" signature="(Ljava/lang/String;)V" isStatic="false">
      <SourceLine classname="org.jdom.contrib.input.ResultSetBuilder" start="346" end="345" startBytecode="0" endBytecode="73" sourcefile="ResultSetBuilder.java" sourcepath="org/jdom/contrib/input/ResultSetBuilder.java"/>
      <Message>In method org.jdom.contrib.input.ResultSetBuilder.setAsAttribute(String)</Message>
    </Method>
    <SourceLine classname="org.jdom.contrib.input.ResultSetBuilder" start="346" end="346" startBytecode="5" endBytecode="5" sourcefile="ResultSetBuilder.java" sourcepath="org/jdom/contrib/input/ResultSetBuilder.java">
      <Message>At ResultSetBuilder.java:[line 346]</Message>
    </SourceLine>
  </BugInstance>
  <BugInstance type="DM_CONVERT_CASE" priority="3" abbrev="Dm" category="I18N" instanceHash="2108beca1117185e8cf5c9d736f66401" instanceOccurrenceNum="0" instanceOccurrenceMax="0">
    <ShortMessage>Consider using Locale parameterized version of invoked method</ShortMessage>
    <LongMessage>Use of non-localized String.toUpperCase() or String.toLowerCase</LongMessage>
    <Class classname="org.jdom.contrib.input.ResultSetBuilder">
      <SourceLine classname="org.jdom.contrib.input.ResultSetBuilder" start="89" end="438" sourcefile="ResultSetBuilder.java" sourcepath="org/jdom/contrib/input/ResultSetBuilder.java">
        <Message>At ResultSetBuilder.java:[lines 89-438]</Message>
      </SourceLine>
      <Message>In class org.jdom.contrib.input.ResultSetBuilder</Message>
    </Class>
    <Method classname="org.jdom.contrib.input.ResultSetBuilder" name="setAsAttribute" signature="(Ljava/lang/String;Ljava/lang/String;)V" isStatic="false">
      <SourceLine classname="org.jdom.contrib.input.ResultSetBuilder" start="360" end="359" startBytecode="0" endBytecode="102" sourcefile="ResultSetBuilder.java" sourcepath="org/jdom/contrib/input/ResultSetBuilder.java"/>
      <Message>In method org.jdom.contrib.input.ResultSetBuilder.setAsAttribute(String, String)</Message>
    </Method>
    <SourceLine classname="org.jdom.contrib.input.ResultSetBuilder" start="360" end="360" startBytecode="5" endBytecode="5" sourcefile="ResultSetBuilder.java" sourcepath="org/jdom/contrib/input/ResultSetBuilder.java">
      <Message>At ResultSetBuilder.java:[line 360]</Message>
    </SourceLine>
  </BugInstance>
  <BugInstance type="DM_CONVERT_CASE" priority="3" abbrev="Dm" category="I18N" instanceHash="7f1ee3a869b23d4c717471cdc3d31482" instanceOccurrenceNum="0" instanceOccurrenceMax="0">
    <ShortMessage>Consider using Locale parameterized version of invoked method</ShortMessage>
    <LongMessage>Use of non-localized String.toUpperCase() or String.toLowerCase</LongMessage>
    <Class classname="org.jdom.contrib.input.ResultSetBuilder">
      <SourceLine classname="org.jdom.contrib.input.ResultSetBuilder" start="89" end="438" sourcefile="ResultSetBuilder.java" sourcepath="org/jdom/contrib/input/ResultSetBuilder.java">
        <Message>At ResultSetBuilder.java:[lines 89-438]</Message>
      </SourceLine>
      <Message>In class org.jdom.contrib.input.ResultSetBuilder</Message>
    </Class>
    <Method classname="org.jdom.contrib.input.ResultSetBuilder" name="setAsElement" signature="(ILjava/lang/String;)V" isStatic="false">
      <SourceLine classname="org.jdom.contrib.input.ResultSetBuilder" start="432" end="431" startBytecode="0" endBytecode="167" sourcefile="ResultSetBuilder.java" sourcepath="org/jdom/contrib/input/ResultSetBuilder.java"/>
      <Message>In method org.jdom.contrib.input.ResultSetBuilder.setAsElement(int, String)</Message>
    </Method>
    <SourceLine classname="org.jdom.contrib.input.ResultSetBuilder" start="433" end="433" startBytecode="10" endBytecode="10" sourcefile="ResultSetBuilder.java" sourcepath="org/jdom/contrib/input/ResultSetBuilder.java">
      <Message>At ResultSetBuilder.java:[line 433]</Message>
    </SourceLine>
  </BugInstance>
  <BugInstance type="DM_CONVERT_CASE" priority="3" abbrev="Dm" category="I18N" instanceHash="1d26643e1d1aee9c45996feba309dbb7" instanceOccurrenceNum="0" instanceOccurrenceMax="0">
    <ShortMessage>Consider using Locale parameterized version of invoked method</ShortMessage>
    <LongMessage>Use of non-localized String.toUpperCase() or String.toLowerCase</LongMessage>
    <Class classname="org.jdom.contrib.input.ResultSetBuilder">
      <SourceLine classname="org.jdom.contrib.input.ResultSetBuilder" start="89" end="438" sourcefile="ResultSetBuilder.java" sourcepath="org/jdom/contrib/input/ResultSetBuilder.java">
        <Message>At ResultSetBuilder.java:[lines 89-438]</Message>
      </SourceLine>
      <Message>In class org.jdom.contrib.input.ResultSetBuilder</Message>
    </Class>
    <Method classname="org.jdom.contrib.input.ResultSetBuilder" name="setAsElement" signature="(Ljava/lang/String;Ljava/lang/String;)V" isStatic="false">
      <SourceLine classname="org.jdom.contrib.input.ResultSetBuilder" start="416" end="415" startBytecode="0" endBytecode="115" sourcefile="ResultSetBuilder.java" sourcepath="org/jdom/contrib/input/ResultSetBuilder.java"/>
      <Message>In method org.jdom.contrib.input.ResultSetBuilder.setAsElement(String, String)</Message>
    </Method>
    <SourceLine classname="org.jdom.contrib.input.ResultSetBuilder" start="416" end="416" startBytecode="1" endBytecode="1" sourcefile="ResultSetBuilder.java" sourcepath="org/jdom/contrib/input/ResultSetBuilder.java">
      <Message>At ResultSetBuilder.java:[line 416]</Message>
    </SourceLine>
  </BugInstance>
  <BugInstance type="RC_REF_COMPARISON" priority="2" abbrev="RC" category="BAD_PRACTICE" instanceHash="e7929329cd9f92eadff6c64be3330dd5" instanceOccurrenceNum="0" instanceOccurrenceMax="0">
    <ShortMessage>Suspicious reference comparison</ShortMessage>
    <LongMessage>Suspicious comparison of java.lang.Boolean references in org.jdom.contrib.input.ResultSetBuilder.isAttribute(String)</LongMessage>
    <Class classname="org.jdom.contrib.input.ResultSetBuilder">
      <SourceLine classname="org.jdom.contrib.input.ResultSetBuilder" start="89" end="438" sourcefile="ResultSetBuilder.java" sourcepath="org/jdom/contrib/input/ResultSetBuilder.java">
        <Message>At ResultSetBuilder.java:[lines 89-438]</Message>
      </SourceLine>
      <Message>In class org.jdom.contrib.input.ResultSetBuilder</Message>
    </Class>
    <Method classname="org.jdom.contrib.input.ResultSetBuilder" name="isAttribute" signature="(Ljava/lang/String;)Z" isStatic="false">
      <SourceLine classname="org.jdom.contrib.input.ResultSetBuilder" start="274" end="279" startBytecode="0" endBytecode="13" sourcefile="ResultSetBuilder.java" sourcepath="org/jdom/contrib/input/ResultSetBuilder.java"/>
      <Message>In method org.jdom.contrib.input.ResultSetBuilder.isAttribute(String)</Message>
    </Method>
    <Type descriptor="Ljava/lang/Boolean;" role="TYPE_FOUND">
      <Message>Actual type java.lang.Boolean</Message>
    </Type>
    <SourceLine classname="org.jdom.contrib.input.ResultSetBuilder" start="275" end="275" startBytecode="21" endBytecode="21" sourcefile="ResultSetBuilder.java" sourcepath="org/jdom/contrib/input/ResultSetBuilder.java">
      <Message>At ResultSetBuilder.java:[line 275]</Message>
    </SourceLine>
  </BugInstance>
  <BugCategory category="PERFORMANCE">
    <Description>Performance</Description>
  </BugCategory>
  <BugCategory category="CORRECTNESS">
    <Description>Correctness</Description>
  </BugCategory>
  <BugCategory category="I18N">
    <Description>Internationalization</Description>
  </BugCategory>
  <BugCategory category="BAD_PRACTICE">
    <Description>Bad practice</Description>
  </BugCategory>
  <BugCategory category="MALICIOUS_CODE">
    <Description>Malicious code vulnerability</Description>
  </BugCategory>
  <BugCategory category="STYLE">
    <Description>Dodgy</Description>
  </BugCategory>
  <BugPattern type="DB_DUPLICATE_BRANCHES" abbrev="DB" category="STYLE">
    <ShortDescription>Method uses the same code for two branches</ShortDescription>
    <Details><![CDATA[
      
      <p>
      This method uses the same code to implement two branches of a conditional branch.
	Check to ensure that this isn't a coding mistake.
      </p>
      
   ]]></Details>
  </BugPattern>
  <BugPattern type="RCN_REDUNDANT_NULLCHECK_WOULD_HAVE_BEEN_A_NPE" abbrev="RCN" category="CORRECTNESS">
    <ShortDescription>Nullcheck of value previously dereferenced</ShortDescription>
    <Details><![CDATA[

<p> A value is checked here to see whether it is null, but this value can't
be null because it was previously dereferenced and if it were null a null pointer
exception would have occurred at the earlier dereference. 
Essentially, this code and the previous dereference
disagree as to whether this value is allowed to be null. Either the check is redundant
or the previous dereference is erroneous.</p>

    ]]></Details>
  </BugPattern>
  <BugPattern type="SIC_INNER_SHOULD_BE_STATIC" abbrev="SIC" category="PERFORMANCE">
    <ShortDescription>Should be a static inner class</ShortDescription>
    <Details><![CDATA[

  <p> This class is an inner class, but does not use its embedded reference
  to the object which created it.&nbsp; This reference makes the instances
  of the class larger, and may keep the reference to the creator object
  alive longer than necessary.&nbsp; If possible, the class should be
   made static.
</p>

    ]]></Details>
  </BugPattern>
  <BugPattern type="MS_FINAL_PKGPROTECT" abbrev="MS" category="MALICIOUS_CODE">
    <ShortDescription>Field should be both final and package protected</ShortDescription>
    <Details><![CDATA[

 <p>
   A mutable static field could be changed by malicious code or
        by accident from another package.
        The field could be made package protected and/or made final
   to avoid
        this vulnerability.</p>

    ]]></Details>
  </BugPattern>
  <BugPattern type="RCN_REDUNDANT_NULLCHECK_OF_NULL_VALUE" abbrev="RCN" category="STYLE">
    <ShortDescription>Redundant nullcheck of value known to be null</ShortDescription>
    <Details><![CDATA[

<p> This method contains a redundant check of a known null value against
the constant null.</p>

    ]]></Details>
  </BugPattern>
  <BugPattern type="EI_EXPOSE_REP2" abbrev="EI2" category="MALICIOUS_CODE">
    <ShortDescription>May expose internal representation by incorporating reference to mutable object</ShortDescription>
    <Details><![CDATA[

  <p> This code stores a reference to an externally mutable object into the
  internal representation of the object.&nbsp;
   If instances
   are accessed by untrusted code, and unchecked changes to
   the mutable object would compromise security or other
   important properties, you will need to do something different.
  Storing a copy of the object is better approach in many situations.</p>

    ]]></Details>
  </BugPattern>
  <BugPattern type="MS_SHOULD_BE_FINAL" abbrev="MS" category="MALICIOUS_CODE">
    <ShortDescription>Field isn't final but should be</ShortDescription>
    <Details><![CDATA[

   <p>
 A mutable static field could be changed by malicious code or
        by accident from another package.
        The field could be made final to avoid
        this vulnerability.</p>

    ]]></Details>
  </BugPattern>
  <BugPattern type="DLS_DEAD_LOCAL_STORE" abbrev="DLS" category="STYLE">
    <ShortDescription>Dead store to local variable</ShortDescription>
    <Details><![CDATA[

<p>
This instruction assigns a value to a local variable,
but the value is not read by any subsequent instruction.
Often, this indicates an error, because the value computed
is never used.
</p>
<p>
Note that Sun's javac compiler often generates dead stores for
final local variables.  Because FindBugs is a bytecode-based tool,
there is no easy way to eliminate these false positives.
</p>

    ]]></Details>
  </BugPattern>
  <BugPattern type="MS_PKGPROTECT" abbrev="MS" category="MALICIOUS_CODE">
    <ShortDescription>Field should be package protected</ShortDescription>
    <Details><![CDATA[

  <p> A mutable static field could be changed by malicious code or
   by accident.
   The field could be made package protected to avoid
   this vulnerability.</p>

    ]]></Details>
  </BugPattern>
  <BugPattern type="URF_UNREAD_FIELD" abbrev="UrF" category="PERFORMANCE">
    <ShortDescription>Unread field</ShortDescription>
    <Details><![CDATA[

  <p> This field is never read.&nbsp; Consider removing it from the class.</p>

    ]]></Details>
  </BugPattern>
  <BugPattern type="EI_EXPOSE_REP" abbrev="EI" category="MALICIOUS_CODE">
    <ShortDescription>May expose internal representation by returning reference to mutable object</ShortDescription>
    <Details><![CDATA[

  <p> Returning a reference to a mutable object value stored in one of the object's fields
  exposes the internal representation of the object.&nbsp;
   If instances
   are accessed by untrusted code, and unchecked changes to
   the mutable object would compromise security or other
   important properties, you will need to do something different.
  Returning a new copy of the object is better approach in many situations.</p>

    ]]></Details>
  </BugPattern>
  <BugPattern type="RC_REF_COMPARISON" abbrev="RC" category="BAD_PRACTICE">
    <ShortDescription>Suspicious reference comparison</ShortDescription>
    <Details><![CDATA[

<p> This method compares two reference values using the == or != operator,
where the correct way to compare instances of this type is generally
with the equals() method.  Examples of classes which should generally
not be compared by reference are java.lang.Integer, java.lang.Float, etc.</p>

    ]]></Details>
  </BugPattern>
  <BugPattern type="SE_NO_SERIALVERSIONID" abbrev="SnVI" category="BAD_PRACTICE">
    <ShortDescription>Class is Serializable, but doesn't define serialVersionUID</ShortDescription>
    <Details><![CDATA[

  <p> This class implements the <code>Serializable</code> interface, but does
  not define a <code>serialVersionUID</code> field.&nbsp;
  A change as simple as adding a reference to a .class object
    will add synthetic fields to the class,
   which will unfortunately change the implicit
   serialVersionUID (e.g., adding a reference to <code>String.class</code>
   will generate a static field <code>class$java$lang$String</code>).
   Also, different source code to bytecode compilers may use different
   naming conventions for synthetic variables generated for
   references to class objects or inner classes.
   To ensure interoperability of Serializable across versions,
   consider adding an explicit serialVersionUID.</p>

    ]]></Details>
  </BugPattern>
  <BugPattern type="DM_CONVERT_CASE" abbrev="Dm" category="I18N">
    <ShortDescription>Consider using Locale parameterized version of invoked method</ShortDescription>
    <Details><![CDATA[

  <p> A String is being converted to upper or lowercase, using the platform's default encoding. This may
      result in improper conversions when used with international characters. Use the </p>
      <table><tr><td>String.toUpperCase( Locale l )</td></tr><tr><td>String.toLowerCase( Locale l )</td></tr></table>
      <p>versions instead.</p>

    ]]></Details>
  </BugPattern>
  <BugCode abbrev="MS">
    <Description>Mutable static field</Description>
  </BugCode>
  <BugCode abbrev="EI2">
    <Description>Storing reference to mutable object</Description>
  </BugCode>
  <BugCode abbrev="UrF">
    <Description>Unread field</Description>
  </BugCode>
  <BugCode abbrev="RC">
    <Description>Suspicious reference comparison</Description>
  </BugCode>
  <BugCode abbrev="DB">
    <Description>Duplicate Branches</Description>
  </BugCode>
  <BugCode abbrev="SnVI">
    <Description>Serializable class with no Version ID</Description>
  </BugCode>
  <BugCode abbrev="Dm">
    <Description>Dubious method used</Description>
  </BugCode>
  <BugCode abbrev="EI">
    <Description>Method returning array may expose internal representation</Description>
  </BugCode>
  <BugCode abbrev="RCN">
    <Description>Redundant comparison to null</Description>
  </BugCode>
  <BugCode abbrev="SIC">
    <Description>Inner class could be made static</Description>
  </BugCode>
  <BugCode abbrev="DLS">
    <Description>Dead local store</Description>
  </BugCode>
  <Errors></Errors>
  <FindBugsSummary timestamp="Tue, 16 Sep 2008 23:19:29 -0400" total_classes="21" total_bugs="29" total_size="1187" num_packages="6" cpu_seconds="8.19" clock_seconds="8.30" peak_mbytes="113.07" gc_seconds="1.17" priority_3="13" priority_2="14" priority_1="2">
    <PackageStats package="" total_bugs="0" total_types="3" total_size="118">
      <ClassStats class="Ident" sourceFile="Ident.java" interface="false" size="71" bugs="0"/>
      <ClassStats class="TestIds" sourceFile="TestIds.java" interface="false" size="18" bugs="0"/>
      <ClassStats class="WhichClass" sourceFile="WhichClass.java" interface="false" size="29" bugs="0"/>
    </PackageStats>
    <PackageStats package="org.jdom.contrib.beans" total_bugs="18" total_types="12" total_size="760" priority_3="3" priority_2="13" priority_1="2">
      <ClassStats class="org.jdom.contrib.beans.BeanMapper" sourceFile="BeanMapper.java" interface="false" size="387" bugs="4" priority_2="3" priority_1="1"/>
      <ClassStats class="org.jdom.contrib.beans.BeanMapper$Mapping" sourceFile="BeanMapper.java" interface="false" size="13" bugs="1" priority_2="1"/>
      <ClassStats class="org.jdom.contrib.beans.BeanMapperException" sourceFile="BeanMapperException.java" interface="false" size="21" bugs="0"/>
      <ClassStats class="org.jdom.contrib.beans.DateUtils" sourceFile="DateUtils.java" interface="false" size="80" bugs="4" priority_3="1" priority_2="2" priority_1="1"/>
      <ClassStats class="org.jdom.contrib.beans.DateUtils$ISO8601" sourceFile="DateUtils.java" interface="false" size="11" bugs="0"/>
      <ClassStats class="org.jdom.contrib.beans.JDOMBean" sourceFile="JDOMBean.java" interface="false" size="58" bugs="0"/>
      <ClassStats class="org.jdom.contrib.beans.JDOMBean$FileInfo" sourceFile="JDOMBean.java" interface="false" size="11" bugs="2" priority_2="2"/>
      <ClassStats class="org.jdom.contrib.beans.StringConverter" sourceFile="StringConverter.java" interface="false" size="45" bugs="1" priority_2="1"/>
      <ClassStats class="org.jdom.contrib.beans.StringConverter$DateFactory" sourceFile="StringConverter.java" interface="false" size="5" bugs="0"/>
      <ClassStats class="org.jdom.contrib.beans.StringConverter$Factory" sourceFile="StringConverter.java" interface="true" size="2" bugs="0"/>
      <ClassStats class="org.jdom.contrib.beans.TestBean" sourceFile="TestBean.java" interface="false" size="53" bugs="3" priority_3="1" priority_2="2"/>
      <ClassStats class="org.jdom.contrib.beans.TestIndexed" sourceFile="TestIndexed.java" interface="false" size="74" bugs="3" priority_3="1" priority_2="2"/>
    </PackageStats>
    <PackageStats package="org.jdom.contrib.helpers" total_bugs="0" total_types="1" total_size="49">
      <ClassStats class="org.jdom.contrib.helpers.TextHelper" sourceFile="TextHelper.java" interface="false" size="49" bugs="0"/>
    </PackageStats>
    <PackageStats package="org.jdom.contrib.ids" total_bugs="2" total_types="3" total_size="94" priority_3="2">
      <ClassStats class="org.jdom.contrib.ids.IdDocument" sourceFile="IdDocument.java" interface="false" size="16" bugs="1" priority_3="1"/>
      <ClassStats class="org.jdom.contrib.ids.IdElement" sourceFile="IdElement.java" interface="false" size="62" bugs="1" priority_3="1"/>
      <ClassStats class="org.jdom.contrib.ids.IdFactory" sourceFile="IdFactory.java" interface="false" size="16" bugs="0"/>
    </PackageStats>
    <PackageStats package="org.jdom.contrib.input" total_bugs="9" total_types="1" total_size="133" priority_3="8" priority_2="1">
      <ClassStats class="org.jdom.contrib.input.ResultSetBuilder" sourceFile="ResultSetBuilder.java" interface="false" size="133" bugs="9" priority_3="8" priority_2="1"/>
    </PackageStats>
    <PackageStats package="org.jdom.contrib.output" total_bugs="0" total_types="1" total_size="33">
      <ClassStats class="org.jdom.contrib.output.JTreeOutputter" sourceFile="JTreeOutputter.java" interface="false" size="33" bugs="0"/>
    </PackageStats>
  </FindBugsSummary>
  <ClassFeatures></ClassFeatures>
  <History></History>
</BugCollection>
