<?xml version="1.0" encoding="UTF-8"?>

<BugCollection version="1.3.1" sequence="0" timestamp="1221622020218" analysisTimestamp="1221622034281" release="">
  <Project filename="&lt;&lt;unnamed project&gt;&gt;" projectName="">
    <Jar>C:\repository-workspace\jdom</Jar>
    <AuxClasspathEntry>C:\repository-workspace\jdom\lib\ant.jar</AuxClasspathEntry>
    <AuxClasspathEntry>C:\repository-workspace\jdom\lib\collections.jar</AuxClasspathEntry>
    <AuxClasspathEntry>C:\repository-workspace\jdom\lib\crimson.jar</AuxClasspathEntry>
    <AuxClasspathEntry>C:\repository-workspace\jdom\lib\jaxen-core.jar</AuxClasspathEntry>
    <AuxClasspathEntry>C:\repository-workspace\jdom\lib\jaxen-jdom.jar</AuxClasspathEntry>
    <AuxClasspathEntry>C:\repository-workspace\jdom\lib\jaxp.jar</AuxClasspathEntry>
    <AuxClasspathEntry>C:\repository-workspace\jdom\lib\saxpath.jar</AuxClasspathEntry>
    <AuxClasspathEntry>C:\repository-workspace\jdom\lib\xalan.jar</AuxClasspathEntry>
    <AuxClasspathEntry>C:\repository-workspace\jdom\lib\xerces.jar</AuxClasspathEntry>
  </Project>
  <BugInstance type="ISC_INSTANTIATE_STATIC_CLASS" priority="3" abbrev="ISC" category="BAD_PRACTICE" instanceHash="cb6b69e60a3c5504a84262d8311647dc" instanceOccurrenceNum="0" instanceOccurrenceMax="0">
    <ShortMessage>Needless instantiation of class that only supplies static methods</ShortMessage>
    <LongMessage>Method JDOMAbout.main(String[]) needlessly instantiates a class that only supplies static methods</LongMessage>
    <Class classname="JDOMAbout">
      <SourceLine classname="JDOMAbout" start="84" end="136" sourcefile="JDOMAbout.java" sourcepath="JDOMAbout.java">
        <Message>At JDOMAbout.java:[lines 84-136]</Message>
      </SourceLine>
      <Message>In class JDOMAbout</Message>
    </Class>
    <Method classname="JDOMAbout" name="main" signature="([Ljava/lang/String;)V" isStatic="true">
      <SourceLine classname="JDOMAbout" start="92" end="91" startBytecode="0" endBytecode="531" sourcefile="JDOMAbout.java" sourcepath="JDOMAbout.java"/>
      <Message>In method JDOMAbout.main(String[])</Message>
    </Method>
    <SourceLine classname="JDOMAbout" start="92" end="92" startBytecode="8" endBytecode="8" sourcefile="JDOMAbout.java" sourcepath="JDOMAbout.java">
      <Message>At JDOMAbout.java:[line 92]</Message>
    </SourceLine>
  </BugInstance>
  <BugInstance type="SIC_INNER_SHOULD_BE_STATIC" priority="2" abbrev="SIC" category="PERFORMANCE" instanceHash="35737e895a8b5035d435e07ffd26501f" instanceOccurrenceNum="0" instanceOccurrenceMax="0">
    <ShortMessage>Should be a static inner class</ShortMessage>
    <LongMessage>Should JDOMAbout$Author be a _static_ inner class?</LongMessage>
    <Class classname="JDOMAbout$Author">
      <SourceLine classname="JDOMAbout$Author" start="84" end="258" sourcefile="JDOMAbout.java" sourcepath="JDOMAbout.java">
        <Message>At JDOMAbout.java:[lines 84-258]</Message>
      </SourceLine>
      <Message>In class JDOMAbout$Author</Message>
    </Class>
    <SourceLine classname="JDOMAbout$Author" start="84" end="258" sourcefile="JDOMAbout.java" sourcepath="JDOMAbout.java" synthetic="true">
      <Message>At JDOMAbout.java:[lines 84-258]</Message>
    </SourceLine>
  </BugInstance>
  <BugInstance type="SIC_INNER_SHOULD_BE_STATIC_NEEDS_THIS" priority="3" abbrev="SIC" category="PERFORMANCE" instanceHash="dfd6ca0912db05bd12169ee417674bc2" instanceOccurrenceNum="0" instanceOccurrenceMax="0">
    <ShortMessage>Could be refactored into a static inner class</ShortMessage>
    <LongMessage>The class JDOMAbout$Info could be refactored into a _static_ inner class</LongMessage>
    <Class classname="JDOMAbout$Info">
      <SourceLine classname="JDOMAbout$Info" start="84" end="248" sourcefile="JDOMAbout.java" sourcepath="JDOMAbout.java">
        <Message>At JDOMAbout.java:[lines 84-248]</Message>
      </SourceLine>
      <Message>In class JDOMAbout$Info</Message>
    </Class>
    <SourceLine classname="JDOMAbout$Info" start="84" end="248" sourcefile="JDOMAbout.java" sourcepath="JDOMAbout.java" synthetic="true">
      <Message>At JDOMAbout.java:[lines 84-248]</Message>
    </SourceLine>
  </BugInstance>
  <BugInstance type="SE_NO_SERIALVERSIONID" priority="2" abbrev="SnVI" category="BAD_PRACTICE" instanceHash="aca724796ce8b31bcefa26fd6b0f015b" instanceOccurrenceNum="0" instanceOccurrenceMax="0">
    <ShortMessage>Class is Serializable, but doesn't define serialVersionUID</ShortMessage>
    <LongMessage>org.jdom.Attribute is Serializable; consider declaring a serialVersionUID</LongMessage>
    <Class classname="org.jdom.Attribute">
      <SourceLine classname="org.jdom.Attribute" start="201" end="748" sourcefile="Attribute.java" sourcepath="org/jdom/Attribute.java">
        <Message>At Attribute.java:[lines 201-748]</Message>
      </SourceLine>
      <Message>In class org.jdom.Attribute</Message>
    </Class>
    <SourceLine classname="org.jdom.Attribute" start="201" end="748" sourcefile="Attribute.java" sourcepath="org/jdom/Attribute.java" synthetic="true">
      <Message>At Attribute.java:[lines 201-748]</Message>
    </SourceLine>
  </BugInstance>
  <BugInstance type="RI_REDUNDANT_INTERFACES" priority="3" abbrev="RI" category="STYLE" instanceHash="5bf539e75b8016a74b8b7305b26e0b6" instanceOccurrenceNum="0" instanceOccurrenceMax="0">
    <ShortMessage>Class implements same interface as superclass</ShortMessage>
    <LongMessage>Class org.jdom.AttributeList implements same interface as superclass</LongMessage>
    <Class classname="org.jdom.AttributeList">
      <SourceLine classname="org.jdom.AttributeList" start="97" end="536" sourcefile="AttributeList.java" sourcepath="org/jdom/AttributeList.java">
        <Message>At AttributeList.java:[lines 97-536]</Message>
      </SourceLine>
      <Message>In class org.jdom.AttributeList</Message>
    </Class>
    <Class classname="java.util.List" role="INTERFACE_TYPE">
      <SourceLine classname="java.util.List" sourcefile="List.java" sourcepath="java/util/List.java">
        <Message>In List.java</Message>
      </SourceLine>
      <Message>Interface java.util.List</Message>
    </Class>
    <SourceLine classname="org.jdom.AttributeList" start="97" end="536" sourcefile="AttributeList.java" sourcepath="org/jdom/AttributeList.java" synthetic="true">
      <Message>At AttributeList.java:[lines 97-536]</Message>
    </SourceLine>
  </BugInstance>
  <BugInstance type="SE_NO_SERIALVERSIONID" priority="3" abbrev="SnVI" category="BAD_PRACTICE" instanceHash="2c54c5809cb0f42e071191a192efd983" instanceOccurrenceNum="0" instanceOccurrenceMax="0">
    <ShortMessage>Class is Serializable, but doesn't define serialVersionUID</ShortMessage>
    <LongMessage>org.jdom.AttributeList is Serializable; consider declaring a serialVersionUID</LongMessage>
    <Class classname="org.jdom.AttributeList">
      <SourceLine classname="org.jdom.AttributeList" start="97" end="536" sourcefile="AttributeList.java" sourcepath="org/jdom/AttributeList.java">
        <Message>At AttributeList.java:[lines 97-536]</Message>
      </SourceLine>
      <Message>In class org.jdom.AttributeList</Message>
    </Class>
    <SourceLine classname="org.jdom.AttributeList" start="97" end="536" sourcefile="AttributeList.java" sourcepath="org/jdom/AttributeList.java" synthetic="true">
      <Message>At AttributeList.java:[lines 97-536]</Message>
    </SourceLine>
  </BugInstance>
  <BugInstance type="UWF_FIELD_NOT_INITIALIZED_IN_CONSTRUCTOR" priority="3" abbrev="UwF" category="STYLE" instanceHash="88dcd13f2a683a06fb3f22b561f4bab2" instanceOccurrenceNum="0" instanceOccurrenceMax="0">
    <ShortMessage>Field not initialized in constructor</ShortMessage>
    <LongMessage>AttributeList.elementData not initialized in constructor</LongMessage>
    <Class classname="org.jdom.AttributeList">
      <SourceLine classname="org.jdom.AttributeList" start="97" end="536" sourcefile="AttributeList.java" sourcepath="org/jdom/AttributeList.java">
        <Message>At AttributeList.java:[lines 97-536]</Message>
      </SourceLine>
      <Message>In class org.jdom.AttributeList</Message>
    </Class>
    <Field classname="org.jdom.AttributeList" name="elementData" signature="[Lorg/jdom/Attribute;" isStatic="false">
      <SourceLine classname="org.jdom.AttributeList" sourcefile="AttributeList.java" sourcepath="org/jdom/AttributeList.java">
        <Message>In AttributeList.java</Message>
      </SourceLine>
      <Message>Field org.jdom.AttributeList.elementData</Message>
    </Field>
    <SourceLine classname="org.jdom.AttributeList" sourcefile="AttributeList.java" sourcepath="org/jdom/AttributeList.java" synthetic="true">
      <Message>In AttributeList.java</Message>
    </SourceLine>
  </BugInstance>
  <BugInstance type="ES_COMPARING_STRINGS_WITH_EQ" priority="3" abbrev="ES" category="BAD_PRACTICE" instanceHash="eabbd64c86f4c65137b250fd1488897d" instanceOccurrenceNum="0" instanceOccurrenceMax="0">
    <ShortMessage>Comparison of String objects using == or !=</ShortMessage>
    <LongMessage>Comparison of String objects using == or != in org.jdom.CDATA.append(String) </LongMessage>
    <Class classname="org.jdom.CDATA">
      <SourceLine classname="org.jdom.CDATA" start="85" end="161" sourcefile="CDATA.java" sourcepath="org/jdom/CDATA.java">
        <Message>At CDATA.java:[lines 85-161]</Message>
      </SourceLine>
      <Message>In class org.jdom.CDATA</Message>
    </Class>
    <Method classname="org.jdom.CDATA" name="append" signature="(Ljava/lang/String;)V" isStatic="false">
      <SourceLine classname="org.jdom.CDATA" start="134" end="127" startBytecode="0" endBytecode="34" sourcefile="CDATA.java" sourcepath="org/jdom/CDATA.java"/>
      <Message>In method org.jdom.CDATA.append(String)</Message>
    </Method>
    <Type descriptor="Ljava/lang/String;" role="TYPE_FOUND">
      <Message>Actual type java.lang.String</Message>
    </Type>
    <SourceLine classname="org.jdom.CDATA" start="141" end="141" startBytecode="32" endBytecode="32" sourcefile="CDATA.java" sourcepath="org/jdom/CDATA.java">
      <Message>At CDATA.java:[line 141]</Message>
    </SourceLine>
  </BugInstance>
  <BugInstance type="SE_NO_SERIALVERSIONID" priority="3" abbrev="SnVI" category="BAD_PRACTICE" instanceHash="f99e70c1c009f1ab612f662adee080cd" instanceOccurrenceNum="0" instanceOccurrenceMax="0">
    <ShortMessage>Class is Serializable, but doesn't define serialVersionUID</ShortMessage>
    <LongMessage>org.jdom.CDATA is Serializable; consider declaring a serialVersionUID</LongMessage>
    <Class classname="org.jdom.CDATA">
      <SourceLine classname="org.jdom.CDATA" start="85" end="161" sourcefile="CDATA.java" sourcepath="org/jdom/CDATA.java">
        <Message>At CDATA.java:[lines 85-161]</Message>
      </SourceLine>
      <Message>In class org.jdom.CDATA</Message>
    </Class>
    <SourceLine classname="org.jdom.CDATA" start="85" end="161" sourcefile="CDATA.java" sourcepath="org/jdom/CDATA.java" synthetic="true">
      <Message>At CDATA.java:[lines 85-161]</Message>
    </SourceLine>
  </BugInstance>
  <BugInstance type="SE_NO_SERIALVERSIONID" priority="3" abbrev="SnVI" category="BAD_PRACTICE" instanceHash="f0f57d3667e308f6958e2d010b6ac31d" instanceOccurrenceNum="0" instanceOccurrenceMax="0">
    <ShortMessage>Class is Serializable, but doesn't define serialVersionUID</ShortMessage>
    <LongMessage>org.jdom.Comment is Serializable; consider declaring a serialVersionUID</LongMessage>
    <Class classname="org.jdom.Comment">
      <SourceLine classname="org.jdom.Comment" start="89" end="281" sourcefile="Comment.java" sourcepath="org/jdom/Comment.java">
        <Message>At Comment.java:[lines 89-281]</Message>
      </SourceLine>
      <Message>In class org.jdom.Comment</Message>
    </Class>
    <SourceLine classname="org.jdom.Comment" start="89" end="281" sourcefile="Comment.java" sourcepath="org/jdom/Comment.java" synthetic="true">
      <Message>At Comment.java:[lines 89-281]</Message>
    </SourceLine>
  </BugInstance>
  <BugInstance type="SE_NO_SERIALVERSIONID" priority="2" abbrev="SnVI" category="BAD_PRACTICE" instanceHash="143a43c0f502ad6e1fcb26902f578f21" instanceOccurrenceNum="0" instanceOccurrenceMax="0">
    <ShortMessage>Class is Serializable, but doesn't define serialVersionUID</ShortMessage>
    <LongMessage>org.jdom.ContentList is Serializable; consider declaring a serialVersionUID</LongMessage>
    <Class classname="org.jdom.ContentList">
      <SourceLine classname="org.jdom.ContentList" start="105" end="738" sourcefile="ContentList.java" sourcepath="org/jdom/ContentList.java">
        <Message>At ContentList.java:[lines 105-738]</Message>
      </SourceLine>
      <Message>In class org.jdom.ContentList</Message>
    </Class>
    <SourceLine classname="org.jdom.ContentList" start="105" end="738" sourcefile="ContentList.java" sourcepath="org/jdom/ContentList.java" synthetic="true">
      <Message>At ContentList.java:[lines 105-738]</Message>
    </SourceLine>
  </BugInstance>
  <BugInstance type="UWF_FIELD_NOT_INITIALIZED_IN_CONSTRUCTOR" priority="3" abbrev="UwF" category="STYLE" instanceHash="5dd0d973c6b3271b431c8657ef49cca6" instanceOccurrenceNum="0" instanceOccurrenceMax="0">
    <ShortMessage>Field not initialized in constructor</ShortMessage>
    <LongMessage>ContentList.elementData not initialized in constructor</LongMessage>
    <Class classname="org.jdom.ContentList">
      <SourceLine classname="org.jdom.ContentList" start="105" end="738" sourcefile="ContentList.java" sourcepath="org/jdom/ContentList.java">
        <Message>At ContentList.java:[lines 105-738]</Message>
      </SourceLine>
      <Message>In class org.jdom.ContentList</Message>
    </Class>
    <Field classname="org.jdom.ContentList" name="elementData" signature="[Ljava/lang/Object;" isStatic="false">
      <SourceLine classname="org.jdom.ContentList" sourcefile="ContentList.java" sourcepath="org/jdom/ContentList.java">
        <Message>In ContentList.java</Message>
      </SourceLine>
      <Message>Field org.jdom.ContentList.elementData</Message>
    </Field>
    <SourceLine classname="org.jdom.ContentList" sourcefile="ContentList.java" sourcepath="org/jdom/ContentList.java" synthetic="true">
      <Message>In ContentList.java</Message>
    </SourceLine>
  </BugInstance>
  <BugInstance type="NP_NULL_ON_SOME_PATH" priority="2" abbrev="NP" category="CORRECTNESS" instanceHash="df9c6b47f158daf32c2c3fa97d7c5493" instanceOccurrenceNum="0" instanceOccurrenceMax="0">
    <ShortMessage>Possible null pointer dereference</ShortMessage>
    <LongMessage>Possible null pointer dereference of s1 in org.jdom.DocType.stringEquals(String, String)</LongMessage>
    <Class classname="org.jdom.DocType">
      <SourceLine classname="org.jdom.DocType" start="96" end="391" sourcefile="DocType.java" sourcepath="org/jdom/DocType.java">
        <Message>At DocType.java:[lines 96-391]</Message>
      </SourceLine>
      <Message>In class org.jdom.DocType</Message>
    </Class>
    <Method classname="org.jdom.DocType" name="stringEquals" signature="(Ljava/lang/String;Ljava/lang/String;)Z" isStatic="false">
      <SourceLine classname="org.jdom.DocType" start="348" end="356" startBytecode="0" endBytecode="103" sourcefile="DocType.java" sourcepath="org/jdom/DocType.java"/>
      <Message>In method org.jdom.DocType.stringEquals(String, String)</Message>
    </Method>
    <LocalVariable name="s1" register="1" pc="21" role="LOCAL_VARIABLE_NAMED">
      <Message>Local variable named s1</Message>
    </LocalVariable>
    <SourceLine classname="org.jdom.DocType" start="356" end="356" startBytecode="22" endBytecode="22" sourcefile="DocType.java" sourcepath="org/jdom/DocType.java" role="SOURCE_LINE_DEREF">
      <Message>Dereferenced at DocType.java:[line 356]</Message>
    </SourceLine>
    <SourceLine classname="org.jdom.DocType" start="351" end="351" startBytecode="15" endBytecode="15" sourcefile="DocType.java" sourcepath="org/jdom/DocType.java" role="SOURCE_LINE_KNOWN_NULL">
      <Message>Known null at DocType.java:[line 351]</Message>
    </SourceLine>
  </BugInstance>
  <BugInstance type="SE_NO_SERIALVERSIONID" priority="3" abbrev="SnVI" category="BAD_PRACTICE" instanceHash="abca8dea2aa8e10a30612bc38e5a182a" instanceOccurrenceNum="0" instanceOccurrenceMax="0">
    <ShortMessage>Class is Serializable, but doesn't define serialVersionUID</ShortMessage>
    <LongMessage>org.jdom.DocType is Serializable; consider declaring a serialVersionUID</LongMessage>
    <Class classname="org.jdom.DocType">
      <SourceLine classname="org.jdom.DocType" start="96" end="391" sourcefile="DocType.java" sourcepath="org/jdom/DocType.java">
        <Message>At DocType.java:[lines 96-391]</Message>
      </SourceLine>
      <Message>In class org.jdom.DocType</Message>
    </Class>
    <SourceLine classname="org.jdom.DocType" start="96" end="391" sourcefile="DocType.java" sourcepath="org/jdom/DocType.java" synthetic="true">
      <Message>At DocType.java:[lines 96-391]</Message>
    </SourceLine>
  </BugInstance>
  <BugInstance type="SE_NO_SERIALVERSIONID" priority="3" abbrev="SnVI" category="BAD_PRACTICE" instanceHash="91956ff6b2d77906ee3f6bef2897b8c" instanceOccurrenceNum="0" instanceOccurrenceMax="0">
    <ShortMessage>Class is Serializable, but doesn't define serialVersionUID</ShortMessage>
    <LongMessage>org.jdom.Document is Serializable; consider declaring a serialVersionUID</LongMessage>
    <Class classname="org.jdom.Document">
      <SourceLine classname="org.jdom.Document" start="88" end="531" sourcefile="Document.java" sourcepath="org/jdom/Document.java">
        <Message>At Document.java:[lines 88-531]</Message>
      </SourceLine>
      <Message>In class org.jdom.Document</Message>
    </Class>
    <SourceLine classname="org.jdom.Document" start="88" end="531" sourcefile="Document.java" sourcepath="org/jdom/Document.java" synthetic="true">
      <Message>At Document.java:[lines 88-531]</Message>
    </SourceLine>
  </BugInstance>
  <BugInstance type="SE_NO_SERIALVERSIONID" priority="2" abbrev="SnVI" category="BAD_PRACTICE" instanceHash="f50a8d94b5633528295e0de48abbf7a4" instanceOccurrenceNum="0" instanceOccurrenceMax="0">
    <ShortMessage>Class is Serializable, but doesn't define serialVersionUID</ShortMessage>
    <LongMessage>org.jdom.Element is Serializable; consider declaring a serialVersionUID</LongMessage>
    <Class classname="org.jdom.Element">
      <SourceLine classname="org.jdom.Element" start="109" end="1703" sourcefile="Element.java" sourcepath="org/jdom/Element.java">
        <Message>At Element.java:[lines 109-1703]</Message>
      </SourceLine>
      <Message>In class org.jdom.Element</Message>
    </Class>
    <SourceLine classname="org.jdom.Element" start="109" end="1703" sourcefile="Element.java" sourcepath="org/jdom/Element.java" synthetic="true">
      <Message>At Element.java:[lines 109-1703]</Message>
    </SourceLine>
  </BugInstance>
  <BugInstance type="SE_NO_SERIALVERSIONID" priority="3" abbrev="SnVI" category="BAD_PRACTICE" instanceHash="516c54b825aa67a97e8f54e2411dfe4e" instanceOccurrenceNum="0" instanceOccurrenceMax="0">
    <ShortMessage>Class is Serializable, but doesn't define serialVersionUID</ShortMessage>
    <LongMessage>org.jdom.EntityRef is Serializable; consider declaring a serialVersionUID</LongMessage>
    <Class classname="org.jdom.EntityRef">
      <SourceLine classname="org.jdom.EntityRef" start="92" end="363" sourcefile="EntityRef.java" sourcepath="org/jdom/EntityRef.java">
        <Message>At EntityRef.java:[lines 92-363]</Message>
      </SourceLine>
      <Message>In class org.jdom.EntityRef</Message>
    </Class>
    <SourceLine classname="org.jdom.EntityRef" start="92" end="363" sourcefile="EntityRef.java" sourcepath="org/jdom/EntityRef.java" synthetic="true">
      <Message>At EntityRef.java:[lines 92-363]</Message>
    </SourceLine>
  </BugInstance>
  <BugInstance type="RCN_REDUNDANT_NULLCHECK_OF_NONNULL_VALUE" priority="3" abbrev="RCN" category="STYLE" instanceHash="37bea9346361137f69cf1b7a737e238d" instanceOccurrenceNum="0" instanceOccurrenceMax="0">
    <ShortMessage>Redundant nullcheck of value known to be non-null</ShortMessage>
    <LongMessage>Redundant nullcheck of child, which is known to be non-null in org.jdom.JDOMException.printStackTrace()</LongMessage>
    <Class classname="org.jdom.JDOMException">
      <SourceLine classname="org.jdom.JDOMException" start="96" end="362" sourcefile="JDOMException.java" sourcepath="org/jdom/JDOMException.java">
        <Message>At JDOMException.java:[lines 96-362]</Message>
      </SourceLine>
      <Message>In class org.jdom.JDOMException</Message>
    </Class>
    <Method classname="org.jdom.JDOMException" name="printStackTrace" signature="()V" isStatic="false">
      <SourceLine classname="org.jdom.JDOMException" start="206" end="204" startBytecode="0" endBytecode="151" sourcefile="JDOMException.java" sourcepath="org/jdom/JDOMException.java"/>
      <Message>In method org.jdom.JDOMException.printStackTrace()</Message>
    </Method>
    <LocalVariable name="child" register="2" pc="9" role="LOCAL_VARIABLE_NAMED">
      <Message>Local variable named child</Message>
    </LocalVariable>
    <SourceLine classname="org.jdom.JDOMException" start="213" end="213" startBytecode="10" endBytecode="10" sourcefile="JDOMException.java" sourcepath="org/jdom/JDOMException.java" role="SOURCE_REDUNDANT_NULL_CHECK">
      <Message>Redundant null check at JDOMException.java:[line 213]</Message>
    </SourceLine>
  </BugInstance>
  <BugInstance type="RCN_REDUNDANT_NULLCHECK_OF_NONNULL_VALUE" priority="3" abbrev="RCN" category="STYLE" instanceHash="3897eeaa06fde7dc43af3564f1866609" instanceOccurrenceNum="0" instanceOccurrenceMax="0">
    <ShortMessage>Redundant nullcheck of value known to be non-null</ShortMessage>
    <LongMessage>Redundant nullcheck of child, which is known to be non-null in org.jdom.JDOMException.printStackTrace(PrintStream)</LongMessage>
    <Class classname="org.jdom.JDOMException">
      <SourceLine classname="org.jdom.JDOMException" start="96" end="362" sourcefile="JDOMException.java" sourcepath="org/jdom/JDOMException.java">
        <Message>At JDOMException.java:[lines 96-362]</Message>
      </SourceLine>
      <Message>In class org.jdom.JDOMException</Message>
    </Class>
    <Method classname="org.jdom.JDOMException" name="printStackTrace" signature="(Ljava/io/PrintStream;)V" isStatic="false">
      <SourceLine classname="org.jdom.JDOMException" start="235" end="233" startBytecode="0" endBytecode="163" sourcefile="JDOMException.java" sourcepath="org/jdom/JDOMException.java"/>
      <Message>In method org.jdom.JDOMException.printStackTrace(PrintStream)</Message>
    </Method>
    <LocalVariable name="child" register="3" pc="10" role="LOCAL_VARIABLE_NAMED">
      <Message>Local variable named child</Message>
    </LocalVariable>
    <SourceLine classname="org.jdom.JDOMException" start="242" end="242" startBytecode="11" endBytecode="11" sourcefile="JDOMException.java" sourcepath="org/jdom/JDOMException.java" role="SOURCE_REDUNDANT_NULL_CHECK">
      <Message>Redundant null check at JDOMException.java:[line 242]</Message>
    </SourceLine>
  </BugInstance>
  <BugInstance type="RCN_REDUNDANT_NULLCHECK_OF_NONNULL_VALUE" priority="3" abbrev="RCN" category="STYLE" instanceHash="ac883ff91e96e32a379199f7963921bf" instanceOccurrenceNum="0" instanceOccurrenceMax="0">
    <ShortMessage>Redundant nullcheck of value known to be non-null</ShortMessage>
    <LongMessage>Redundant nullcheck of child, which is known to be non-null in org.jdom.JDOMException.printStackTrace(PrintWriter)</LongMessage>
    <Class classname="org.jdom.JDOMException">
      <SourceLine classname="org.jdom.JDOMException" start="96" end="362" sourcefile="JDOMException.java" sourcepath="org/jdom/JDOMException.java">
        <Message>At JDOMException.java:[lines 96-362]</Message>
      </SourceLine>
      <Message>In class org.jdom.JDOMException</Message>
    </Class>
    <Method classname="org.jdom.JDOMException" name="printStackTrace" signature="(Ljava/io/PrintWriter;)V" isStatic="false">
      <SourceLine classname="org.jdom.JDOMException" start="264" end="262" startBytecode="0" endBytecode="163" sourcefile="JDOMException.java" sourcepath="org/jdom/JDOMException.java"/>
      <Message>In method org.jdom.JDOMException.printStackTrace(PrintWriter)</Message>
    </Method>
    <LocalVariable name="child" register="3" pc="10" role="LOCAL_VARIABLE_NAMED">
      <Message>Local variable named child</Message>
    </LocalVariable>
    <SourceLine classname="org.jdom.JDOMException" start="271" end="271" startBytecode="11" endBytecode="11" sourcefile="JDOMException.java" sourcepath="org/jdom/JDOMException.java" role="SOURCE_REDUNDANT_NULL_CHECK">
      <Message>Redundant null check at JDOMException.java:[line 271]</Message>
    </SourceLine>
  </BugInstance>
  <BugInstance type="REC_CATCH_EXCEPTION" priority="3" abbrev="REC" category="STYLE" instanceHash="d260c28813b477d060a5d69503488e0b" instanceOccurrenceNum="0" instanceOccurrenceMax="0">
    <ShortMessage>Exception is caught when Exception is not thrown</ShortMessage>
    <LongMessage>Exception is caught when Exception is not thrown in org.jdom.JDOMException.getNestedException(Throwable, String, String)</LongMessage>
    <Class classname="org.jdom.JDOMException">
      <SourceLine classname="org.jdom.JDOMException" start="96" end="362" sourcefile="JDOMException.java" sourcepath="org/jdom/JDOMException.java">
        <Message>At JDOMException.java:[lines 96-362]</Message>
      </SourceLine>
      <Message>In class org.jdom.JDOMException</Message>
    </Class>
    <Method classname="org.jdom.JDOMException" name="getNestedException" signature="(Ljava/lang/Throwable;Ljava/lang/String;Ljava/lang/String;)Ljava/lang/Throwable;" isStatic="true">
      <SourceLine classname="org.jdom.JDOMException" start="343" end="362" startBytecode="0" endBytecode="211" sourcefile="JDOMException.java" sourcepath="org/jdom/JDOMException.java"/>
      <Message>In method org.jdom.JDOMException.getNestedException(Throwable, String, String)</Message>
    </Method>
    <SourceLine classname="org.jdom.JDOMException" start="355" end="355" startBytecode="53" endBytecode="53" sourcefile="JDOMException.java" sourcepath="org/jdom/JDOMException.java">
      <Message>At JDOMException.java:[line 355]</Message>
    </SourceLine>
  </BugInstance>
  <BugInstance type="DLS_DEAD_LOCAL_STORE" priority="3" abbrev="DLS" category="STYLE" instanceHash="55142975c99efc5f125e76e739869625" instanceOccurrenceNum="0" instanceOccurrenceMax="0">
    <ShortMessage>Dead store to local variable</ShortMessage>
    <LongMessage>Dead store to inQuotes in org.jdom.ProcessingInstruction.extractQuotedString(String)</LongMessage>
    <Class classname="org.jdom.ProcessingInstruction">
      <SourceLine classname="org.jdom.ProcessingInstruction" start="100" end="584" sourcefile="ProcessingInstruction.java" sourcepath="org/jdom/ProcessingInstruction.java">
        <Message>At ProcessingInstruction.java:[lines 100-584]</Message>
      </SourceLine>
      <Message>In class org.jdom.ProcessingInstruction</Message>
    </Class>
    <Method classname="org.jdom.ProcessingInstruction" name="extractQuotedString" signature="(Ljava/lang/String;)Ljava/lang/String;" isStatic="false">
      <SourceLine classname="org.jdom.ProcessingInstruction" start="474" end="506" startBytecode="0" endBytecode="46" sourcefile="ProcessingInstruction.java" sourcepath="org/jdom/ProcessingInstruction.java"/>
      <Message>In method org.jdom.ProcessingInstruction.extractQuotedString(String)</Message>
    </Method>
    <LocalVariable name="inQuotes" register="2" pc="62" role="LOCAL_VARIABLE_NAMED">
      <Message>Local variable named inQuotes</Message>
    </LocalVariable>
    <SourceLine classname="org.jdom.ProcessingInstruction" start="496" end="496" startBytecode="61" endBytecode="61" sourcefile="ProcessingInstruction.java" sourcepath="org/jdom/ProcessingInstruction.java">
      <Message>At ProcessingInstruction.java:[line 496]</Message>
    </SourceLine>
  </BugInstance>
  <BugInstance type="SE_NO_SERIALVERSIONID" priority="3" abbrev="SnVI" category="BAD_PRACTICE" instanceHash="5d22320d1c2d5a09929a422d301793e9" instanceOccurrenceNum="0" instanceOccurrenceMax="0">
    <ShortMessage>Class is Serializable, but doesn't define serialVersionUID</ShortMessage>
    <LongMessage>org.jdom.ProcessingInstruction is Serializable; consider declaring a serialVersionUID</LongMessage>
    <Class classname="org.jdom.ProcessingInstruction">
      <SourceLine classname="org.jdom.ProcessingInstruction" start="100" end="584" sourcefile="ProcessingInstruction.java" sourcepath="org/jdom/ProcessingInstruction.java">
        <Message>At ProcessingInstruction.java:[lines 100-584]</Message>
      </SourceLine>
      <Message>In class org.jdom.ProcessingInstruction</Message>
    </Class>
    <SourceLine classname="org.jdom.ProcessingInstruction" start="100" end="584" sourcefile="ProcessingInstruction.java" sourcepath="org/jdom/ProcessingInstruction.java" synthetic="true">
      <Message>At ProcessingInstruction.java:[lines 100-584]</Message>
    </SourceLine>
  </BugInstance>
  <BugInstance type="WMI_WRONG_MAP_ITERATOR" priority="2" abbrev="WMI" category="PERFORMANCE" instanceHash="e3b6ff376936165b61aaa8e075676e88" instanceOccurrenceNum="0" instanceOccurrenceMax="0">
    <ShortMessage>Inefficient use of keySet iterator instead of entrySet iterator</ShortMessage>
    <LongMessage>Method org.jdom.ProcessingInstruction.toString(Map) makes inefficient use of keySet iterator instead of entrySet iterator</LongMessage>
    <Class classname="org.jdom.ProcessingInstruction">
      <SourceLine classname="org.jdom.ProcessingInstruction" start="100" end="584" sourcefile="ProcessingInstruction.java" sourcepath="org/jdom/ProcessingInstruction.java">
        <Message>At ProcessingInstruction.java:[lines 100-584]</Message>
      </SourceLine>
      <Message>In class org.jdom.ProcessingInstruction</Message>
    </Class>
    <Method classname="org.jdom.ProcessingInstruction" name="toString" signature="(Ljava/util/Map;)Ljava/lang/String;" isStatic="false">
      <SourceLine classname="org.jdom.ProcessingInstruction" start="361" end="375" startBytecode="0" endBytecode="228" sourcefile="ProcessingInstruction.java" sourcepath="org/jdom/ProcessingInstruction.java"/>
      <Message>In method org.jdom.ProcessingInstruction.toString(Map)</Message>
    </Method>
    <SourceLine classname="org.jdom.ProcessingInstruction" start="366" end="366" startBytecode="37" endBytecode="37" sourcefile="ProcessingInstruction.java" sourcepath="org/jdom/ProcessingInstruction.java">
      <Message>At ProcessingInstruction.java:[line 366]</Message>
    </SourceLine>
  </BugInstance>
  <BugInstance type="ES_COMPARING_PARAMETER_STRING_WITH_EQ" priority="1" abbrev="ES" category="BAD_PRACTICE" instanceHash="386c0a59cd838c4b306f19a933be4632" instanceOccurrenceNum="0" instanceOccurrenceMax="0">
    <ShortMessage>Comparison of String parameter using == or !=</ShortMessage>
    <LongMessage>Comparison of String parameter using == or != in org.jdom.Text.append(String) </LongMessage>
    <Class classname="org.jdom.Text">
      <SourceLine classname="org.jdom.Text" start="94" end="350" sourcefile="Text.java" sourcepath="org/jdom/Text.java">
        <Message>At Text.java:[lines 94-350]</Message>
      </SourceLine>
      <Message>In class org.jdom.Text</Message>
    </Class>
    <Method classname="org.jdom.Text" name="append" signature="(Ljava/lang/String;)V" isStatic="false">
      <SourceLine classname="org.jdom.Text" start="209" end="206" startBytecode="0" endBytecode="33" sourcefile="Text.java" sourcepath="org/jdom/Text.java"/>
      <Message>In method org.jdom.Text.append(String)</Message>
    </Method>
    <Type descriptor="Ljava/lang/String;" role="TYPE_FOUND">
      <Message>Actual type java.lang.String</Message>
    </Type>
    <SourceLine classname="org.jdom.Text" start="216" end="216" startBytecode="29" endBytecode="29" sourcefile="Text.java" sourcepath="org/jdom/Text.java">
      <Message>At Text.java:[line 216]</Message>
    </SourceLine>
  </BugInstance>
  <BugInstance type="SE_NO_SERIALVERSIONID" priority="3" abbrev="SnVI" category="BAD_PRACTICE" instanceHash="2965bc605e6b53d82a3362f754175f86" instanceOccurrenceNum="0" instanceOccurrenceMax="0">
    <ShortMessage>Class is Serializable, but doesn't define serialVersionUID</ShortMessage>
    <LongMessage>org.jdom.Text is Serializable; consider declaring a serialVersionUID</LongMessage>
    <Class classname="org.jdom.Text">
      <SourceLine classname="org.jdom.Text" start="94" end="350" sourcefile="Text.java" sourcepath="org/jdom/Text.java">
        <Message>At Text.java:[lines 94-350]</Message>
      </SourceLine>
      <Message>In class org.jdom.Text</Message>
    </Class>
    <SourceLine classname="org.jdom.Text" start="94" end="350" sourcefile="Text.java" sourcepath="org/jdom/Text.java" synthetic="true">
      <Message>At Text.java:[lines 94-350]</Message>
    </SourceLine>
  </BugInstance>
  <BugInstance type="DM_CONVERT_CASE" priority="3" abbrev="Dm" category="I18N" instanceHash="4ddf78475fed7a6d6d2db4e4b5e62f05" instanceOccurrenceNum="0" instanceOccurrenceMax="0">
    <ShortMessage>Consider using Locale parameterized version of invoked method</ShortMessage>
    <LongMessage>Use of non-localized String.toUpperCase() or String.toLowerCase</LongMessage>
    <Class classname="org.jdom.Verifier">
      <SourceLine classname="org.jdom.Verifier" start="83" end="1130" sourcefile="Verifier.java" sourcepath="org/jdom/Verifier.java">
        <Message>At Verifier.java:[lines 83-1130]</Message>
      </SourceLine>
      <Message>In class org.jdom.Verifier</Message>
    </Class>
    <Method classname="org.jdom.Verifier" name="checkNamespacePrefix" signature="(Ljava/lang/String;)Ljava/lang/String;" isStatic="true">
      <SourceLine classname="org.jdom.Verifier" start="227" end="269" startBytecode="0" endBytecode="313" sourcefile="Verifier.java" sourcepath="org/jdom/Verifier.java"/>
      <Message>In method org.jdom.Verifier.checkNamespacePrefix(String)</Message>
    </Method>
    <SourceLine classname="org.jdom.Verifier" start="249" end="249" startBytecode="59" endBytecode="59" sourcefile="Verifier.java" sourcepath="org/jdom/Verifier.java">
      <Message>At Verifier.java:[line 249]</Message>
    </SourceLine>
  </BugInstance>
  <BugInstance type="REC_CATCH_EXCEPTION" priority="3" abbrev="REC" category="STYLE" instanceHash="bdf02e4dcff16cfbc80eab04b56542b7" instanceOccurrenceNum="0" instanceOccurrenceMax="0">
    <ShortMessage>Exception is caught when Exception is not thrown</ShortMessage>
    <LongMessage>Exception is caught when Exception is not thrown in org.jdom.adapters.AbstractDOMAdapter.setInternalSubset(DocumentType, String)</LongMessage>
    <Class classname="org.jdom.adapters.AbstractDOMAdapter">
      <SourceLine classname="org.jdom.adapters.AbstractDOMAdapter" start="83" end="188" sourcefile="AbstractDOMAdapter.java" sourcepath="org/jdom/adapters/AbstractDOMAdapter.java">
        <Message>At AbstractDOMAdapter.java:[lines 83-188]</Message>
      </SourceLine>
      <Message>In class org.jdom.adapters.AbstractDOMAdapter</Message>
    </Class>
    <Method classname="org.jdom.adapters.AbstractDOMAdapter" name="setInternalSubset" signature="(Lorg/w3c/dom/DocumentType;Ljava/lang/String;)V" isStatic="false">
      <SourceLine classname="org.jdom.adapters.AbstractDOMAdapter" start="177" end="176" startBytecode="0" endBytecode="195" sourcefile="AbstractDOMAdapter.java" sourcepath="org/jdom/adapters/AbstractDOMAdapter.java"/>
      <Message>In method org.jdom.adapters.AbstractDOMAdapter.setInternalSubset(DocumentType, String)</Message>
    </Method>
    <SourceLine classname="org.jdom.adapters.AbstractDOMAdapter" start="188" end="188" startBytecode="68" endBytecode="68" sourcefile="AbstractDOMAdapter.java" sourcepath="org/jdom/adapters/AbstractDOMAdapter.java">
      <Message>At AbstractDOMAdapter.java:[line 188]</Message>
    </SourceLine>
  </BugInstance>
  <BugInstance type="REC_CATCH_EXCEPTION" priority="3" abbrev="REC" category="STYLE" instanceHash="3e014ae4d349872442ea275dae69a713" instanceOccurrenceNum="0" instanceOccurrenceMax="0">
    <ShortMessage>Exception is caught when Exception is not thrown</ShortMessage>
    <LongMessage>Exception is caught when Exception is not thrown in org.jdom.adapters.JAXPDOMAdapter.createDocument()</LongMessage>
    <Class classname="org.jdom.adapters.JAXPDOMAdapter">
      <SourceLine classname="org.jdom.adapters.JAXPDOMAdapter" start="82" end="205" sourcefile="JAXPDOMAdapter.java" sourcepath="org/jdom/adapters/JAXPDOMAdapter.java">
        <Message>At JAXPDOMAdapter.java:[lines 82-205]</Message>
      </SourceLine>
      <Message>In class org.jdom.adapters.JAXPDOMAdapter</Message>
    </Class>
    <Method classname="org.jdom.adapters.JAXPDOMAdapter" name="createDocument" signature="()Lorg/w3c/dom/Document;" isStatic="false">
      <SourceLine classname="org.jdom.adapters.JAXPDOMAdapter" start="178" end="205" startBytecode="0" endBytecode="293" sourcefile="JAXPDOMAdapter.java" sourcepath="org/jdom/adapters/JAXPDOMAdapter.java"/>
      <Message>In method org.jdom.adapters.JAXPDOMAdapter.createDocument()</Message>
    </Method>
    <SourceLine classname="org.jdom.adapters.JAXPDOMAdapter" start="204" end="204" startBytecode="78" endBytecode="78" sourcefile="JAXPDOMAdapter.java" sourcepath="org/jdom/adapters/JAXPDOMAdapter.java">
      <Message>At JAXPDOMAdapter.java:[line 204]</Message>
    </SourceLine>
  </BugInstance>
  <BugInstance type="HE_EQUALS_USE_HASHCODE" priority="1" abbrev="HE" category="BAD_PRACTICE" instanceHash="e2f51e93a00892145ba1a517ea9a20df" instanceOccurrenceNum="0" instanceOccurrenceMax="0">
    <ShortMessage>Class defines equals() and uses Object.hashCode()</ShortMessage>
    <LongMessage>org.jdom.filter.ContentFilter defines equals and uses Object.hashCode()</LongMessage>
    <Class classname="org.jdom.filter.ContentFilter">
      <SourceLine classname="org.jdom.filter.ContentFilter" start="130" end="387" sourcefile="ContentFilter.java" sourcepath="org/jdom/filter/ContentFilter.java">
        <Message>At ContentFilter.java:[lines 130-387]</Message>
      </SourceLine>
      <Message>In class org.jdom.filter.ContentFilter</Message>
    </Class>
    <Method classname="org.jdom.filter.ContentFilter" name="equals" signature="(Ljava/lang/Object;)Z" isStatic="false">
      <SourceLine classname="org.jdom.filter.ContentFilter" start="383" end="387" startBytecode="0" endBytecode="104" sourcefile="ContentFilter.java" sourcepath="org/jdom/filter/ContentFilter.java"/>
      <Message>In method org.jdom.filter.ContentFilter.equals(Object)</Message>
    </Method>
    <SourceLine classname="org.jdom.filter.ContentFilter" start="383" end="387" startBytecode="0" endBytecode="104" sourcefile="ContentFilter.java" sourcepath="org/jdom/filter/ContentFilter.java" synthetic="true">
      <Message>At ContentFilter.java:[lines 383-387]</Message>
    </SourceLine>
  </BugInstance>
  <BugInstance type="ES_COMPARING_STRINGS_WITH_EQ" priority="3" abbrev="ES" category="BAD_PRACTICE" instanceHash="6c5c13564ca09bc12d78a72a5da024f1" instanceOccurrenceNum="0" instanceOccurrenceMax="0">
    <ShortMessage>Comparison of String objects using == or !=</ShortMessage>
    <LongMessage>Comparison of String objects using == or != in org.jdom.filter.ElementFilter.equals(Object) </LongMessage>
    <Class classname="org.jdom.filter.ElementFilter">
      <SourceLine classname="org.jdom.filter.ElementFilter" start="87" end="209" sourcefile="ElementFilter.java" sourcepath="org/jdom/filter/ElementFilter.java">
        <Message>At ElementFilter.java:[lines 87-209]</Message>
      </SourceLine>
      <Message>In class org.jdom.filter.ElementFilter</Message>
    </Class>
    <Method classname="org.jdom.filter.ElementFilter" name="equals" signature="(Ljava/lang/Object;)Z" isStatic="false">
      <SourceLine classname="org.jdom.filter.ElementFilter" start="195" end="209" startBytecode="0" endBytecode="35" sourcefile="ElementFilter.java" sourcepath="org/jdom/filter/ElementFilter.java"/>
      <Message>In method org.jdom.filter.ElementFilter.equals(Object)</Message>
    </Method>
    <Type descriptor="Ljava/lang/String;" role="TYPE_FOUND">
      <Message>Actual type java.lang.String</Message>
    </Type>
    <SourceLine classname="org.jdom.filter.ElementFilter" start="201" end="201" startBytecode="38" endBytecode="38" sourcefile="ElementFilter.java" sourcepath="org/jdom/filter/ElementFilter.java">
      <Message>At ElementFilter.java:[line 201]</Message>
    </SourceLine>
  </BugInstance>
  <BugInstance type="HE_EQUALS_USE_HASHCODE" priority="1" abbrev="HE" category="BAD_PRACTICE" instanceHash="43cb0341dfc762ce7fb0ff1e40b57189" instanceOccurrenceNum="0" instanceOccurrenceMax="0">
    <ShortMessage>Class defines equals() and uses Object.hashCode()</ShortMessage>
    <LongMessage>org.jdom.filter.ElementFilter defines equals and uses Object.hashCode()</LongMessage>
    <Class classname="org.jdom.filter.ElementFilter">
      <SourceLine classname="org.jdom.filter.ElementFilter" start="87" end="209" sourcefile="ElementFilter.java" sourcepath="org/jdom/filter/ElementFilter.java">
        <Message>At ElementFilter.java:[lines 87-209]</Message>
      </SourceLine>
      <Message>In class org.jdom.filter.ElementFilter</Message>
    </Class>
    <Method classname="org.jdom.filter.ElementFilter" name="equals" signature="(Ljava/lang/Object;)Z" isStatic="false">
      <SourceLine classname="org.jdom.filter.ElementFilter" start="195" end="209" startBytecode="0" endBytecode="161" sourcefile="ElementFilter.java" sourcepath="org/jdom/filter/ElementFilter.java"/>
      <Message>In method org.jdom.filter.ElementFilter.equals(Object)</Message>
    </Method>
    <SourceLine classname="org.jdom.filter.ElementFilter" start="195" end="209" startBytecode="0" endBytecode="161" sourcefile="ElementFilter.java" sourcepath="org/jdom/filter/ElementFilter.java" synthetic="true">
      <Message>At ElementFilter.java:[lines 195-209]</Message>
    </SourceLine>
  </BugInstance>
  <BugInstance type="NP_NULL_PARAM_DEREF" priority="1" abbrev="NP" category="CORRECTNESS" instanceHash="dae218d061a46c87cda4d96f2dfd3bfd" instanceOccurrenceNum="0" instanceOccurrenceMax="0">
    <ShortMessage>Method call passes null for unconditionally dereferenced parameter</ShortMessage>
    <LongMessage>Method call in org.jdom.input.DOMBuilder.build(InputStream) passes null for unconditionally dereferenced parameter of buildTree(Node, Document, Element, boolean)</LongMessage>
    <Class classname="org.jdom.input.DOMBuilder">
      <SourceLine classname="org.jdom.input.DOMBuilder" start="110" end="555" sourcefile="DOMBuilder.java" sourcepath="org/jdom/input/DOMBuilder.java">
        <Message>At DOMBuilder.java:[lines 110-555]</Message>
      </SourceLine>
      <Message>In class org.jdom.input.DOMBuilder</Message>
    </Class>
    <Method classname="org.jdom.input.DOMBuilder" name="build" signature="(Ljava/io/InputStream;)Lorg/jdom/Document;" isStatic="false">
      <SourceLine classname="org.jdom.input.DOMBuilder" start="216" end="286" startBytecode="0" endBytecode="623" sourcefile="DOMBuilder.java" sourcepath="org/jdom/input/DOMBuilder.java"/>
      <Message>In method org.jdom.input.DOMBuilder.build(InputStream)</Message>
    </Method>
    <Method classname="org.jdom.input.DOMBuilder" name="buildTree" signature="(Lorg/w3c/dom/Node;Lorg/jdom/Document;Lorg/jdom/Element;Z)V" isStatic="false" role="METHOD_CALLED">
      <SourceLine classname="org.jdom.input.DOMBuilder" start="383" end="378" startBytecode="0" endBytecode="1791" sourcefile="DOMBuilder.java" sourcepath="org/jdom/input/DOMBuilder.java"/>
      <Message>Called method org.jdom.input.DOMBuilder.buildTree(Node, Document, Element, boolean)</Message>
    </Method>
    <Int value="1" role="INT_MAYBE_NULL_ARG">
      <Message>Argument 1 might be null but must not be null</Message>
    </Int>
    <LocalVariable name="domDoc" register="3" pc="129" role="LOCAL_VARIABLE_NAMED">
      <Message>Local variable named domDoc</Message>
    </LocalVariable>
    <SourceLine classname="org.jdom.input.DOMBuilder" start="266" end="266" startBytecode="141" endBytecode="141" sourcefile="DOMBuilder.java" sourcepath="org/jdom/input/DOMBuilder.java" role="SOURCE_LINE_INVOKED">
      <Message>Method invoked at DOMBuilder.java:[line 266]</Message>
    </SourceLine>
    <SourceLine classname="org.jdom.input.DOMBuilder" start="260" end="260" startBytecode="132" endBytecode="132" sourcefile="DOMBuilder.java" sourcepath="org/jdom/input/DOMBuilder.java" role="SOURCE_LINE_KNOWN_NULL">
      <Message>Known null at DOMBuilder.java:[line 260]</Message>
    </SourceLine>
  </BugInstance>
  <BugInstance type="RI_REDUNDANT_INTERFACES" priority="3" abbrev="RI" category="STYLE" instanceHash="361b4e1af70f1e07e8908d209390b69a" instanceOccurrenceNum="0" instanceOccurrenceMax="0">
    <ShortMessage>Class implements same interface as superclass</ShortMessage>
    <LongMessage>Class org.jdom.input.SAXHandler implements same interface as superclass</LongMessage>
    <Class classname="org.jdom.input.SAXHandler">
      <SourceLine classname="org.jdom.input.SAXHandler" start="82" end="1086" sourcefile="SAXHandler.java" sourcepath="org/jdom/input/SAXHandler.java">
        <Message>At SAXHandler.java:[lines 82-1086]</Message>
      </SourceLine>
      <Message>In class org.jdom.input.SAXHandler</Message>
    </Class>
    <Class classname="org.xml.sax.DTDHandler" role="INTERFACE_TYPE">
      <SourceLine classname="org.xml.sax.DTDHandler" sourcefile="DTDHandler.java" sourcepath="org/xml/sax/DTDHandler.java">
        <Message>In DTDHandler.java</Message>
      </SourceLine>
      <Message>Interface org.xml.sax.DTDHandler</Message>
    </Class>
    <SourceLine classname="org.jdom.input.SAXHandler" start="82" end="1086" sourcefile="SAXHandler.java" sourcepath="org/jdom/input/SAXHandler.java" synthetic="true">
      <Message>At SAXHandler.java:[lines 82-1086]</Message>
    </SourceLine>
  </BugInstance>
  <BugInstance type="REC_CATCH_EXCEPTION" priority="3" abbrev="REC" category="STYLE" instanceHash="aa76480a94a5701991e9f88e1d2a34f2" instanceOccurrenceNum="0" instanceOccurrenceMax="0">
    <ShortMessage>Exception is caught when Exception is not thrown</ShortMessage>
    <LongMessage>Exception is caught when Exception is not thrown in org.jdom.output.DOMOutputter.output(Element, Document, NamespaceStack)</LongMessage>
    <Class classname="org.jdom.output.DOMOutputter">
      <SourceLine classname="org.jdom.output.DOMOutputter" start="101" end="478" sourcefile="DOMOutputter.java" sourcepath="org/jdom/output/DOMOutputter.java">
        <Message>At DOMOutputter.java:[lines 101-478]</Message>
      </SourceLine>
      <Message>In class org.jdom.output.DOMOutputter</Message>
    </Class>
    <Method classname="org.jdom.output.DOMOutputter" name="output" signature="(Lorg/jdom/Element;Lorg/w3c/dom/Document;Lorg/jdom/output/NamespaceStack;)Lorg/w3c/dom/Element;" isStatic="false">
      <SourceLine classname="org.jdom.output.DOMOutputter" start="281" end="417" startBytecode="0" endBytecode="1668" sourcefile="DOMOutputter.java" sourcepath="org/jdom/output/DOMOutputter.java"/>
      <Message>In method org.jdom.output.DOMOutputter.output(Element, Document, NamespaceStack)</Message>
    </Method>
    <SourceLine classname="org.jdom.output.DOMOutputter" start="416" end="416" startBytecode="782" endBytecode="782" sourcefile="DOMOutputter.java" sourcepath="org/jdom/output/DOMOutputter.java">
      <Message>At DOMOutputter.java:[line 416]</Message>
    </SourceLine>
  </BugInstance>
  <BugInstance type="NP_LOAD_OF_KNOWN_NULL_VALUE" priority="3" abbrev="NP" category="STYLE" instanceHash="1e778e3d4918c8c29688c1638a369661" instanceOccurrenceNum="0" instanceOccurrenceMax="0">
    <ShortMessage>Load of known null value</ShortMessage>
    <LongMessage>Load of known null value in org.jdom.output.SAXOutputter.startPrefixMapping(Element, NamespaceStack)</LongMessage>
    <Class classname="org.jdom.output.SAXOutputter">
      <SourceLine classname="org.jdom.output.SAXOutputter" start="106" end="1187" sourcefile="SAXOutputter.java" sourcepath="org/jdom/output/SAXOutputter.java">
        <Message>At SAXOutputter.java:[lines 106-1187]</Message>
      </SourceLine>
      <Message>In class org.jdom.output.SAXOutputter</Message>
    </Class>
    <Method classname="org.jdom.output.SAXOutputter" name="startPrefixMapping" signature="(Lorg/jdom/Element;Lorg/jdom/output/NamespaceStack;)Lorg/xml/sax/Attributes;" isStatic="false">
      <SourceLine classname="org.jdom.output.SAXOutputter" start="826" end="866" startBytecode="0" endBytecode="96" sourcefile="SAXOutputter.java" sourcepath="org/jdom/output/SAXOutputter.java"/>
      <Message>In method org.jdom.output.SAXOutputter.startPrefixMapping(Element, NamespaceStack)</Message>
    </Method>
    <SourceLine classname="org.jdom.output.SAXOutputter" start="834" end="834" startBytecode="59" endBytecode="59" sourcefile="SAXOutputter.java" sourcepath="org/jdom/output/SAXOutputter.java">
      <Message>At SAXOutputter.java:[line 834]</Message>
    </SourceLine>
  </BugInstance>
  <BugInstance type="SIC_INNER_SHOULD_BE_STATIC" priority="2" abbrev="SIC" category="PERFORMANCE" instanceHash="459d584e45be4232c4f230c2d7311b07" instanceOccurrenceNum="0" instanceOccurrenceMax="0">
    <ShortMessage>Should be a static inner class</ShortMessage>
    <LongMessage>Should org.jdom.output.XMLOutputter$Format be a _static_ inner class?</LongMessage>
    <Class classname="org.jdom.output.XMLOutputter$Format">
      <SourceLine classname="org.jdom.output.XMLOutputter$Format" start="201" end="257" sourcefile="XMLOutputter.java" sourcepath="org/jdom/output/XMLOutputter.java">
        <Message>At XMLOutputter.java:[lines 201-257]</Message>
      </SourceLine>
      <Message>In class org.jdom.output.XMLOutputter$Format</Message>
    </Class>
    <SourceLine classname="org.jdom.output.XMLOutputter$Format" start="201" end="257" sourcefile="XMLOutputter.java" sourcepath="org/jdom/output/XMLOutputter.java" synthetic="true">
      <Message>At XMLOutputter.java:[lines 201-257]</Message>
    </SourceLine>
  </BugInstance>
  <BugInstance type="SIC_INNER_SHOULD_BE_STATIC" priority="2" abbrev="SIC" category="PERFORMANCE" instanceHash="5793bb367795abbe926e7b51cf015f16" instanceOccurrenceNum="0" instanceOccurrenceMax="0">
    <ShortMessage>Should be a static inner class</ShortMessage>
    <LongMessage>Should org.jdom.output.XMLOutputter$NamespaceStack be a _static_ inner class?</LongMessage>
    <Class classname="org.jdom.output.XMLOutputter$NamespaceStack">
      <SourceLine classname="org.jdom.output.XMLOutputter$NamespaceStack" start="201" end="2008" sourcefile="XMLOutputter.java" sourcepath="org/jdom/output/XMLOutputter.java">
        <Message>At XMLOutputter.java:[lines 201-2008]</Message>
      </SourceLine>
      <Message>In class org.jdom.output.XMLOutputter$NamespaceStack</Message>
    </Class>
    <SourceLine classname="org.jdom.output.XMLOutputter$NamespaceStack" start="201" end="2008" sourcefile="XMLOutputter.java" sourcepath="org/jdom/output/XMLOutputter.java" synthetic="true">
      <Message>At XMLOutputter.java:[lines 201-2008]</Message>
    </SourceLine>
  </BugInstance>
  <BugInstance type="SE_NO_SERIALVERSIONID" priority="2" abbrev="SnVI" category="BAD_PRACTICE" instanceHash="e90601f93a1dbb8a49bbc8787d33056d" instanceOccurrenceNum="0" instanceOccurrenceMax="0">
    <ShortMessage>Class is Serializable, but doesn't define serialVersionUID</ShortMessage>
    <LongMessage>org.jdom.xpath.JaxenXPath is Serializable; consider declaring a serialVersionUID</LongMessage>
    <Class classname="org.jdom.xpath.JaxenXPath">
      <SourceLine classname="org.jdom.xpath.JaxenXPath" start="96" end="297" sourcefile="JaxenXPath.java" sourcepath="org/jdom/xpath/JaxenXPath.java">
        <Message>At JaxenXPath.java:[lines 96-297]</Message>
      </SourceLine>
      <Message>In class org.jdom.xpath.JaxenXPath</Message>
    </Class>
    <SourceLine classname="org.jdom.xpath.JaxenXPath" start="96" end="297" sourcefile="JaxenXPath.java" sourcepath="org/jdom/xpath/JaxenXPath.java" synthetic="true">
      <Message>At JaxenXPath.java:[lines 96-297]</Message>
    </SourceLine>
  </BugInstance>
  <BugInstance type="LI_LAZY_INIT_STATIC" priority="3" abbrev="LI" category="MT_CORRECTNESS" instanceHash="14755620edc3d1609087e47a17c7e3f3" instanceOccurrenceNum="0" instanceOccurrenceMax="0">
    <ShortMessage>Incorrect lazy initialization of static field</ShortMessage>
    <LongMessage>Incorrect lazy initialization of static field org.jdom.xpath.XPath.jaxen in org.jdom.xpath.XPath.newInstance(String)</LongMessage>
    <Class classname="org.jdom.xpath.XPath">
      <SourceLine classname="org.jdom.xpath.XPath" start="73" end="277" sourcefile="XPath.java" sourcepath="org/jdom/xpath/XPath.java">
        <Message>At XPath.java:[lines 73-277]</Message>
      </SourceLine>
      <Message>In class org.jdom.xpath.XPath</Message>
    </Class>
    <Method classname="org.jdom.xpath.XPath" name="newInstance" signature="(Ljava/lang/String;)Lorg/jdom/xpath/XPath;" isStatic="true">
      <SourceLine classname="org.jdom.xpath.XPath" start="100" end="118" startBytecode="0" endBytecode="66" sourcefile="XPath.java" sourcepath="org/jdom/xpath/XPath.java"/>
      <Message>In method org.jdom.xpath.XPath.newInstance(String)</Message>
    </Method>
    <Field classname="org.jdom.xpath.XPath" name="jaxen" signature="Ljava/lang/reflect/Constructor;" isStatic="true" role="FIELD_ON">
      <SourceLine classname="org.jdom.xpath.XPath" sourcefile="XPath.java" sourcepath="org/jdom/xpath/XPath.java">
        <Message>In XPath.java</Message>
      </SourceLine>
      <Message>On field org.jdom.xpath.XPath.jaxen</Message>
    </Field>
    <SourceLine classname="org.jdom.xpath.XPath" start="100" end="103" startBytecode="0" endBytecode="44" sourcefile="XPath.java" sourcepath="org/jdom/xpath/XPath.java">
      <Message>At XPath.java:[lines 100-103]</Message>
    </SourceLine>
  </BugInstance>
  <BugCategory category="CORRECTNESS">
    <Description>Correctness</Description>
  </BugCategory>
  <BugCategory category="PERFORMANCE">
    <Description>Performance</Description>
  </BugCategory>
  <BugCategory category="I18N">
    <Description>Internationalization</Description>
  </BugCategory>
  <BugCategory category="MT_CORRECTNESS">
    <Description>Multithreaded correctness</Description>
  </BugCategory>
  <BugCategory category="BAD_PRACTICE">
    <Description>Bad practice</Description>
  </BugCategory>
  <BugCategory category="STYLE">
    <Description>Dodgy</Description>
  </BugCategory>
  <BugPattern type="NP_NULL_PARAM_DEREF" abbrev="NP" category="CORRECTNESS">
    <ShortDescription>Method call passes null for unconditionally dereferenced parameter</ShortDescription>
    <Details><![CDATA[
      
      <p>
      This method call passes a null value to a method which might
      dereference it unconditionally.
      </p>
      
   ]]></Details>
  </BugPattern>
  <BugPattern type="SIC_INNER_SHOULD_BE_STATIC_NEEDS_THIS" abbrev="SIC" category="PERFORMANCE">
    <ShortDescription>Could be refactored into a static inner class</ShortDescription>
    <Details><![CDATA[

  <p> This class is an inner class, but does not use its embedded reference
  to the object which created it except during construction of the
inner object.&nbsp; This reference makes the instances
  of the class larger, and may keep the reference to the creator object
  alive longer than necessary.&nbsp; If possible, the class should be
  made into a <em>static</em> inner class. Since the reference to the
   outer object is required during construction of the inner instance,
   the inner class will need to be refactored so as to
   pass  a reference to the outer instance to the constructor
   for the inner class.</p>

    ]]></Details>
  </BugPattern>
  <BugPattern type="HE_EQUALS_USE_HASHCODE" abbrev="HE" category="BAD_PRACTICE">
    <ShortDescription>Class defines equals() and uses Object.hashCode()</ShortDescription>
    <Details><![CDATA[

  <p> This class overrides <code>equals(Object)</code>, but does not
  override <code>hashCode()</code>, and inherits the implementation of
  <code>hashCode()</code> from <code>java.lang.Object</code> (which returns
  the identity hash code, an arbitrary value assigned to the object
  by the VM).&nbsp; Therefore, the class is very likely to violate the
  invariant that equal objects must have equal hashcodes.</p>

<p>If you don't think instances of this class will ever be inserted into a HashMap/HashTable,
the recommended <code>hashCode</code> implementation to use is:</p>
<pre>public int hashCode() {
  assert false : "hashCode not designed";
  return 42; // any arbitrary constant will do 
  }</pre>

    ]]></Details>
  </BugPattern>
  <BugPattern type="SIC_INNER_SHOULD_BE_STATIC" abbrev="SIC" category="PERFORMANCE">
    <ShortDescription>Should be a static inner class</ShortDescription>
    <Details><![CDATA[

  <p> This class is an inner class, but does not use its embedded reference
  to the object which created it.&nbsp; This reference makes the instances
  of the class larger, and may keep the reference to the creator object
  alive longer than necessary.&nbsp; If possible, the class should be
   made static.
</p>

    ]]></Details>
  </BugPattern>
  <BugPattern type="ES_COMPARING_STRINGS_WITH_EQ" abbrev="ES" category="BAD_PRACTICE">
    <ShortDescription>Comparison of String objects using == or !=</ShortDescription>
    <Details><![CDATA[

  <p>This code compares <code>java.lang.String</code> objects for reference
equality using the == or != operators.
Unless both strings are either constants in a source file, or have been
interned using the <code>String.intern()</code> method, the same string
value may be represented by two different String objects. Consider
using the <code>equals(Object)</code> method instead.</p>

    ]]></Details>
  </BugPattern>
  <BugPattern type="RCN_REDUNDANT_NULLCHECK_OF_NONNULL_VALUE" abbrev="RCN" category="STYLE">
    <ShortDescription>Redundant nullcheck of value known to be non-null</ShortDescription>
    <Details><![CDATA[

<p> This method contains a redundant check of a known non-null value against
the constant null.</p>

    ]]></Details>
  </BugPattern>
  <BugPattern type="LI_LAZY_INIT_STATIC" abbrev="LI" category="MT_CORRECTNESS">
    <ShortDescription>Incorrect lazy initialization of static field</ShortDescription>
    <Details><![CDATA[

<p> This method contains an unsynchronized lazy initialization of a non-volatile static field.
Because the compiler or processor may reorder instructions,
threads are not guaranteed to see a completely initialized object,
<em>if the method can be called by multiple threads</em>.
You can make the field volatile to correct the problem.
For more information, see the
<a href="http://www.cs.umd.edu/~pugh/java/memoryModel/">Java Memory Model web site</a>.
</p>

    ]]></Details>
  </BugPattern>
  <BugPattern type="ES_COMPARING_PARAMETER_STRING_WITH_EQ" abbrev="ES" category="BAD_PRACTICE">
    <ShortDescription>Comparison of String parameter using == or !=</ShortDescription>
    <Details><![CDATA[

  <p>This code compares a <code>java.lang.String</code> parameter for reference
equality using the == or != operators. Requiring callers to 
pass only String constants or interned strings to a method is unnecessarily
fragile, and rarely leads to measurable performance gains. Consider
using the <code>equals(Object)</code> method instead.</p>

    ]]></Details>
  </BugPattern>
  <BugPattern type="DLS_DEAD_LOCAL_STORE" abbrev="DLS" category="STYLE">
    <ShortDescription>Dead store to local variable</ShortDescription>
    <Details><![CDATA[

<p>
This instruction assigns a value to a local variable,
but the value is not read by any subsequent instruction.
Often, this indicates an error, because the value computed
is never used.
</p>
<p>
Note that Sun's javac compiler often generates dead stores for
final local variables.  Because FindBugs is a bytecode-based tool,
there is no easy way to eliminate these false positives.
</p>

    ]]></Details>
  </BugPattern>
  <BugPattern type="NP_LOAD_OF_KNOWN_NULL_VALUE" abbrev="NP" category="STYLE">
    <ShortDescription>Load of known null value</ShortDescription>
    <Details><![CDATA[

  <p> The variable referenced at this point is known to be null due to an earlier
   check against null. Although this is valid, it might be a mistake (perhaps you
intended to refer to a different variable, or perhaps the earlier check to see if the
variable is null should have been a check to see if it was nonnull.
</p>

    ]]></Details>
  </BugPattern>
  <BugPattern type="ISC_INSTANTIATE_STATIC_CLASS" abbrev="ISC" category="BAD_PRACTICE">
    <ShortDescription>Needless instantiation of class that only supplies static methods</ShortDescription>
    <Details><![CDATA[

<p> This class allocates an object that is based on a class that only supplies static methods. This object
does not need to be created, just access the static methods directly using the class name as a qualifier.</p>

        ]]></Details>
  </BugPattern>
  <BugPattern type="WMI_WRONG_MAP_ITERATOR" abbrev="WMI" category="PERFORMANCE">
    <ShortDescription>Inefficient use of keySet iterator instead of entrySet iterator</ShortDescription>
    <Details><![CDATA[

<p> This method accesses the value of a Map entry, using a key that was retrieved from
a keySet iterator. It is more efficient to use an iterator on the entrySet of the map, to avoid the
Map.get(key) lookup.</p>

        ]]></Details>
  </BugPattern>
  <BugPattern type="NP_NULL_ON_SOME_PATH" abbrev="NP" category="CORRECTNESS">
    <ShortDescription>Possible null pointer dereference</ShortDescription>
    <Details><![CDATA[

<p> A reference value dereferenced here might be null at runtime.&nbsp;
This may lead to a <code>NullPointerException</code> when the code is executed.</p>

    ]]></Details>
  </BugPattern>
  <BugPattern type="SE_NO_SERIALVERSIONID" abbrev="SnVI" category="BAD_PRACTICE">
    <ShortDescription>Class is Serializable, but doesn't define serialVersionUID</ShortDescription>
    <Details><![CDATA[

  <p> This class implements the <code>Serializable</code> interface, but does
  not define a <code>serialVersionUID</code> field.&nbsp;
  A change as simple as adding a reference to a .class object
    will add synthetic fields to the class,
   which will unfortunately change the implicit
   serialVersionUID (e.g., adding a reference to <code>String.class</code>
   will generate a static field <code>class$java$lang$String</code>).
   Also, different source code to bytecode compilers may use different
   naming conventions for synthetic variables generated for
   references to class objects or inner classes.
   To ensure interoperability of Serializable across versions,
   consider adding an explicit serialVersionUID.</p>

    ]]></Details>
  </BugPattern>
  <BugPattern type="RI_REDUNDANT_INTERFACES" abbrev="RI" category="STYLE">
    <ShortDescription>Class implements same interface as superclass</ShortDescription>
    <Details><![CDATA[
   
    <p>
    This class declares that it implements an interface that is also implemented by a superclass.
    This is redundant, once a superclass implements an interface, all subclasses by default also
    implement this interface. It may point out that the inheritance hierarchy has changed since
    this class was created, and consideration should be taken into account for the ownership of
    the interface's implementation.
    </p>
    
     ]]></Details>
  </BugPattern>
  <BugPattern type="REC_CATCH_EXCEPTION" abbrev="REC" category="STYLE">
    <ShortDescription>Exception is caught when Exception is not thrown</ShortDescription>
    <Details><![CDATA[
  
  <p>
  This method uses a try-catch block that catches Exception objects, but Exception is not
  thrown within the try block, and RuntimeException is not explicitly caught.  It is a common bug pattern to
  say try { ... } catch (Exception e) { something } as a shorthand for catching a number of types of exception
  each of whose catch blocks is identical, but this construct also accidentally catches RuntimeException as well,
  masking potential bugs.
  </p>
  
     ]]></Details>
  </BugPattern>
  <BugPattern type="DM_CONVERT_CASE" abbrev="Dm" category="I18N">
    <ShortDescription>Consider using Locale parameterized version of invoked method</ShortDescription>
    <Details><![CDATA[

  <p> A String is being converted to upper or lowercase, using the platform's default encoding. This may
      result in improper conversions when used with international characters. Use the </p>
      <table><tr><td>String.toUpperCase( Locale l )</td></tr><tr><td>String.toLowerCase( Locale l )</td></tr></table>
      <p>versions instead.</p>

    ]]></Details>
  </BugPattern>
  <BugPattern type="UWF_FIELD_NOT_INITIALIZED_IN_CONSTRUCTOR" abbrev="UwF" category="STYLE">
    <ShortDescription>Field not initialized in constructor</ShortDescription>
    <Details><![CDATA[

  <p> This field is never initialized within any constructor, and is therefore could be null after
the object is constructed.
This could be a either an error or a questionable design, since
it means a null pointer exception will be generated if that field is dereferenced
before being initialized.
</p>

    ]]></Details>
  </BugPattern>
  <BugCode abbrev="RI">
    <Description>Redundant Interfaces</Description>
  </BugCode>
  <BugCode abbrev="REC">
    <Description>RuntimeException capture</Description>
  </BugCode>
  <BugCode abbrev="UwF">
    <Description>Unwritten field</Description>
  </BugCode>
  <BugCode abbrev="LI">
    <Description>Unsynchronized Lazy Initialization</Description>
  </BugCode>
  <BugCode abbrev="SnVI">
    <Description>Serializable class with no Version ID</Description>
  </BugCode>
  <BugCode abbrev="ISC">
    <Description>Instantiated Static Class</Description>
  </BugCode>
  <BugCode abbrev="RCN">
    <Description>Redundant comparison to null</Description>
  </BugCode>
  <BugCode abbrev="SIC">
    <Description>Inner class could be made static</Description>
  </BugCode>
  <BugCode abbrev="DLS">
    <Description>Dead local store</Description>
  </BugCode>
  <BugCode abbrev="NP">
    <Description>Null pointer dereference</Description>
  </BugCode>
  <BugCode abbrev="WMI">
    <Description>Wrong Map Iterator</Description>
  </BugCode>
  <BugCode abbrev="ES">
    <Description>Checking String equality using == or !=</Description>
  </BugCode>
  <BugCode abbrev="HE">
    <Description>Equal objects must have equal hashcodes</Description>
  </BugCode>
  <BugCode abbrev="Dm">
    <Description>Dubious method used</Description>
  </BugCode>
  <Errors></Errors>
  <FindBugsSummary timestamp="Tue, 16 Sep 2008 23:27:00 -0400" total_classes="55" total_bugs="40" total_size="5720" num_packages="8" cpu_seconds="15.22" clock_seconds="15.41" peak_mbytes="151.17" gc_seconds="2.14" priority_3="27" priority_2="9" priority_1="4">
    <PackageStats package="" total_bugs="3" total_types="3" total_size="82" priority_3="2" priority_2="1">
      <ClassStats class="JDOMAbout" sourceFile="JDOMAbout.java" interface="false" size="29" bugs="1" priority_3="1"/>
      <ClassStats class="JDOMAbout$Author" sourceFile="JDOMAbout.java" interface="false" size="7" bugs="1" priority_2="1"/>
      <ClassStats class="JDOMAbout$Info" sourceFile="JDOMAbout.java" interface="false" size="46" bugs="1" priority_3="1"/>
    </PackageStats>
    <PackageStats package="org.jdom" total_bugs="24" total_types="21" total_size="2758" priority_3="18" priority_2="5" priority_1="1">
      <ClassStats class="org.jdom.Attribute" sourceFile="Attribute.java" interface="false" size="158" bugs="1" priority_2="1"/>
      <ClassStats class="org.jdom.AttributeList" sourceFile="AttributeList.java" interface="false" size="193" bugs="3" priority_3="3"/>
      <ClassStats class="org.jdom.CDATA" sourceFile="CDATA.java" interface="false" size="31" bugs="2" priority_3="2"/>
      <ClassStats class="org.jdom.Comment" sourceFile="Comment.java" interface="false" size="55" bugs="1" priority_3="1"/>
      <ClassStats class="org.jdom.ContentList" sourceFile="ContentList.java" interface="false" size="307" bugs="2" priority_3="1" priority_2="1"/>
      <ClassStats class="org.jdom.ContentList$FilterList" sourceFile="ContentList.java" interface="false" size="79" bugs="0"/>
      <ClassStats class="org.jdom.ContentList$FilterListIterator" sourceFile="ContentList.java" interface="false" size="172" bugs="0"/>
      <ClassStats class="org.jdom.DataConversionException" sourceFile="DataConversionException.java" interface="false" size="10" bugs="0"/>
      <ClassStats class="org.jdom.DocType" sourceFile="DocType.java" interface="false" size="82" bugs="2" priority_3="1" priority_2="1"/>
      <ClassStats class="org.jdom.Document" sourceFile="Document.java" interface="false" size="115" bugs="1" priority_3="1"/>
      <ClassStats class="org.jdom.Element" sourceFile="Element.java" interface="false" size="375" bugs="1" priority_2="1"/>
      <ClassStats class="org.jdom.EntityRef" sourceFile="EntityRef.java" interface="false" size="76" bugs="1" priority_3="1"/>
      <ClassStats class="org.jdom.IllegalAddException" sourceFile="IllegalAddException.java" interface="false" size="121" bugs="0"/>
      <ClassStats class="org.jdom.IllegalDataException" sourceFile="IllegalDataException.java" interface="false" size="22" bugs="0"/>
      <ClassStats class="org.jdom.IllegalNameException" sourceFile="IllegalNameException.java" interface="false" size="22" bugs="0"/>
      <ClassStats class="org.jdom.IllegalTargetException" sourceFile="IllegalTargetException.java" interface="false" size="18" bugs="0"/>
      <ClassStats class="org.jdom.JDOMException" sourceFile="JDOMException.java" interface="false" size="95" bugs="4" priority_3="4"/>
      <ClassStats class="org.jdom.Namespace" sourceFile="Namespace.java" interface="false" size="57" bugs="0"/>
      <ClassStats class="org.jdom.ProcessingInstruction" sourceFile="ProcessingInstruction.java" interface="false" size="148" bugs="3" priority_3="2" priority_2="1"/>
      <ClassStats class="org.jdom.Text" sourceFile="Text.java" interface="false" size="87" bugs="2" priority_3="1" priority_1="1"/>
      <ClassStats class="org.jdom.Verifier" sourceFile="Verifier.java" interface="false" size="535" bugs="1" priority_3="1"/>
    </PackageStats>
    <PackageStats package="org.jdom.adapters" total_bugs="2" total_types="8" total_size="330" priority_3="2">
      <ClassStats class="org.jdom.adapters.AbstractDOMAdapter" sourceFile="AbstractDOMAdapter.java" interface="false" size="31" bugs="1" priority_3="1"/>
      <ClassStats class="org.jdom.adapters.CrimsonDOMAdapter" sourceFile="CrimsonDOMAdapter.java" interface="false" size="40" bugs="0"/>
      <ClassStats class="org.jdom.adapters.DOMAdapter" sourceFile="DOMAdapter.java" interface="true" size="5" bugs="0"/>
      <ClassStats class="org.jdom.adapters.JAXPDOMAdapter" sourceFile="JAXPDOMAdapter.java" interface="false" size="64" bugs="1" priority_3="1"/>
      <ClassStats class="org.jdom.adapters.OracleV1DOMAdapter" sourceFile="OracleV1DOMAdapter.java" interface="false" size="39" bugs="0"/>
      <ClassStats class="org.jdom.adapters.OracleV2DOMAdapter" sourceFile="OracleV2DOMAdapter.java" interface="false" size="39" bugs="0"/>
      <ClassStats class="org.jdom.adapters.XML4JDOMAdapter" sourceFile="XML4JDOMAdapter.java" interface="false" size="54" bugs="0"/>
      <ClassStats class="org.jdom.adapters.XercesDOMAdapter" sourceFile="XercesDOMAdapter.java" interface="false" size="58" bugs="0"/>
    </PackageStats>
    <PackageStats package="org.jdom.filter" total_bugs="3" total_types="3" total_size="141" priority_3="1" priority_1="2">
      <ClassStats class="org.jdom.filter.ContentFilter" sourceFile="ContentFilter.java" interface="false" size="93" bugs="1" priority_1="1"/>
      <ClassStats class="org.jdom.filter.ElementFilter" sourceFile="ElementFilter.java" interface="false" size="44" bugs="2" priority_3="1" priority_1="1"/>
      <ClassStats class="org.jdom.filter.Filter" sourceFile="Filter.java" interface="true" size="4" bugs="0"/>
    </PackageStats>
    <PackageStats package="org.jdom.input" total_bugs="2" total_types="7" total_size="906" priority_3="1" priority_1="1">
      <ClassStats class="org.jdom.input.BuilderErrorHandler" sourceFile="BuilderErrorHandler.java" interface="false" size="10" bugs="0"/>
      <ClassStats class="org.jdom.input.DOMBuilder" sourceFile="DOMBuilder.java" interface="false" size="178" bugs="1" priority_1="1"/>
      <ClassStats class="org.jdom.input.DefaultJDOMFactory" sourceFile="DefaultJDOMFactory.java" interface="false" size="44" bugs="0"/>
      <ClassStats class="org.jdom.input.JDOMFactory" sourceFile="JDOMFactory.java" interface="true" size="21" bugs="0"/>
      <ClassStats class="org.jdom.input.SAXBuilder" sourceFile="SAXBuilder.java" interface="false" size="247" bugs="0"/>
      <ClassStats class="org.jdom.input.SAXHandler" sourceFile="SAXHandler.java" interface="false" size="362" bugs="1" priority_3="1"/>
      <ClassStats class="org.jdom.input.TextBuffer" sourceFile="TextBuffer.java" interface="false" size="44" bugs="0"/>
    </PackageStats>
    <PackageStats package="org.jdom.output" total_bugs="4" total_types="6" total_size="1275" priority_3="2" priority_2="2">
      <ClassStats class="org.jdom.output.DOMOutputter" sourceFile="DOMOutputter.java" interface="false" size="197" bugs="1" priority_3="1"/>
      <ClassStats class="org.jdom.output.NamespaceStack" sourceFile="NamespaceStack.java" interface="false" size="31" bugs="0"/>
      <ClassStats class="org.jdom.output.SAXOutputter" sourceFile="SAXOutputter.java" interface="false" size="370" bugs="1" priority_3="1"/>
      <ClassStats class="org.jdom.output.XMLOutputter" sourceFile="XMLOutputter.java" interface="false" size="646" bugs="0"/>
      <ClassStats class="org.jdom.output.XMLOutputter$Format" sourceFile="XMLOutputter.java" interface="false" size="26" bugs="1" priority_2="1"/>
      <ClassStats class="org.jdom.output.XMLOutputter$NamespaceStack" sourceFile="XMLOutputter.java" interface="false" size="5" bugs="1" priority_2="1"/>
    </PackageStats>
    <PackageStats package="org.jdom.transform" total_bugs="0" total_types="5" total_size="128">
      <ClassStats class="org.jdom.transform.JDOMResult" sourceFile="JDOMResult.java" interface="false" size="25" bugs="0"/>
      <ClassStats class="org.jdom.transform.JDOMResult$DocumentBuilder" sourceFile="JDOMResult.java" interface="false" size="38" bugs="0"/>
      <ClassStats class="org.jdom.transform.JDOMSource" sourceFile="JDOMSource.java" interface="false" size="28" bugs="0"/>
      <ClassStats class="org.jdom.transform.JDOMSource$DocumentReader" sourceFile="JDOMSource.java" interface="false" size="16" bugs="0"/>
      <ClassStats class="org.jdom.transform.JDOMSource$JDOMInputSource" sourceFile="JDOMSource.java" interface="false" size="21" bugs="0"/>
    </PackageStats>
    <PackageStats package="org.jdom.xpath" total_bugs="2" total_types="2" total_size="100" priority_3="1" priority_2="1">
      <ClassStats class="org.jdom.xpath.JaxenXPath" sourceFile="JaxenXPath.java" interface="false" size="63" bugs="1" priority_2="1"/>
      <ClassStats class="org.jdom.xpath.XPath" sourceFile="XPath.java" interface="false" size="37" bugs="1" priority_3="1"/>
    </PackageStats>
  </FindBugsSummary>
  <ClassFeatures></ClassFeatures>
  <History></History>
</BugCollection>
