<?xml version="1.0" encoding="UTF-8"?>

<BugCollection version="1.3.1" sequence="0" timestamp="1221622409640" analysisTimestamp="1221622423718" release="">
  <Project filename="&lt;&lt;unnamed project&gt;&gt;" projectName="">
    <Jar>C:\repository-workspace\jdom</Jar>
    <AuxClasspathEntry>C:\repository-workspace\jdom\lib\ant.jar</AuxClasspathEntry>
    <AuxClasspathEntry>C:\repository-workspace\jdom\lib\collections.jar</AuxClasspathEntry>
    <AuxClasspathEntry>C:\repository-workspace\jdom\lib\crimson.jar</AuxClasspathEntry>
    <AuxClasspathEntry>C:\repository-workspace\jdom\lib\jaxen-core.jar</AuxClasspathEntry>
    <AuxClasspathEntry>C:\repository-workspace\jdom\lib\jaxen-jdom.jar</AuxClasspathEntry>
    <AuxClasspathEntry>C:\repository-workspace\jdom\lib\jaxp.jar</AuxClasspathEntry>
    <AuxClasspathEntry>C:\repository-workspace\jdom\lib\saxpath.jar</AuxClasspathEntry>
    <AuxClasspathEntry>C:\repository-workspace\jdom\lib\xalan.jar</AuxClasspathEntry>
    <AuxClasspathEntry>C:\repository-workspace\jdom\lib\xerces.jar</AuxClasspathEntry>
  </Project>
  <BugInstance type="ISC_INSTANTIATE_STATIC_CLASS" priority="3" abbrev="ISC" category="BAD_PRACTICE" instanceHash="cb6b69e60a3c5504a84262d8311647dc" instanceOccurrenceNum="0" instanceOccurrenceMax="0">
    <ShortMessage>Needless instantiation of class that only supplies static methods</ShortMessage>
    <LongMessage>Method JDOMAbout.main(String[]) needlessly instantiates a class that only supplies static methods</LongMessage>
    <Class classname="JDOMAbout">
      <SourceLine classname="JDOMAbout" start="84" end="136" sourcefile="JDOMAbout.java" sourcepath="JDOMAbout.java">
        <Message>At JDOMAbout.java:[lines 84-136]</Message>
      </SourceLine>
      <Message>In class JDOMAbout</Message>
    </Class>
    <Method classname="JDOMAbout" name="main" signature="([Ljava/lang/String;)V" isStatic="true">
      <SourceLine classname="JDOMAbout" start="92" end="91" startBytecode="0" endBytecode="531" sourcefile="JDOMAbout.java" sourcepath="JDOMAbout.java"/>
      <Message>In method JDOMAbout.main(String[])</Message>
    </Method>
    <SourceLine classname="JDOMAbout" start="92" end="92" startBytecode="8" endBytecode="8" sourcefile="JDOMAbout.java" sourcepath="JDOMAbout.java">
      <Message>At JDOMAbout.java:[line 92]</Message>
    </SourceLine>
  </BugInstance>
  <BugInstance type="SIC_INNER_SHOULD_BE_STATIC" priority="2" abbrev="SIC" category="PERFORMANCE" instanceHash="35737e895a8b5035d435e07ffd26501f" instanceOccurrenceNum="0" instanceOccurrenceMax="0">
    <ShortMessage>Should be a static inner class</ShortMessage>
    <LongMessage>Should JDOMAbout$Author be a _static_ inner class?</LongMessage>
    <Class classname="JDOMAbout$Author">
      <SourceLine classname="JDOMAbout$Author" start="84" end="258" sourcefile="JDOMAbout.java" sourcepath="JDOMAbout.java">
        <Message>At JDOMAbout.java:[lines 84-258]</Message>
      </SourceLine>
      <Message>In class JDOMAbout$Author</Message>
    </Class>
    <SourceLine classname="JDOMAbout$Author" start="84" end="258" sourcefile="JDOMAbout.java" sourcepath="JDOMAbout.java" synthetic="true">
      <Message>At JDOMAbout.java:[lines 84-258]</Message>
    </SourceLine>
  </BugInstance>
  <BugInstance type="SIC_INNER_SHOULD_BE_STATIC_NEEDS_THIS" priority="3" abbrev="SIC" category="PERFORMANCE" instanceHash="dfd6ca0912db05bd12169ee417674bc2" instanceOccurrenceNum="0" instanceOccurrenceMax="0">
    <ShortMessage>Could be refactored into a static inner class</ShortMessage>
    <LongMessage>The class JDOMAbout$Info could be refactored into a _static_ inner class</LongMessage>
    <Class classname="JDOMAbout$Info">
      <SourceLine classname="JDOMAbout$Info" start="84" end="248" sourcefile="JDOMAbout.java" sourcepath="JDOMAbout.java">
        <Message>At JDOMAbout.java:[lines 84-248]</Message>
      </SourceLine>
      <Message>In class JDOMAbout$Info</Message>
    </Class>
    <SourceLine classname="JDOMAbout$Info" start="84" end="248" sourcefile="JDOMAbout.java" sourcepath="JDOMAbout.java" synthetic="true">
      <Message>At JDOMAbout.java:[lines 84-248]</Message>
    </SourceLine>
  </BugInstance>
  <BugInstance type="SE_NO_SERIALVERSIONID" priority="2" abbrev="SnVI" category="BAD_PRACTICE" instanceHash="aca724796ce8b31bcefa26fd6b0f015b" instanceOccurrenceNum="0" instanceOccurrenceMax="0">
    <ShortMessage>Class is Serializable, but doesn't define serialVersionUID</ShortMessage>
    <LongMessage>org.jdom.Attribute is Serializable; consider declaring a serialVersionUID</LongMessage>
    <Class classname="org.jdom.Attribute">
      <SourceLine classname="org.jdom.Attribute" start="181" end="694" sourcefile="Attribute.java" sourcepath="org/jdom/Attribute.java">
        <Message>At Attribute.java:[lines 181-694]</Message>
      </SourceLine>
      <Message>In class org.jdom.Attribute</Message>
    </Class>
    <SourceLine classname="org.jdom.Attribute" start="181" end="694" sourcefile="Attribute.java" sourcepath="org/jdom/Attribute.java" synthetic="true">
      <Message>At Attribute.java:[lines 181-694]</Message>
    </SourceLine>
  </BugInstance>
  <BugInstance type="RI_REDUNDANT_INTERFACES" priority="3" abbrev="RI" category="STYLE" instanceHash="5bf539e75b8016a74b8b7305b26e0b6" instanceOccurrenceNum="0" instanceOccurrenceMax="0">
    <ShortMessage>Class implements same interface as superclass</ShortMessage>
    <LongMessage>Class org.jdom.AttributeList implements same interface as superclass</LongMessage>
    <Class classname="org.jdom.AttributeList">
      <SourceLine classname="org.jdom.AttributeList" start="95" end="500" sourcefile="AttributeList.java" sourcepath="org/jdom/AttributeList.java">
        <Message>At AttributeList.java:[lines 95-500]</Message>
      </SourceLine>
      <Message>In class org.jdom.AttributeList</Message>
    </Class>
    <Class classname="java.util.List" role="INTERFACE_TYPE">
      <SourceLine classname="java.util.List" sourcefile="List.java" sourcepath="java/util/List.java">
        <Message>In List.java</Message>
      </SourceLine>
      <Message>Interface java.util.List</Message>
    </Class>
    <SourceLine classname="org.jdom.AttributeList" start="95" end="500" sourcefile="AttributeList.java" sourcepath="org/jdom/AttributeList.java" synthetic="true">
      <Message>At AttributeList.java:[lines 95-500]</Message>
    </SourceLine>
  </BugInstance>
  <BugInstance type="SE_NO_SERIALVERSIONID" priority="3" abbrev="SnVI" category="BAD_PRACTICE" instanceHash="2c54c5809cb0f42e071191a192efd983" instanceOccurrenceNum="0" instanceOccurrenceMax="0">
    <ShortMessage>Class is Serializable, but doesn't define serialVersionUID</ShortMessage>
    <LongMessage>org.jdom.AttributeList is Serializable; consider declaring a serialVersionUID</LongMessage>
    <Class classname="org.jdom.AttributeList">
      <SourceLine classname="org.jdom.AttributeList" start="95" end="500" sourcefile="AttributeList.java" sourcepath="org/jdom/AttributeList.java">
        <Message>At AttributeList.java:[lines 95-500]</Message>
      </SourceLine>
      <Message>In class org.jdom.AttributeList</Message>
    </Class>
    <SourceLine classname="org.jdom.AttributeList" start="95" end="500" sourcefile="AttributeList.java" sourcepath="org/jdom/AttributeList.java" synthetic="true">
      <Message>At AttributeList.java:[lines 95-500]</Message>
    </SourceLine>
  </BugInstance>
  <BugInstance type="UWF_FIELD_NOT_INITIALIZED_IN_CONSTRUCTOR" priority="3" abbrev="UwF" category="STYLE" instanceHash="88dcd13f2a683a06fb3f22b561f4bab2" instanceOccurrenceNum="0" instanceOccurrenceMax="0">
    <ShortMessage>Field not initialized in constructor</ShortMessage>
    <LongMessage>AttributeList.elementData not initialized in constructor</LongMessage>
    <Class classname="org.jdom.AttributeList">
      <SourceLine classname="org.jdom.AttributeList" start="95" end="500" sourcefile="AttributeList.java" sourcepath="org/jdom/AttributeList.java">
        <Message>At AttributeList.java:[lines 95-500]</Message>
      </SourceLine>
      <Message>In class org.jdom.AttributeList</Message>
    </Class>
    <Field classname="org.jdom.AttributeList" name="elementData" signature="[Lorg/jdom/Attribute;" isStatic="false">
      <SourceLine classname="org.jdom.AttributeList" sourcefile="AttributeList.java" sourcepath="org/jdom/AttributeList.java">
        <Message>In AttributeList.java</Message>
      </SourceLine>
      <Message>Field org.jdom.AttributeList.elementData</Message>
    </Field>
    <SourceLine classname="org.jdom.AttributeList" sourcefile="AttributeList.java" sourcepath="org/jdom/AttributeList.java" synthetic="true">
      <Message>In AttributeList.java</Message>
    </SourceLine>
  </BugInstance>
  <BugInstance type="ES_COMPARING_STRINGS_WITH_EQ" priority="3" abbrev="ES" category="BAD_PRACTICE" instanceHash="eabbd64c86f4c65137b250fd1488897d" instanceOccurrenceNum="0" instanceOccurrenceMax="0">
    <ShortMessage>Comparison of String objects using == or !=</ShortMessage>
    <LongMessage>Comparison of String objects using == or != in org.jdom.CDATA.append(String) </LongMessage>
    <Class classname="org.jdom.CDATA">
      <SourceLine classname="org.jdom.CDATA" start="85" end="173" sourcefile="CDATA.java" sourcepath="org/jdom/CDATA.java">
        <Message>At CDATA.java:[lines 85-173]</Message>
      </SourceLine>
      <Message>In class org.jdom.CDATA</Message>
    </Class>
    <Method classname="org.jdom.CDATA" name="append" signature="(Ljava/lang/String;)V" isStatic="false">
      <SourceLine classname="org.jdom.CDATA" start="146" end="139" startBytecode="0" endBytecode="34" sourcefile="CDATA.java" sourcepath="org/jdom/CDATA.java"/>
      <Message>In method org.jdom.CDATA.append(String)</Message>
    </Method>
    <Type descriptor="Ljava/lang/String;" role="TYPE_FOUND">
      <Message>Actual type java.lang.String</Message>
    </Type>
    <SourceLine classname="org.jdom.CDATA" start="153" end="153" startBytecode="32" endBytecode="32" sourcefile="CDATA.java" sourcepath="org/jdom/CDATA.java">
      <Message>At CDATA.java:[line 153]</Message>
    </SourceLine>
  </BugInstance>
  <BugInstance type="SE_NO_SERIALVERSIONID" priority="3" abbrev="SnVI" category="BAD_PRACTICE" instanceHash="f99e70c1c009f1ab612f662adee080cd" instanceOccurrenceNum="0" instanceOccurrenceMax="0">
    <ShortMessage>Class is Serializable, but doesn't define serialVersionUID</ShortMessage>
    <LongMessage>org.jdom.CDATA is Serializable; consider declaring a serialVersionUID</LongMessage>
    <Class classname="org.jdom.CDATA">
      <SourceLine classname="org.jdom.CDATA" start="85" end="173" sourcefile="CDATA.java" sourcepath="org/jdom/CDATA.java">
        <Message>At CDATA.java:[lines 85-173]</Message>
      </SourceLine>
      <Message>In class org.jdom.CDATA</Message>
    </Class>
    <SourceLine classname="org.jdom.CDATA" start="85" end="173" sourcefile="CDATA.java" sourcepath="org/jdom/CDATA.java" synthetic="true">
      <Message>At CDATA.java:[lines 85-173]</Message>
    </SourceLine>
  </BugInstance>
  <BugInstance type="SE_NO_SERIALVERSIONID" priority="3" abbrev="SnVI" category="BAD_PRACTICE" instanceHash="f0f57d3667e308f6958e2d010b6ac31d" instanceOccurrenceNum="0" instanceOccurrenceMax="0">
    <ShortMessage>Class is Serializable, but doesn't define serialVersionUID</ShortMessage>
    <LongMessage>org.jdom.Comment is Serializable; consider declaring a serialVersionUID</LongMessage>
    <Class classname="org.jdom.Comment">
      <SourceLine classname="org.jdom.Comment" start="84" end="250" sourcefile="Comment.java" sourcepath="org/jdom/Comment.java">
        <Message>At Comment.java:[lines 84-250]</Message>
      </SourceLine>
      <Message>In class org.jdom.Comment</Message>
    </Class>
    <SourceLine classname="org.jdom.Comment" start="84" end="250" sourcefile="Comment.java" sourcepath="org/jdom/Comment.java" synthetic="true">
      <Message>At Comment.java:[lines 84-250]</Message>
    </SourceLine>
  </BugInstance>
  <BugInstance type="SE_NO_SERIALVERSIONID" priority="2" abbrev="SnVI" category="BAD_PRACTICE" instanceHash="143a43c0f502ad6e1fcb26902f578f21" instanceOccurrenceNum="0" instanceOccurrenceMax="0">
    <ShortMessage>Class is Serializable, but doesn't define serialVersionUID</ShortMessage>
    <LongMessage>org.jdom.ContentList is Serializable; consider declaring a serialVersionUID</LongMessage>
    <Class classname="org.jdom.ContentList">
      <SourceLine classname="org.jdom.ContentList" start="103" end="709" sourcefile="ContentList.java" sourcepath="org/jdom/ContentList.java">
        <Message>At ContentList.java:[lines 103-709]</Message>
      </SourceLine>
      <Message>In class org.jdom.ContentList</Message>
    </Class>
    <SourceLine classname="org.jdom.ContentList" start="103" end="709" sourcefile="ContentList.java" sourcepath="org/jdom/ContentList.java" synthetic="true">
      <Message>At ContentList.java:[lines 103-709]</Message>
    </SourceLine>
  </BugInstance>
  <BugInstance type="UWF_FIELD_NOT_INITIALIZED_IN_CONSTRUCTOR" priority="3" abbrev="UwF" category="STYLE" instanceHash="5dd0d973c6b3271b431c8657ef49cca6" instanceOccurrenceNum="0" instanceOccurrenceMax="0">
    <ShortMessage>Field not initialized in constructor</ShortMessage>
    <LongMessage>ContentList.elementData not initialized in constructor</LongMessage>
    <Class classname="org.jdom.ContentList">
      <SourceLine classname="org.jdom.ContentList" start="103" end="709" sourcefile="ContentList.java" sourcepath="org/jdom/ContentList.java">
        <Message>At ContentList.java:[lines 103-709]</Message>
      </SourceLine>
      <Message>In class org.jdom.ContentList</Message>
    </Class>
    <Field classname="org.jdom.ContentList" name="elementData" signature="[Ljava/lang/Object;" isStatic="false">
      <SourceLine classname="org.jdom.ContentList" sourcefile="ContentList.java" sourcepath="org/jdom/ContentList.java">
        <Message>In ContentList.java</Message>
      </SourceLine>
      <Message>Field org.jdom.ContentList.elementData</Message>
    </Field>
    <SourceLine classname="org.jdom.ContentList" sourcefile="ContentList.java" sourcepath="org/jdom/ContentList.java" synthetic="true">
      <Message>In ContentList.java</Message>
    </SourceLine>
  </BugInstance>
  <BugInstance type="NM_CONFUSING" priority="3" abbrev="Nm" category="BAD_PRACTICE" instanceHash="13c05247ef10d7264b231ba9f8e013fb" instanceOccurrenceNum="0" instanceOccurrenceMax="0">
    <ShortMessage>Confusing method names</ShortMessage>
    <LongMessage>Confusing to have methods org.jdom.DocType.getSystemID() and org.jdom.input.JDOMParseException.getSystemId()</LongMessage>
    <Class classname="org.jdom.DocType">
      <SourceLine classname="org.jdom.DocType" start="91" end="351" sourcefile="DocType.java" sourcepath="org/jdom/DocType.java">
        <Message>At DocType.java:[lines 91-351]</Message>
      </SourceLine>
      <Message>In class org.jdom.DocType</Message>
    </Class>
    <Method classname="org.jdom.DocType" name="getSystemID" signature="()Ljava/lang/String;" isStatic="false">
      <SourceLine classname="org.jdom.DocType" start="218" end="218" startBytecode="0" endBytecode="46" sourcefile="DocType.java" sourcepath="org/jdom/DocType.java"/>
      <Message>In method org.jdom.DocType.getSystemID()</Message>
    </Method>
    <Class classname="org.jdom.input.JDOMParseException">
      <SourceLine classname="org.jdom.input.JDOMParseException" start="91" end="173" sourcefile="JDOMParseException.java" sourcepath="org/jdom/input/JDOMParseException.java">
        <Message>At JDOMParseException.java:[lines 91-173]</Message>
      </SourceLine>
      <Message>In class org.jdom.input.JDOMParseException</Message>
    </Class>
    <Method classname="org.jdom.input.JDOMParseException" name="getSystemId" signature="()Ljava/lang/String;" isStatic="false">
      <SourceLine classname="org.jdom.input.JDOMParseException" start="144" end="144" startBytecode="0" endBytecode="82" sourcefile="JDOMParseException.java" sourcepath="org/jdom/input/JDOMParseException.java"/>
      <Message>In method org.jdom.input.JDOMParseException.getSystemId()</Message>
    </Method>
    <SourceLine classname="org.jdom.DocType" start="218" end="218" startBytecode="0" endBytecode="46" sourcefile="DocType.java" sourcepath="org/jdom/DocType.java" synthetic="true">
      <Message>At DocType.java:[line 218]</Message>
    </SourceLine>
  </BugInstance>
  <BugInstance type="NP_NULL_ON_SOME_PATH" priority="2" abbrev="NP" category="CORRECTNESS" instanceHash="df9c6b47f158daf32c2c3fa97d7c5493" instanceOccurrenceNum="0" instanceOccurrenceMax="0">
    <ShortMessage>Possible null pointer dereference</ShortMessage>
    <LongMessage>Possible null pointer dereference of s1 in org.jdom.DocType.stringEquals(String, String)</LongMessage>
    <Class classname="org.jdom.DocType">
      <SourceLine classname="org.jdom.DocType" start="91" end="351" sourcefile="DocType.java" sourcepath="org/jdom/DocType.java">
        <Message>At DocType.java:[lines 91-351]</Message>
      </SourceLine>
      <Message>In class org.jdom.DocType</Message>
    </Class>
    <Method classname="org.jdom.DocType" name="stringEquals" signature="(Ljava/lang/String;Ljava/lang/String;)Z" isStatic="false">
      <SourceLine classname="org.jdom.DocType" start="312" end="320" startBytecode="0" endBytecode="103" sourcefile="DocType.java" sourcepath="org/jdom/DocType.java"/>
      <Message>In method org.jdom.DocType.stringEquals(String, String)</Message>
    </Method>
    <LocalVariable name="s1" register="1" pc="21" role="LOCAL_VARIABLE_NAMED">
      <Message>Local variable named s1</Message>
    </LocalVariable>
    <SourceLine classname="org.jdom.DocType" start="320" end="320" startBytecode="22" endBytecode="22" sourcefile="DocType.java" sourcepath="org/jdom/DocType.java" role="SOURCE_LINE_DEREF">
      <Message>Dereferenced at DocType.java:[line 320]</Message>
    </SourceLine>
    <SourceLine classname="org.jdom.DocType" start="315" end="315" startBytecode="15" endBytecode="15" sourcefile="DocType.java" sourcepath="org/jdom/DocType.java" role="SOURCE_LINE_KNOWN_NULL">
      <Message>Known null at DocType.java:[line 315]</Message>
    </SourceLine>
    <Property name="edu.umd.cs.findbugs.props.GeneralWarningProperty.IN_UNCALLABLE_METHOD" value="true"/>
  </BugInstance>
  <BugInstance type="SE_NO_SERIALVERSIONID" priority="3" abbrev="SnVI" category="BAD_PRACTICE" instanceHash="abca8dea2aa8e10a30612bc38e5a182a" instanceOccurrenceNum="0" instanceOccurrenceMax="0">
    <ShortMessage>Class is Serializable, but doesn't define serialVersionUID</ShortMessage>
    <LongMessage>org.jdom.DocType is Serializable; consider declaring a serialVersionUID</LongMessage>
    <Class classname="org.jdom.DocType">
      <SourceLine classname="org.jdom.DocType" start="91" end="351" sourcefile="DocType.java" sourcepath="org/jdom/DocType.java">
        <Message>At DocType.java:[lines 91-351]</Message>
      </SourceLine>
      <Message>In class org.jdom.DocType</Message>
    </Class>
    <SourceLine classname="org.jdom.DocType" start="91" end="351" sourcefile="DocType.java" sourcepath="org/jdom/DocType.java" synthetic="true">
      <Message>At DocType.java:[lines 91-351]</Message>
    </SourceLine>
  </BugInstance>
  <BugInstance type="UPM_UNCALLED_PRIVATE_METHOD" priority="3" abbrev="UPM" category="PERFORMANCE" instanceHash="45c825dc170893dc02a5a015bd2a712b" instanceOccurrenceNum="0" instanceOccurrenceMax="0">
    <ShortMessage>Private method is never called</ShortMessage>
    <LongMessage>Private method org.jdom.DocType.stringEquals(String, String) is never called</LongMessage>
    <Class classname="org.jdom.DocType">
      <SourceLine classname="org.jdom.DocType" start="91" end="351" sourcefile="DocType.java" sourcepath="org/jdom/DocType.java">
        <Message>At DocType.java:[lines 91-351]</Message>
      </SourceLine>
      <Message>In class org.jdom.DocType</Message>
    </Class>
    <Method classname="org.jdom.DocType" name="stringEquals" signature="(Ljava/lang/String;Ljava/lang/String;)Z" isStatic="false">
      <SourceLine classname="org.jdom.DocType" start="312" end="320" startBytecode="0" endBytecode="103" sourcefile="DocType.java" sourcepath="org/jdom/DocType.java"/>
      <Message>In method org.jdom.DocType.stringEquals(String, String)</Message>
    </Method>
    <SourceLine classname="org.jdom.DocType" start="312" end="320" startBytecode="0" endBytecode="103" sourcefile="DocType.java" sourcepath="org/jdom/DocType.java" synthetic="true">
      <Message>At DocType.java:[lines 312-320]</Message>
    </SourceLine>
  </BugInstance>
  <BugInstance type="SE_NO_SERIALVERSIONID" priority="3" abbrev="SnVI" category="BAD_PRACTICE" instanceHash="91956ff6b2d77906ee3f6bef2897b8c" instanceOccurrenceNum="0" instanceOccurrenceMax="0">
    <ShortMessage>Class is Serializable, but doesn't define serialVersionUID</ShortMessage>
    <LongMessage>org.jdom.Document is Serializable; consider declaring a serialVersionUID</LongMessage>
    <Class classname="org.jdom.Document">
      <SourceLine classname="org.jdom.Document" start="86" end="490" sourcefile="Document.java" sourcepath="org/jdom/Document.java">
        <Message>At Document.java:[lines 86-490]</Message>
      </SourceLine>
      <Message>In class org.jdom.Document</Message>
    </Class>
    <SourceLine classname="org.jdom.Document" start="86" end="490" sourcefile="Document.java" sourcepath="org/jdom/Document.java" synthetic="true">
      <Message>At Document.java:[lines 86-490]</Message>
    </SourceLine>
  </BugInstance>
  <BugInstance type="SE_NO_SERIALVERSIONID" priority="2" abbrev="SnVI" category="BAD_PRACTICE" instanceHash="f50a8d94b5633528295e0de48abbf7a4" instanceOccurrenceNum="0" instanceOccurrenceMax="0">
    <ShortMessage>Class is Serializable, but doesn't define serialVersionUID</ShortMessage>
    <LongMessage>org.jdom.Element is Serializable; consider declaring a serialVersionUID</LongMessage>
    <Class classname="org.jdom.Element">
      <SourceLine classname="org.jdom.Element" start="108" end="1649" sourcefile="Element.java" sourcepath="org/jdom/Element.java">
        <Message>At Element.java:[lines 108-1649]</Message>
      </SourceLine>
      <Message>In class org.jdom.Element</Message>
    </Class>
    <SourceLine classname="org.jdom.Element" start="108" end="1649" sourcefile="Element.java" sourcepath="org/jdom/Element.java" synthetic="true">
      <Message>At Element.java:[lines 108-1649]</Message>
    </SourceLine>
  </BugInstance>
  <BugInstance type="NM_CONFUSING" priority="3" abbrev="Nm" category="BAD_PRACTICE" instanceHash="9c026f802b1959a9c7c6b2ef8a5fa5ea" instanceOccurrenceNum="0" instanceOccurrenceMax="0">
    <ShortMessage>Confusing method names</ShortMessage>
    <LongMessage>Confusing to have methods org.jdom.EntityRef.getPublicID() and org.jdom.input.JDOMParseException.getPublicId()</LongMessage>
    <Class classname="org.jdom.EntityRef">
      <SourceLine classname="org.jdom.EntityRef" start="89" end="324" sourcefile="EntityRef.java" sourcepath="org/jdom/EntityRef.java">
        <Message>At EntityRef.java:[lines 89-324]</Message>
      </SourceLine>
      <Message>In class org.jdom.EntityRef</Message>
    </Class>
    <Method classname="org.jdom.EntityRef" name="getPublicID" signature="()Ljava/lang/String;" isStatic="false">
      <SourceLine classname="org.jdom.EntityRef" start="224" end="224" startBytecode="0" endBytecode="46" sourcefile="EntityRef.java" sourcepath="org/jdom/EntityRef.java"/>
      <Message>In method org.jdom.EntityRef.getPublicID()</Message>
    </Method>
    <Class classname="org.jdom.input.JDOMParseException">
      <SourceLine classname="org.jdom.input.JDOMParseException" start="91" end="173" sourcefile="JDOMParseException.java" sourcepath="org/jdom/input/JDOMParseException.java">
        <Message>At JDOMParseException.java:[lines 91-173]</Message>
      </SourceLine>
      <Message>In class org.jdom.input.JDOMParseException</Message>
    </Class>
    <Method classname="org.jdom.input.JDOMParseException" name="getPublicId" signature="()Ljava/lang/String;" isStatic="false">
      <SourceLine classname="org.jdom.input.JDOMParseException" start="132" end="132" startBytecode="0" endBytecode="82" sourcefile="JDOMParseException.java" sourcepath="org/jdom/input/JDOMParseException.java"/>
      <Message>In method org.jdom.input.JDOMParseException.getPublicId()</Message>
    </Method>
    <SourceLine classname="org.jdom.EntityRef" start="224" end="224" startBytecode="0" endBytecode="46" sourcefile="EntityRef.java" sourcepath="org/jdom/EntityRef.java" synthetic="true">
      <Message>At EntityRef.java:[line 224]</Message>
    </SourceLine>
  </BugInstance>
  <BugInstance type="SE_NO_SERIALVERSIONID" priority="3" abbrev="SnVI" category="BAD_PRACTICE" instanceHash="516c54b825aa67a97e8f54e2411dfe4e" instanceOccurrenceNum="0" instanceOccurrenceMax="0">
    <ShortMessage>Class is Serializable, but doesn't define serialVersionUID</ShortMessage>
    <LongMessage>org.jdom.EntityRef is Serializable; consider declaring a serialVersionUID</LongMessage>
    <Class classname="org.jdom.EntityRef">
      <SourceLine classname="org.jdom.EntityRef" start="89" end="324" sourcefile="EntityRef.java" sourcepath="org/jdom/EntityRef.java">
        <Message>At EntityRef.java:[lines 89-324]</Message>
      </SourceLine>
      <Message>In class org.jdom.EntityRef</Message>
    </Class>
    <SourceLine classname="org.jdom.EntityRef" start="89" end="324" sourcefile="EntityRef.java" sourcepath="org/jdom/EntityRef.java" synthetic="true">
      <Message>At EntityRef.java:[lines 89-324]</Message>
    </SourceLine>
  </BugInstance>
  <BugInstance type="RCN_REDUNDANT_NULLCHECK_OF_NONNULL_VALUE" priority="3" abbrev="RCN" category="STYLE" instanceHash="37bea9346361137f69cf1b7a737e238d" instanceOccurrenceNum="0" instanceOccurrenceMax="0">
    <ShortMessage>Redundant nullcheck of value known to be non-null</ShortMessage>
    <LongMessage>Redundant nullcheck of child, which is known to be non-null in org.jdom.JDOMException.printStackTrace()</LongMessage>
    <Class classname="org.jdom.JDOMException">
      <SourceLine classname="org.jdom.JDOMException" start="94" end="345" sourcefile="JDOMException.java" sourcepath="org/jdom/JDOMException.java">
        <Message>At JDOMException.java:[lines 94-345]</Message>
      </SourceLine>
      <Message>In class org.jdom.JDOMException</Message>
    </Class>
    <Method classname="org.jdom.JDOMException" name="printStackTrace" signature="()V" isStatic="false">
      <SourceLine classname="org.jdom.JDOMException" start="195" end="193" startBytecode="0" endBytecode="151" sourcefile="JDOMException.java" sourcepath="org/jdom/JDOMException.java"/>
      <Message>In method org.jdom.JDOMException.printStackTrace()</Message>
    </Method>
    <LocalVariable name="child" register="2" pc="9" role="LOCAL_VARIABLE_NAMED">
      <Message>Local variable named child</Message>
    </LocalVariable>
    <SourceLine classname="org.jdom.JDOMException" start="202" end="202" startBytecode="10" endBytecode="10" sourcefile="JDOMException.java" sourcepath="org/jdom/JDOMException.java" role="SOURCE_REDUNDANT_NULL_CHECK">
      <Message>Redundant null check at JDOMException.java:[line 202]</Message>
    </SourceLine>
  </BugInstance>
  <BugInstance type="RCN_REDUNDANT_NULLCHECK_OF_NONNULL_VALUE" priority="3" abbrev="RCN" category="STYLE" instanceHash="3897eeaa06fde7dc43af3564f1866609" instanceOccurrenceNum="0" instanceOccurrenceMax="0">
    <ShortMessage>Redundant nullcheck of value known to be non-null</ShortMessage>
    <LongMessage>Redundant nullcheck of child, which is known to be non-null in org.jdom.JDOMException.printStackTrace(PrintStream)</LongMessage>
    <Class classname="org.jdom.JDOMException">
      <SourceLine classname="org.jdom.JDOMException" start="94" end="345" sourcefile="JDOMException.java" sourcepath="org/jdom/JDOMException.java">
        <Message>At JDOMException.java:[lines 94-345]</Message>
      </SourceLine>
      <Message>In class org.jdom.JDOMException</Message>
    </Class>
    <Method classname="org.jdom.JDOMException" name="printStackTrace" signature="(Ljava/io/PrintStream;)V" isStatic="false">
      <SourceLine classname="org.jdom.JDOMException" start="222" end="220" startBytecode="0" endBytecode="161" sourcefile="JDOMException.java" sourcepath="org/jdom/JDOMException.java"/>
      <Message>In method org.jdom.JDOMException.printStackTrace(PrintStream)</Message>
    </Method>
    <LocalVariable name="child" register="3" pc="10" role="LOCAL_VARIABLE_NAMED">
      <Message>Local variable named child</Message>
    </LocalVariable>
    <SourceLine classname="org.jdom.JDOMException" start="229" end="229" startBytecode="11" endBytecode="11" sourcefile="JDOMException.java" sourcepath="org/jdom/JDOMException.java" role="SOURCE_REDUNDANT_NULL_CHECK">
      <Message>Redundant null check at JDOMException.java:[line 229]</Message>
    </SourceLine>
  </BugInstance>
  <BugInstance type="RCN_REDUNDANT_NULLCHECK_OF_NONNULL_VALUE" priority="3" abbrev="RCN" category="STYLE" instanceHash="ac883ff91e96e32a379199f7963921bf" instanceOccurrenceNum="0" instanceOccurrenceMax="0">
    <ShortMessage>Redundant nullcheck of value known to be non-null</ShortMessage>
    <LongMessage>Redundant nullcheck of child, which is known to be non-null in org.jdom.JDOMException.printStackTrace(PrintWriter)</LongMessage>
    <Class classname="org.jdom.JDOMException">
      <SourceLine classname="org.jdom.JDOMException" start="94" end="345" sourcefile="JDOMException.java" sourcepath="org/jdom/JDOMException.java">
        <Message>At JDOMException.java:[lines 94-345]</Message>
      </SourceLine>
      <Message>In class org.jdom.JDOMException</Message>
    </Class>
    <Method classname="org.jdom.JDOMException" name="printStackTrace" signature="(Ljava/io/PrintWriter;)V" isStatic="false">
      <SourceLine classname="org.jdom.JDOMException" start="249" end="247" startBytecode="0" endBytecode="161" sourcefile="JDOMException.java" sourcepath="org/jdom/JDOMException.java"/>
      <Message>In method org.jdom.JDOMException.printStackTrace(PrintWriter)</Message>
    </Method>
    <LocalVariable name="child" register="3" pc="10" role="LOCAL_VARIABLE_NAMED">
      <Message>Local variable named child</Message>
    </LocalVariable>
    <SourceLine classname="org.jdom.JDOMException" start="256" end="256" startBytecode="11" endBytecode="11" sourcefile="JDOMException.java" sourcepath="org/jdom/JDOMException.java" role="SOURCE_REDUNDANT_NULL_CHECK">
      <Message>Redundant null check at JDOMException.java:[line 256]</Message>
    </SourceLine>
  </BugInstance>
  <BugInstance type="REC_CATCH_EXCEPTION" priority="3" abbrev="REC" category="STYLE" instanceHash="d260c28813b477d060a5d69503488e0b" instanceOccurrenceNum="0" instanceOccurrenceMax="0">
    <ShortMessage>Exception is caught when Exception is not thrown</ShortMessage>
    <LongMessage>Exception is caught when Exception is not thrown in org.jdom.JDOMException.getNestedException(Throwable, String, String)</LongMessage>
    <Class classname="org.jdom.JDOMException">
      <SourceLine classname="org.jdom.JDOMException" start="94" end="345" sourcefile="JDOMException.java" sourcepath="org/jdom/JDOMException.java">
        <Message>At JDOMException.java:[lines 94-345]</Message>
      </SourceLine>
      <Message>In class org.jdom.JDOMException</Message>
    </Class>
    <Method classname="org.jdom.JDOMException" name="getNestedException" signature="(Ljava/lang/Throwable;Ljava/lang/String;Ljava/lang/String;)Ljava/lang/Throwable;" isStatic="true">
      <SourceLine classname="org.jdom.JDOMException" start="326" end="345" startBytecode="0" endBytecode="211" sourcefile="JDOMException.java" sourcepath="org/jdom/JDOMException.java"/>
      <Message>In method org.jdom.JDOMException.getNestedException(Throwable, String, String)</Message>
    </Method>
    <SourceLine classname="org.jdom.JDOMException" start="338" end="338" startBytecode="53" endBytecode="53" sourcefile="JDOMException.java" sourcepath="org/jdom/JDOMException.java">
      <Message>At JDOMException.java:[line 338]</Message>
    </SourceLine>
  </BugInstance>
  <BugInstance type="DLS_DEAD_LOCAL_STORE" priority="3" abbrev="DLS" category="STYLE" instanceHash="55142975c99efc5f125e76e739869625" instanceOccurrenceNum="0" instanceOccurrenceMax="0">
    <ShortMessage>Dead store to local variable</ShortMessage>
    <LongMessage>Dead store to inQuotes in org.jdom.ProcessingInstruction.extractQuotedString(String)</LongMessage>
    <Class classname="org.jdom.ProcessingInstruction">
      <SourceLine classname="org.jdom.ProcessingInstruction" start="97" end="550" sourcefile="ProcessingInstruction.java" sourcepath="org/jdom/ProcessingInstruction.java">
        <Message>At ProcessingInstruction.java:[lines 97-550]</Message>
      </SourceLine>
      <Message>In class org.jdom.ProcessingInstruction</Message>
    </Class>
    <Method classname="org.jdom.ProcessingInstruction" name="extractQuotedString" signature="(Ljava/lang/String;)[I" isStatic="false">
      <SourceLine classname="org.jdom.ProcessingInstruction" start="450" end="480" startBytecode="0" endBytecode="52" sourcefile="ProcessingInstruction.java" sourcepath="org/jdom/ProcessingInstruction.java"/>
      <Message>In method org.jdom.ProcessingInstruction.extractQuotedString(String)</Message>
    </Method>
    <LocalVariable name="inQuotes" register="2" pc="62" role="LOCAL_VARIABLE_NAMED">
      <Message>Local variable named inQuotes</Message>
    </LocalVariable>
    <SourceLine classname="org.jdom.ProcessingInstruction" start="472" end="472" startBytecode="61" endBytecode="61" sourcefile="ProcessingInstruction.java" sourcepath="org/jdom/ProcessingInstruction.java">
      <Message>At ProcessingInstruction.java:[line 472]</Message>
    </SourceLine>
  </BugInstance>
  <BugInstance type="PZLA_PREFER_ZERO_LENGTH_ARRAYS" priority="3" abbrev="PZLA" category="STYLE" instanceHash="424e79a12da8af5d69cda06674091747" instanceOccurrenceNum="0" instanceOccurrenceMax="0">
    <ShortMessage>Consider returning a zero length array rather than null</ShortMessage>
    <LongMessage>Should org.jdom.ProcessingInstruction.extractQuotedString(String) return a zero length array rather than null?</LongMessage>
    <Class classname="org.jdom.ProcessingInstruction">
      <SourceLine classname="org.jdom.ProcessingInstruction" start="97" end="550" sourcefile="ProcessingInstruction.java" sourcepath="org/jdom/ProcessingInstruction.java">
        <Message>At ProcessingInstruction.java:[lines 97-550]</Message>
      </SourceLine>
      <Message>In class org.jdom.ProcessingInstruction</Message>
    </Class>
    <Method classname="org.jdom.ProcessingInstruction" name="extractQuotedString" signature="(Ljava/lang/String;)[I" isStatic="false">
      <SourceLine classname="org.jdom.ProcessingInstruction" start="450" end="480" startBytecode="0" endBytecode="251" sourcefile="ProcessingInstruction.java" sourcepath="org/jdom/ProcessingInstruction.java"/>
      <Message>In method org.jdom.ProcessingInstruction.extractQuotedString(String)</Message>
    </Method>
    <SourceLine classname="org.jdom.ProcessingInstruction" start="480" end="480" startBytecode="89" endBytecode="89" sourcefile="ProcessingInstruction.java" sourcepath="org/jdom/ProcessingInstruction.java">
      <Message>At ProcessingInstruction.java:[line 480]</Message>
    </SourceLine>
  </BugInstance>
  <BugInstance type="SE_NO_SERIALVERSIONID" priority="3" abbrev="SnVI" category="BAD_PRACTICE" instanceHash="5d22320d1c2d5a09929a422d301793e9" instanceOccurrenceNum="0" instanceOccurrenceMax="0">
    <ShortMessage>Class is Serializable, but doesn't define serialVersionUID</ShortMessage>
    <LongMessage>org.jdom.ProcessingInstruction is Serializable; consider declaring a serialVersionUID</LongMessage>
    <Class classname="org.jdom.ProcessingInstruction">
      <SourceLine classname="org.jdom.ProcessingInstruction" start="97" end="550" sourcefile="ProcessingInstruction.java" sourcepath="org/jdom/ProcessingInstruction.java">
        <Message>At ProcessingInstruction.java:[lines 97-550]</Message>
      </SourceLine>
      <Message>In class org.jdom.ProcessingInstruction</Message>
    </Class>
    <SourceLine classname="org.jdom.ProcessingInstruction" start="97" end="550" sourcefile="ProcessingInstruction.java" sourcepath="org/jdom/ProcessingInstruction.java" synthetic="true">
      <Message>At ProcessingInstruction.java:[lines 97-550]</Message>
    </SourceLine>
  </BugInstance>
  <BugInstance type="WMI_WRONG_MAP_ITERATOR" priority="2" abbrev="WMI" category="PERFORMANCE" instanceHash="e3b6ff376936165b61aaa8e075676e88" instanceOccurrenceNum="0" instanceOccurrenceMax="0">
    <ShortMessage>Inefficient use of keySet iterator instead of entrySet iterator</ShortMessage>
    <LongMessage>Method org.jdom.ProcessingInstruction.toString(Map) makes inefficient use of keySet iterator instead of entrySet iterator</LongMessage>
    <Class classname="org.jdom.ProcessingInstruction">
      <SourceLine classname="org.jdom.ProcessingInstruction" start="97" end="550" sourcefile="ProcessingInstruction.java" sourcepath="org/jdom/ProcessingInstruction.java">
        <Message>At ProcessingInstruction.java:[lines 97-550]</Message>
      </SourceLine>
      <Message>In class org.jdom.ProcessingInstruction</Message>
    </Class>
    <Method classname="org.jdom.ProcessingInstruction" name="toString" signature="(Ljava/util/Map;)Ljava/lang/String;" isStatic="false">
      <SourceLine classname="org.jdom.ProcessingInstruction" start="332" end="348" startBytecode="0" endBytecode="239" sourcefile="ProcessingInstruction.java" sourcepath="org/jdom/ProcessingInstruction.java"/>
      <Message>In method org.jdom.ProcessingInstruction.toString(Map)</Message>
    </Method>
    <SourceLine classname="org.jdom.ProcessingInstruction" start="337" end="337" startBytecode="37" endBytecode="37" sourcefile="ProcessingInstruction.java" sourcepath="org/jdom/ProcessingInstruction.java">
      <Message>At ProcessingInstruction.java:[line 337]</Message>
    </SourceLine>
  </BugInstance>
  <BugInstance type="ES_COMPARING_PARAMETER_STRING_WITH_EQ" priority="1" abbrev="ES" category="BAD_PRACTICE" instanceHash="386c0a59cd838c4b306f19a933be4632" instanceOccurrenceNum="0" instanceOccurrenceMax="0">
    <ShortMessage>Comparison of String parameter using == or !=</ShortMessage>
    <LongMessage>Comparison of String parameter using == or != in org.jdom.Text.append(String) </LongMessage>
    <Class classname="org.jdom.Text">
      <SourceLine classname="org.jdom.Text" start="94" end="348" sourcefile="Text.java" sourcepath="org/jdom/Text.java">
        <Message>At Text.java:[lines 94-348]</Message>
      </SourceLine>
      <Message>In class org.jdom.Text</Message>
    </Class>
    <Method classname="org.jdom.Text" name="append" signature="(Ljava/lang/String;)V" isStatic="false">
      <SourceLine classname="org.jdom.Text" start="212" end="209" startBytecode="0" endBytecode="33" sourcefile="Text.java" sourcepath="org/jdom/Text.java"/>
      <Message>In method org.jdom.Text.append(String)</Message>
    </Method>
    <Type descriptor="Ljava/lang/String;" role="TYPE_FOUND">
      <Message>Actual type java.lang.String</Message>
    </Type>
    <SourceLine classname="org.jdom.Text" start="219" end="219" startBytecode="29" endBytecode="29" sourcefile="Text.java" sourcepath="org/jdom/Text.java">
      <Message>At Text.java:[line 219]</Message>
    </SourceLine>
  </BugInstance>
  <BugInstance type="SE_NO_SERIALVERSIONID" priority="3" abbrev="SnVI" category="BAD_PRACTICE" instanceHash="2965bc605e6b53d82a3362f754175f86" instanceOccurrenceNum="0" instanceOccurrenceMax="0">
    <ShortMessage>Class is Serializable, but doesn't define serialVersionUID</ShortMessage>
    <LongMessage>org.jdom.Text is Serializable; consider declaring a serialVersionUID</LongMessage>
    <Class classname="org.jdom.Text">
      <SourceLine classname="org.jdom.Text" start="94" end="348" sourcefile="Text.java" sourcepath="org/jdom/Text.java">
        <Message>At Text.java:[lines 94-348]</Message>
      </SourceLine>
      <Message>In class org.jdom.Text</Message>
    </Class>
    <SourceLine classname="org.jdom.Text" start="94" end="348" sourcefile="Text.java" sourcepath="org/jdom/Text.java" synthetic="true">
      <Message>At Text.java:[lines 94-348]</Message>
    </SourceLine>
  </BugInstance>
  <BugInstance type="DM_CONVERT_CASE" priority="3" abbrev="Dm" category="I18N" instanceHash="4ddf78475fed7a6d6d2db4e4b5e62f05" instanceOccurrenceNum="0" instanceOccurrenceMax="0">
    <ShortMessage>Consider using Locale parameterized version of invoked method</ShortMessage>
    <LongMessage>Use of non-localized String.toUpperCase() or String.toLowerCase</LongMessage>
    <Class classname="org.jdom.Verifier">
      <SourceLine classname="org.jdom.Verifier" start="79" end="1072" sourcefile="Verifier.java" sourcepath="org/jdom/Verifier.java">
        <Message>At Verifier.java:[lines 79-1072]</Message>
      </SourceLine>
      <Message>In class org.jdom.Verifier</Message>
    </Class>
    <Method classname="org.jdom.Verifier" name="checkNamespacePrefix" signature="(Ljava/lang/String;)Ljava/lang/String;" isStatic="true">
      <SourceLine classname="org.jdom.Verifier" start="206" end="248" startBytecode="0" endBytecode="313" sourcefile="Verifier.java" sourcepath="org/jdom/Verifier.java"/>
      <Message>In method org.jdom.Verifier.checkNamespacePrefix(String)</Message>
    </Method>
    <SourceLine classname="org.jdom.Verifier" start="228" end="228" startBytecode="59" endBytecode="59" sourcefile="Verifier.java" sourcepath="org/jdom/Verifier.java">
      <Message>At Verifier.java:[line 228]</Message>
    </SourceLine>
  </BugInstance>
  <BugInstance type="REC_CATCH_EXCEPTION" priority="3" abbrev="REC" category="STYLE" instanceHash="bdf02e4dcff16cfbc80eab04b56542b7" instanceOccurrenceNum="0" instanceOccurrenceMax="0">
    <ShortMessage>Exception is caught when Exception is not thrown</ShortMessage>
    <LongMessage>Exception is caught when Exception is not thrown in org.jdom.adapters.AbstractDOMAdapter.setInternalSubset(DocumentType, String)</LongMessage>
    <Class classname="org.jdom.adapters.AbstractDOMAdapter">
      <SourceLine classname="org.jdom.adapters.AbstractDOMAdapter" start="83" end="178" sourcefile="AbstractDOMAdapter.java" sourcepath="org/jdom/adapters/AbstractDOMAdapter.java">
        <Message>At AbstractDOMAdapter.java:[lines 83-178]</Message>
      </SourceLine>
      <Message>In class org.jdom.adapters.AbstractDOMAdapter</Message>
    </Class>
    <Method classname="org.jdom.adapters.AbstractDOMAdapter" name="setInternalSubset" signature="(Lorg/w3c/dom/DocumentType;Ljava/lang/String;)V" isStatic="false">
      <SourceLine classname="org.jdom.adapters.AbstractDOMAdapter" start="167" end="166" startBytecode="0" endBytecode="195" sourcefile="AbstractDOMAdapter.java" sourcepath="org/jdom/adapters/AbstractDOMAdapter.java"/>
      <Message>In method org.jdom.adapters.AbstractDOMAdapter.setInternalSubset(DocumentType, String)</Message>
    </Method>
    <SourceLine classname="org.jdom.adapters.AbstractDOMAdapter" start="178" end="178" startBytecode="68" endBytecode="68" sourcefile="AbstractDOMAdapter.java" sourcepath="org/jdom/adapters/AbstractDOMAdapter.java">
      <Message>At AbstractDOMAdapter.java:[line 178]</Message>
    </SourceLine>
  </BugInstance>
  <BugInstance type="REC_CATCH_EXCEPTION" priority="3" abbrev="REC" category="STYLE" instanceHash="3e014ae4d349872442ea275dae69a713" instanceOccurrenceNum="0" instanceOccurrenceMax="0">
    <ShortMessage>Exception is caught when Exception is not thrown</ShortMessage>
    <LongMessage>Exception is caught when Exception is not thrown in org.jdom.adapters.JAXPDOMAdapter.createDocument()</LongMessage>
    <Class classname="org.jdom.adapters.JAXPDOMAdapter">
      <SourceLine classname="org.jdom.adapters.JAXPDOMAdapter" start="82" end="201" sourcefile="JAXPDOMAdapter.java" sourcepath="org/jdom/adapters/JAXPDOMAdapter.java">
        <Message>At JAXPDOMAdapter.java:[lines 82-201]</Message>
      </SourceLine>
      <Message>In class org.jdom.adapters.JAXPDOMAdapter</Message>
    </Class>
    <Method classname="org.jdom.adapters.JAXPDOMAdapter" name="createDocument" signature="()Lorg/w3c/dom/Document;" isStatic="false">
      <SourceLine classname="org.jdom.adapters.JAXPDOMAdapter" start="174" end="201" startBytecode="0" endBytecode="293" sourcefile="JAXPDOMAdapter.java" sourcepath="org/jdom/adapters/JAXPDOMAdapter.java"/>
      <Message>In method org.jdom.adapters.JAXPDOMAdapter.createDocument()</Message>
    </Method>
    <SourceLine classname="org.jdom.adapters.JAXPDOMAdapter" start="200" end="200" startBytecode="78" endBytecode="78" sourcefile="JAXPDOMAdapter.java" sourcepath="org/jdom/adapters/JAXPDOMAdapter.java">
      <Message>At JAXPDOMAdapter.java:[line 200]</Message>
    </SourceLine>
  </BugInstance>
  <BugInstance type="HE_EQUALS_USE_HASHCODE" priority="1" abbrev="HE" category="BAD_PRACTICE" instanceHash="e2f51e93a00892145ba1a517ea9a20df" instanceOccurrenceNum="0" instanceOccurrenceMax="0">
    <ShortMessage>Class defines equals() and uses Object.hashCode()</ShortMessage>
    <LongMessage>org.jdom.filter.ContentFilter defines equals and uses Object.hashCode()</LongMessage>
    <Class classname="org.jdom.filter.ContentFilter">
      <SourceLine classname="org.jdom.filter.ContentFilter" start="126" end="349" sourcefile="ContentFilter.java" sourcepath="org/jdom/filter/ContentFilter.java">
        <Message>At ContentFilter.java:[lines 126-349]</Message>
      </SourceLine>
      <Message>In class org.jdom.filter.ContentFilter</Message>
    </Class>
    <Method classname="org.jdom.filter.ContentFilter" name="equals" signature="(Ljava/lang/Object;)Z" isStatic="false">
      <SourceLine classname="org.jdom.filter.ContentFilter" start="345" end="349" startBytecode="0" endBytecode="104" sourcefile="ContentFilter.java" sourcepath="org/jdom/filter/ContentFilter.java"/>
      <Message>In method org.jdom.filter.ContentFilter.equals(Object)</Message>
    </Method>
    <SourceLine classname="org.jdom.filter.ContentFilter" start="345" end="349" startBytecode="0" endBytecode="104" sourcefile="ContentFilter.java" sourcepath="org/jdom/filter/ContentFilter.java" synthetic="true">
      <Message>At ContentFilter.java:[lines 345-349]</Message>
    </SourceLine>
  </BugInstance>
  <BugInstance type="ES_COMPARING_STRINGS_WITH_EQ" priority="3" abbrev="ES" category="BAD_PRACTICE" instanceHash="6c5c13564ca09bc12d78a72a5da024f1" instanceOccurrenceNum="0" instanceOccurrenceMax="0">
    <ShortMessage>Comparison of String objects using == or !=</ShortMessage>
    <LongMessage>Comparison of String objects using == or != in org.jdom.filter.ElementFilter.equals(Object) </LongMessage>
    <Class classname="org.jdom.filter.ElementFilter">
      <SourceLine classname="org.jdom.filter.ElementFilter" start="83" end="191" sourcefile="ElementFilter.java" sourcepath="org/jdom/filter/ElementFilter.java">
        <Message>At ElementFilter.java:[lines 83-191]</Message>
      </SourceLine>
      <Message>In class org.jdom.filter.ElementFilter</Message>
    </Class>
    <Method classname="org.jdom.filter.ElementFilter" name="equals" signature="(Ljava/lang/Object;)Z" isStatic="false">
      <SourceLine classname="org.jdom.filter.ElementFilter" start="177" end="191" startBytecode="0" endBytecode="35" sourcefile="ElementFilter.java" sourcepath="org/jdom/filter/ElementFilter.java"/>
      <Message>In method org.jdom.filter.ElementFilter.equals(Object)</Message>
    </Method>
    <Type descriptor="Ljava/lang/String;" role="TYPE_FOUND">
      <Message>Actual type java.lang.String</Message>
    </Type>
    <SourceLine classname="org.jdom.filter.ElementFilter" start="183" end="183" startBytecode="38" endBytecode="38" sourcefile="ElementFilter.java" sourcepath="org/jdom/filter/ElementFilter.java">
      <Message>At ElementFilter.java:[line 183]</Message>
    </SourceLine>
  </BugInstance>
  <BugInstance type="HE_EQUALS_USE_HASHCODE" priority="1" abbrev="HE" category="BAD_PRACTICE" instanceHash="43cb0341dfc762ce7fb0ff1e40b57189" instanceOccurrenceNum="0" instanceOccurrenceMax="0">
    <ShortMessage>Class defines equals() and uses Object.hashCode()</ShortMessage>
    <LongMessage>org.jdom.filter.ElementFilter defines equals and uses Object.hashCode()</LongMessage>
    <Class classname="org.jdom.filter.ElementFilter">
      <SourceLine classname="org.jdom.filter.ElementFilter" start="83" end="191" sourcefile="ElementFilter.java" sourcepath="org/jdom/filter/ElementFilter.java">
        <Message>At ElementFilter.java:[lines 83-191]</Message>
      </SourceLine>
      <Message>In class org.jdom.filter.ElementFilter</Message>
    </Class>
    <Method classname="org.jdom.filter.ElementFilter" name="equals" signature="(Ljava/lang/Object;)Z" isStatic="false">
      <SourceLine classname="org.jdom.filter.ElementFilter" start="177" end="191" startBytecode="0" endBytecode="161" sourcefile="ElementFilter.java" sourcepath="org/jdom/filter/ElementFilter.java"/>
      <Message>In method org.jdom.filter.ElementFilter.equals(Object)</Message>
    </Method>
    <SourceLine classname="org.jdom.filter.ElementFilter" start="177" end="191" startBytecode="0" endBytecode="161" sourcefile="ElementFilter.java" sourcepath="org/jdom/filter/ElementFilter.java" synthetic="true">
      <Message>At ElementFilter.java:[lines 177-191]</Message>
    </SourceLine>
  </BugInstance>
  <BugInstance type="NP_NULL_PARAM_DEREF" priority="1" abbrev="NP" category="CORRECTNESS" instanceHash="dae218d061a46c87cda4d96f2dfd3bfd" instanceOccurrenceNum="0" instanceOccurrenceMax="0">
    <ShortMessage>Method call passes null for unconditionally dereferenced parameter</ShortMessage>
    <LongMessage>Method call in org.jdom.input.DOMBuilder.build(InputStream) passes null for unconditionally dereferenced parameter of buildTree(Node, Document, Element, boolean)</LongMessage>
    <Class classname="org.jdom.input.DOMBuilder">
      <SourceLine classname="org.jdom.input.DOMBuilder" start="109" end="530" sourcefile="DOMBuilder.java" sourcepath="org/jdom/input/DOMBuilder.java">
        <Message>At DOMBuilder.java:[lines 109-530]</Message>
      </SourceLine>
      <Message>In class org.jdom.input.DOMBuilder</Message>
    </Class>
    <Method classname="org.jdom.input.DOMBuilder" name="build" signature="(Ljava/io/InputStream;)Lorg/jdom/Document;" isStatic="false">
      <SourceLine classname="org.jdom.input.DOMBuilder" start="201" end="271" startBytecode="0" endBytecode="623" sourcefile="DOMBuilder.java" sourcepath="org/jdom/input/DOMBuilder.java"/>
      <Message>In method org.jdom.input.DOMBuilder.build(InputStream)</Message>
    </Method>
    <Method classname="org.jdom.input.DOMBuilder" name="buildTree" signature="(Lorg/w3c/dom/Node;Lorg/jdom/Document;Lorg/jdom/Element;Z)V" isStatic="false" role="METHOD_CALLED">
      <SourceLine classname="org.jdom.input.DOMBuilder" start="358" end="353" startBytecode="0" endBytecode="1791" sourcefile="DOMBuilder.java" sourcepath="org/jdom/input/DOMBuilder.java"/>
      <Message>Called method org.jdom.input.DOMBuilder.buildTree(Node, Document, Element, boolean)</Message>
    </Method>
    <Int value="1" role="INT_MAYBE_NULL_ARG">
      <Message>Argument 1 might be null but must not be null</Message>
    </Int>
    <LocalVariable name="domDoc" register="3" pc="129" role="LOCAL_VARIABLE_NAMED">
      <Message>Local variable named domDoc</Message>
    </LocalVariable>
    <SourceLine classname="org.jdom.input.DOMBuilder" start="251" end="251" startBytecode="141" endBytecode="141" sourcefile="DOMBuilder.java" sourcepath="org/jdom/input/DOMBuilder.java" role="SOURCE_LINE_INVOKED">
      <Message>Method invoked at DOMBuilder.java:[line 251]</Message>
    </SourceLine>
    <SourceLine classname="org.jdom.input.DOMBuilder" start="245" end="245" startBytecode="132" endBytecode="132" sourcefile="DOMBuilder.java" sourcepath="org/jdom/input/DOMBuilder.java" role="SOURCE_LINE_KNOWN_NULL">
      <Message>Known null at DOMBuilder.java:[line 245]</Message>
    </SourceLine>
  </BugInstance>
  <BugInstance type="RI_REDUNDANT_INTERFACES" priority="3" abbrev="RI" category="STYLE" instanceHash="361b4e1af70f1e07e8908d209390b69a" instanceOccurrenceNum="0" instanceOccurrenceMax="0">
    <ShortMessage>Class implements same interface as superclass</ShortMessage>
    <LongMessage>Class org.jdom.input.SAXHandler implements same interface as superclass</LongMessage>
    <Class classname="org.jdom.input.SAXHandler">
      <SourceLine classname="org.jdom.input.SAXHandler" start="82" end="1016" sourcefile="SAXHandler.java" sourcepath="org/jdom/input/SAXHandler.java">
        <Message>At SAXHandler.java:[lines 82-1016]</Message>
      </SourceLine>
      <Message>In class org.jdom.input.SAXHandler</Message>
    </Class>
    <Class classname="org.xml.sax.DTDHandler" role="INTERFACE_TYPE">
      <SourceLine classname="org.xml.sax.DTDHandler" sourcefile="DTDHandler.java" sourcepath="org/xml/sax/DTDHandler.java">
        <Message>In DTDHandler.java</Message>
      </SourceLine>
      <Message>Interface org.xml.sax.DTDHandler</Message>
    </Class>
    <SourceLine classname="org.jdom.input.SAXHandler" start="82" end="1016" sourcefile="SAXHandler.java" sourcepath="org/jdom/input/SAXHandler.java" synthetic="true">
      <Message>At SAXHandler.java:[lines 82-1016]</Message>
    </SourceLine>
  </BugInstance>
  <BugInstance type="REC_CATCH_EXCEPTION" priority="3" abbrev="REC" category="STYLE" instanceHash="aa76480a94a5701991e9f88e1d2a34f2" instanceOccurrenceNum="0" instanceOccurrenceMax="0">
    <ShortMessage>Exception is caught when Exception is not thrown</ShortMessage>
    <LongMessage>Exception is caught when Exception is not thrown in org.jdom.output.DOMOutputter.output(Element, Document, NamespaceStack)</LongMessage>
    <Class classname="org.jdom.output.DOMOutputter">
      <SourceLine classname="org.jdom.output.DOMOutputter" start="99" end="467" sourcefile="DOMOutputter.java" sourcepath="org/jdom/output/DOMOutputter.java">
        <Message>At DOMOutputter.java:[lines 99-467]</Message>
      </SourceLine>
      <Message>In class org.jdom.output.DOMOutputter</Message>
    </Class>
    <Method classname="org.jdom.output.DOMOutputter" name="output" signature="(Lorg/jdom/Element;Lorg/w3c/dom/Document;Lorg/jdom/output/NamespaceStack;)Lorg/w3c/dom/Element;" isStatic="false">
      <SourceLine classname="org.jdom.output.DOMOutputter" start="273" end="409" startBytecode="0" endBytecode="1668" sourcefile="DOMOutputter.java" sourcepath="org/jdom/output/DOMOutputter.java"/>
      <Message>In method org.jdom.output.DOMOutputter.output(Element, Document, NamespaceStack)</Message>
    </Method>
    <SourceLine classname="org.jdom.output.DOMOutputter" start="408" end="408" startBytecode="782" endBytecode="782" sourcefile="DOMOutputter.java" sourcepath="org/jdom/output/DOMOutputter.java">
      <Message>At DOMOutputter.java:[line 408]</Message>
    </SourceLine>
  </BugInstance>
  <BugInstance type="NP_LOAD_OF_KNOWN_NULL_VALUE" priority="3" abbrev="NP" category="STYLE" instanceHash="1e778e3d4918c8c29688c1638a369661" instanceOccurrenceNum="0" instanceOccurrenceMax="0">
    <ShortMessage>Load of known null value</ShortMessage>
    <LongMessage>Load of known null value in org.jdom.output.SAXOutputter.startPrefixMapping(Element, NamespaceStack)</LongMessage>
    <Class classname="org.jdom.output.SAXOutputter">
      <SourceLine classname="org.jdom.output.SAXOutputter" start="108" end="1302" sourcefile="SAXOutputter.java" sourcepath="org/jdom/output/SAXOutputter.java">
        <Message>At SAXOutputter.java:[lines 108-1302]</Message>
      </SourceLine>
      <Message>In class org.jdom.output.SAXOutputter</Message>
    </Class>
    <Method classname="org.jdom.output.SAXOutputter" name="startPrefixMapping" signature="(Lorg/jdom/Element;Lorg/jdom/output/NamespaceStack;)Lorg/xml/sax/Attributes;" isStatic="false">
      <SourceLine classname="org.jdom.output.SAXOutputter" start="855" end="895" startBytecode="0" endBytecode="96" sourcefile="SAXOutputter.java" sourcepath="org/jdom/output/SAXOutputter.java"/>
      <Message>In method org.jdom.output.SAXOutputter.startPrefixMapping(Element, NamespaceStack)</Message>
    </Method>
    <SourceLine classname="org.jdom.output.SAXOutputter" start="863" end="863" startBytecode="59" endBytecode="59" sourcefile="SAXOutputter.java" sourcepath="org/jdom/output/SAXOutputter.java">
      <Message>At SAXOutputter.java:[line 863]</Message>
    </SourceLine>
  </BugInstance>
  <BugInstance type="SIC_INNER_SHOULD_BE_STATIC" priority="2" abbrev="SIC" category="PERFORMANCE" instanceHash="459d584e45be4232c4f230c2d7311b07" instanceOccurrenceNum="0" instanceOccurrenceMax="0">
    <ShortMessage>Should be a static inner class</ShortMessage>
    <LongMessage>Should org.jdom.output.XMLOutputter$Format be a _static_ inner class?</LongMessage>
    <Class classname="org.jdom.output.XMLOutputter$Format">
      <SourceLine classname="org.jdom.output.XMLOutputter$Format" start="199" end="255" sourcefile="XMLOutputter.java" sourcepath="org/jdom/output/XMLOutputter.java">
        <Message>At XMLOutputter.java:[lines 199-255]</Message>
      </SourceLine>
      <Message>In class org.jdom.output.XMLOutputter$Format</Message>
    </Class>
    <SourceLine classname="org.jdom.output.XMLOutputter$Format" start="199" end="255" sourcefile="XMLOutputter.java" sourcepath="org/jdom/output/XMLOutputter.java" synthetic="true">
      <Message>At XMLOutputter.java:[lines 199-255]</Message>
    </SourceLine>
  </BugInstance>
  <BugInstance type="SIC_INNER_SHOULD_BE_STATIC" priority="2" abbrev="SIC" category="PERFORMANCE" instanceHash="5793bb367795abbe926e7b51cf015f16" instanceOccurrenceNum="0" instanceOccurrenceMax="0">
    <ShortMessage>Should be a static inner class</ShortMessage>
    <LongMessage>Should org.jdom.output.XMLOutputter$NamespaceStack be a _static_ inner class?</LongMessage>
    <Class classname="org.jdom.output.XMLOutputter$NamespaceStack">
      <SourceLine classname="org.jdom.output.XMLOutputter$NamespaceStack" start="199" end="1874" sourcefile="XMLOutputter.java" sourcepath="org/jdom/output/XMLOutputter.java">
        <Message>At XMLOutputter.java:[lines 199-1874]</Message>
      </SourceLine>
      <Message>In class org.jdom.output.XMLOutputter$NamespaceStack</Message>
    </Class>
    <SourceLine classname="org.jdom.output.XMLOutputter$NamespaceStack" start="199" end="1874" sourcefile="XMLOutputter.java" sourcepath="org/jdom/output/XMLOutputter.java" synthetic="true">
      <Message>At XMLOutputter.java:[lines 199-1874]</Message>
    </SourceLine>
  </BugInstance>
  <BugInstance type="SE_NO_SERIALVERSIONID" priority="1" abbrev="SnVI" category="BAD_PRACTICE" instanceHash="e90601f93a1dbb8a49bbc8787d33056d" instanceOccurrenceNum="0" instanceOccurrenceMax="0">
    <ShortMessage>Class is Serializable, but doesn't define serialVersionUID</ShortMessage>
    <LongMessage>org.jdom.xpath.JaxenXPath is Serializable; consider declaring a serialVersionUID</LongMessage>
    <Class classname="org.jdom.xpath.JaxenXPath">
      <SourceLine classname="org.jdom.xpath.JaxenXPath" start="94" end="313" sourcefile="JaxenXPath.java" sourcepath="org/jdom/xpath/JaxenXPath.java">
        <Message>At JaxenXPath.java:[lines 94-313]</Message>
      </SourceLine>
      <Message>In class org.jdom.xpath.JaxenXPath</Message>
    </Class>
    <SourceLine classname="org.jdom.xpath.JaxenXPath" start="94" end="313" sourcefile="JaxenXPath.java" sourcepath="org/jdom/xpath/JaxenXPath.java" synthetic="true">
      <Message>At JaxenXPath.java:[lines 94-313]</Message>
    </SourceLine>
  </BugInstance>
  <BugInstance type="SE_TRANSIENT_FIELD_NOT_RESTORED" priority="3" abbrev="Se" category="BAD_PRACTICE" instanceHash="b8894831a2d85c9d37997136a3a5bbf1" instanceOccurrenceNum="0" instanceOccurrenceMax="0">
    <ShortMessage>Transient field that isn't set by deserialization. </ShortMessage>
    <LongMessage>The field org.jdom.xpath.JaxenXPath.xPath is transient but isn't set by deserialization</LongMessage>
    <Class classname="org.jdom.xpath.JaxenXPath">
      <SourceLine classname="org.jdom.xpath.JaxenXPath" start="94" end="313" sourcefile="JaxenXPath.java" sourcepath="org/jdom/xpath/JaxenXPath.java">
        <Message>At JaxenXPath.java:[lines 94-313]</Message>
      </SourceLine>
      <Message>In class org.jdom.xpath.JaxenXPath</Message>
    </Class>
    <Field classname="org.jdom.xpath.JaxenXPath" name="xPath" signature="Lorg/jaxen/jdom/JDOMXPath;" isStatic="false">
      <SourceLine classname="org.jdom.xpath.JaxenXPath" sourcefile="JaxenXPath.java" sourcepath="org/jdom/xpath/JaxenXPath.java">
        <Message>In JaxenXPath.java</Message>
      </SourceLine>
      <Message>Field org.jdom.xpath.JaxenXPath.xPath</Message>
    </Field>
    <SourceLine classname="org.jdom.xpath.JaxenXPath" sourcefile="JaxenXPath.java" sourcepath="org/jdom/xpath/JaxenXPath.java" synthetic="true">
      <Message>In JaxenXPath.java</Message>
    </SourceLine>
  </BugInstance>
  <BugInstance type="SE_NO_SERIALVERSIONID" priority="3" abbrev="SnVI" category="BAD_PRACTICE" instanceHash="4f8e76c03d6c87d41a1d0af75986c641" instanceOccurrenceNum="0" instanceOccurrenceMax="0">
    <ShortMessage>Class is Serializable, but doesn't define serialVersionUID</ShortMessage>
    <LongMessage>org.jdom.xpath.JaxenXPath$NSContext is Serializable; consider declaring a serialVersionUID</LongMessage>
    <Class classname="org.jdom.xpath.JaxenXPath$NSContext">
      <SourceLine classname="org.jdom.xpath.JaxenXPath$NSContext" start="79" end="366" sourcefile="JaxenXPath.java" sourcepath="org/jdom/xpath/JaxenXPath.java">
        <Message>At JaxenXPath.java:[lines 79-366]</Message>
      </SourceLine>
      <Message>In class org.jdom.xpath.JaxenXPath$NSContext</Message>
    </Class>
    <SourceLine classname="org.jdom.xpath.JaxenXPath$NSContext" start="79" end="366" sourcefile="JaxenXPath.java" sourcepath="org/jdom/xpath/JaxenXPath.java" synthetic="true">
      <Message>At JaxenXPath.java:[lines 79-366]</Message>
    </SourceLine>
  </BugInstance>
  <BugInstance type="SE_NO_SERIALVERSIONID" priority="3" abbrev="SnVI" category="BAD_PRACTICE" instanceHash="1972f2e6ff9f66e1077329c23f7c4c66" instanceOccurrenceNum="0" instanceOccurrenceMax="0">
    <ShortMessage>Class is Serializable, but doesn't define serialVersionUID</ShortMessage>
    <LongMessage>org.jdom.xpath.XPath$XPathString is Serializable; consider declaring a serialVersionUID</LongMessage>
    <Class classname="org.jdom.xpath.XPath$XPathString">
      <SourceLine classname="org.jdom.xpath.XPath$XPathString" start="424" end="455" sourcefile="XPath.java" sourcepath="org/jdom/xpath/XPath.java">
        <Message>At XPath.java:[lines 424-455]</Message>
      </SourceLine>
      <Message>In class org.jdom.xpath.XPath$XPathString</Message>
    </Class>
    <SourceLine classname="org.jdom.xpath.XPath$XPathString" start="424" end="455" sourcefile="XPath.java" sourcepath="org/jdom/xpath/XPath.java" synthetic="true">
      <Message>At XPath.java:[lines 424-455]</Message>
    </SourceLine>
  </BugInstance>
  <BugCategory category="CORRECTNESS">
    <Description>Correctness</Description>
  </BugCategory>
  <BugCategory category="PERFORMANCE">
    <Description>Performance</Description>
  </BugCategory>
  <BugCategory category="I18N">
    <Description>Internationalization</Description>
  </BugCategory>
  <BugCategory category="BAD_PRACTICE">
    <Description>Bad practice</Description>
  </BugCategory>
  <BugCategory category="STYLE">
    <Description>Dodgy</Description>
  </BugCategory>
  <BugPattern type="NP_NULL_PARAM_DEREF" abbrev="NP" category="CORRECTNESS">
    <ShortDescription>Method call passes null for unconditionally dereferenced parameter</ShortDescription>
    <Details><![CDATA[
      
      <p>
      This method call passes a null value to a method which might
      dereference it unconditionally.
      </p>
      
   ]]></Details>
  </BugPattern>
  <BugPattern type="SIC_INNER_SHOULD_BE_STATIC_NEEDS_THIS" abbrev="SIC" category="PERFORMANCE">
    <ShortDescription>Could be refactored into a static inner class</ShortDescription>
    <Details><![CDATA[

  <p> This class is an inner class, but does not use its embedded reference
  to the object which created it except during construction of the
inner object.&nbsp; This reference makes the instances
  of the class larger, and may keep the reference to the creator object
  alive longer than necessary.&nbsp; If possible, the class should be
  made into a <em>static</em> inner class. Since the reference to the
   outer object is required during construction of the inner instance,
   the inner class will need to be refactored so as to
   pass  a reference to the outer instance to the constructor
   for the inner class.</p>

    ]]></Details>
  </BugPattern>
  <BugPattern type="HE_EQUALS_USE_HASHCODE" abbrev="HE" category="BAD_PRACTICE">
    <ShortDescription>Class defines equals() and uses Object.hashCode()</ShortDescription>
    <Details><![CDATA[

  <p> This class overrides <code>equals(Object)</code>, but does not
  override <code>hashCode()</code>, and inherits the implementation of
  <code>hashCode()</code> from <code>java.lang.Object</code> (which returns
  the identity hash code, an arbitrary value assigned to the object
  by the VM).&nbsp; Therefore, the class is very likely to violate the
  invariant that equal objects must have equal hashcodes.</p>

<p>If you don't think instances of this class will ever be inserted into a HashMap/HashTable,
the recommended <code>hashCode</code> implementation to use is:</p>
<pre>public int hashCode() {
  assert false : "hashCode not designed";
  return 42; // any arbitrary constant will do 
  }</pre>

    ]]></Details>
  </BugPattern>
  <BugPattern type="SIC_INNER_SHOULD_BE_STATIC" abbrev="SIC" category="PERFORMANCE">
    <ShortDescription>Should be a static inner class</ShortDescription>
    <Details><![CDATA[

  <p> This class is an inner class, but does not use its embedded reference
  to the object which created it.&nbsp; This reference makes the instances
  of the class larger, and may keep the reference to the creator object
  alive longer than necessary.&nbsp; If possible, the class should be
   made static.
</p>

    ]]></Details>
  </BugPattern>
  <BugPattern type="ES_COMPARING_STRINGS_WITH_EQ" abbrev="ES" category="BAD_PRACTICE">
    <ShortDescription>Comparison of String objects using == or !=</ShortDescription>
    <Details><![CDATA[

  <p>This code compares <code>java.lang.String</code> objects for reference
equality using the == or != operators.
Unless both strings are either constants in a source file, or have been
interned using the <code>String.intern()</code> method, the same string
value may be represented by two different String objects. Consider
using the <code>equals(Object)</code> method instead.</p>

    ]]></Details>
  </BugPattern>
  <BugPattern type="RCN_REDUNDANT_NULLCHECK_OF_NONNULL_VALUE" abbrev="RCN" category="STYLE">
    <ShortDescription>Redundant nullcheck of value known to be non-null</ShortDescription>
    <Details><![CDATA[

<p> This method contains a redundant check of a known non-null value against
the constant null.</p>

    ]]></Details>
  </BugPattern>
  <BugPattern type="ES_COMPARING_PARAMETER_STRING_WITH_EQ" abbrev="ES" category="BAD_PRACTICE">
    <ShortDescription>Comparison of String parameter using == or !=</ShortDescription>
    <Details><![CDATA[

  <p>This code compares a <code>java.lang.String</code> parameter for reference
equality using the == or != operators. Requiring callers to 
pass only String constants or interned strings to a method is unnecessarily
fragile, and rarely leads to measurable performance gains. Consider
using the <code>equals(Object)</code> method instead.</p>

    ]]></Details>
  </BugPattern>
  <BugPattern type="DLS_DEAD_LOCAL_STORE" abbrev="DLS" category="STYLE">
    <ShortDescription>Dead store to local variable</ShortDescription>
    <Details><![CDATA[

<p>
This instruction assigns a value to a local variable,
but the value is not read by any subsequent instruction.
Often, this indicates an error, because the value computed
is never used.
</p>
<p>
Note that Sun's javac compiler often generates dead stores for
final local variables.  Because FindBugs is a bytecode-based tool,
there is no easy way to eliminate these false positives.
</p>

    ]]></Details>
  </BugPattern>
  <BugPattern type="NM_CONFUSING" abbrev="Nm" category="BAD_PRACTICE">
    <ShortDescription>Confusing method names</ShortDescription>
    <Details><![CDATA[

  <p> The referenced methods have names that differ only by capitalization.</p>

    ]]></Details>
  </BugPattern>
  <BugPattern type="NP_LOAD_OF_KNOWN_NULL_VALUE" abbrev="NP" category="STYLE">
    <ShortDescription>Load of known null value</ShortDescription>
    <Details><![CDATA[

  <p> The variable referenced at this point is known to be null due to an earlier
   check against null. Although this is valid, it might be a mistake (perhaps you
intended to refer to a different variable, or perhaps the earlier check to see if the
variable is null should have been a check to see if it was nonnull.
</p>

    ]]></Details>
  </BugPattern>
  <BugPattern type="ISC_INSTANTIATE_STATIC_CLASS" abbrev="ISC" category="BAD_PRACTICE">
    <ShortDescription>Needless instantiation of class that only supplies static methods</ShortDescription>
    <Details><![CDATA[

<p> This class allocates an object that is based on a class that only supplies static methods. This object
does not need to be created, just access the static methods directly using the class name as a qualifier.</p>

        ]]></Details>
  </BugPattern>
  <BugPattern type="WMI_WRONG_MAP_ITERATOR" abbrev="WMI" category="PERFORMANCE">
    <ShortDescription>Inefficient use of keySet iterator instead of entrySet iterator</ShortDescription>
    <Details><![CDATA[

<p> This method accesses the value of a Map entry, using a key that was retrieved from
a keySet iterator. It is more efficient to use an iterator on the entrySet of the map, to avoid the
Map.get(key) lookup.</p>

        ]]></Details>
  </BugPattern>
  <BugPattern type="UPM_UNCALLED_PRIVATE_METHOD" abbrev="UPM" category="PERFORMANCE">
    <ShortDescription>Private method is never called</ShortDescription>
    <Details><![CDATA[

<p> This private method is never called. Although it is
possible that the method will be invoked through reflection,
it is more likely that the method is never used, and should be
removed.
</p>

]]></Details>
  </BugPattern>
  <BugPattern type="SE_TRANSIENT_FIELD_NOT_RESTORED" abbrev="Se" category="BAD_PRACTICE">
    <ShortDescription>Transient field that isn't set by deserialization. </ShortDescription>
    <Details><![CDATA[

  <p> This class contains a field that is updated at multiple places in the class, thus it seems to be part of the state of the class. However, since the field is marked as transient and not set in readObject or readResolve, it will contain the default value in any 
deserialized instance of the class.
</p>

    ]]></Details>
  </BugPattern>
  <BugPattern type="NP_NULL_ON_SOME_PATH" abbrev="NP" category="CORRECTNESS">
    <ShortDescription>Possible null pointer dereference</ShortDescription>
    <Details><![CDATA[

<p> A reference value dereferenced here might be null at runtime.&nbsp;
This may lead to a <code>NullPointerException</code> when the code is executed.</p>

    ]]></Details>
  </BugPattern>
  <BugPattern type="PZLA_PREFER_ZERO_LENGTH_ARRAYS" abbrev="PZLA" category="STYLE">
    <ShortDescription>Consider returning a zero length array rather than null</ShortDescription>
    <Details><![CDATA[

<p> It is often a better design to
return a length zero array rather than a null reference to indicate that there
are no results (i.e., an empty list of results).
This way, no explicit check for null is needed by clients of the method.</p>

<p>On the other hand, using null to indicate
"there is no answer to this question", then it is probably appropriate.
For example, <code>File.listFiles()</code> returns an empty list
if given a directory containing no files, and returns null if the file
is not a directory.</p>

    ]]></Details>
  </BugPattern>
  <BugPattern type="SE_NO_SERIALVERSIONID" abbrev="SnVI" category="BAD_PRACTICE">
    <ShortDescription>Class is Serializable, but doesn't define serialVersionUID</ShortDescription>
    <Details><![CDATA[

  <p> This class implements the <code>Serializable</code> interface, but does
  not define a <code>serialVersionUID</code> field.&nbsp;
  A change as simple as adding a reference to a .class object
    will add synthetic fields to the class,
   which will unfortunately change the implicit
   serialVersionUID (e.g., adding a reference to <code>String.class</code>
   will generate a static field <code>class$java$lang$String</code>).
   Also, different source code to bytecode compilers may use different
   naming conventions for synthetic variables generated for
   references to class objects or inner classes.
   To ensure interoperability of Serializable across versions,
   consider adding an explicit serialVersionUID.</p>

    ]]></Details>
  </BugPattern>
  <BugPattern type="RI_REDUNDANT_INTERFACES" abbrev="RI" category="STYLE">
    <ShortDescription>Class implements same interface as superclass</ShortDescription>
    <Details><![CDATA[
   
    <p>
    This class declares that it implements an interface that is also implemented by a superclass.
    This is redundant, once a superclass implements an interface, all subclasses by default also
    implement this interface. It may point out that the inheritance hierarchy has changed since
    this class was created, and consideration should be taken into account for the ownership of
    the interface's implementation.
    </p>
    
     ]]></Details>
  </BugPattern>
  <BugPattern type="REC_CATCH_EXCEPTION" abbrev="REC" category="STYLE">
    <ShortDescription>Exception is caught when Exception is not thrown</ShortDescription>
    <Details><![CDATA[
  
  <p>
  This method uses a try-catch block that catches Exception objects, but Exception is not
  thrown within the try block, and RuntimeException is not explicitly caught.  It is a common bug pattern to
  say try { ... } catch (Exception e) { something } as a shorthand for catching a number of types of exception
  each of whose catch blocks is identical, but this construct also accidentally catches RuntimeException as well,
  masking potential bugs.
  </p>
  
     ]]></Details>
  </BugPattern>
  <BugPattern type="DM_CONVERT_CASE" abbrev="Dm" category="I18N">
    <ShortDescription>Consider using Locale parameterized version of invoked method</ShortDescription>
    <Details><![CDATA[

  <p> A String is being converted to upper or lowercase, using the platform's default encoding. This may
      result in improper conversions when used with international characters. Use the </p>
      <table><tr><td>String.toUpperCase( Locale l )</td></tr><tr><td>String.toLowerCase( Locale l )</td></tr></table>
      <p>versions instead.</p>

    ]]></Details>
  </BugPattern>
  <BugPattern type="UWF_FIELD_NOT_INITIALIZED_IN_CONSTRUCTOR" abbrev="UwF" category="STYLE">
    <ShortDescription>Field not initialized in constructor</ShortDescription>
    <Details><![CDATA[

  <p> This field is never initialized within any constructor, and is therefore could be null after
the object is constructed.
This could be a either an error or a questionable design, since
it means a null pointer exception will be generated if that field is dereferenced
before being initialized.
</p>

    ]]></Details>
  </BugPattern>
  <BugCode abbrev="RI">
    <Description>Redundant Interfaces</Description>
  </BugCode>
  <BugCode abbrev="REC">
    <Description>RuntimeException capture</Description>
  </BugCode>
  <BugCode abbrev="UwF">
    <Description>Unwritten field</Description>
  </BugCode>
  <BugCode abbrev="SnVI">
    <Description>Serializable class with no Version ID</Description>
  </BugCode>
  <BugCode abbrev="ISC">
    <Description>Instantiated Static Class</Description>
  </BugCode>
  <BugCode abbrev="RCN">
    <Description>Redundant comparison to null</Description>
  </BugCode>
  <BugCode abbrev="SIC">
    <Description>Inner class could be made static</Description>
  </BugCode>
  <BugCode abbrev="Se">
    <Description>Incorrect definition of Serializable class</Description>
  </BugCode>
  <BugCode abbrev="DLS">
    <Description>Dead local store</Description>
  </BugCode>
  <BugCode abbrev="NP">
    <Description>Null pointer dereference</Description>
  </BugCode>
  <BugCode abbrev="UPM">
    <Description>Private method is never called</Description>
  </BugCode>
  <BugCode abbrev="PZLA">
    <Description>Prefer zero length arrays to null to indicate no results</Description>
  </BugCode>
  <BugCode abbrev="WMI">
    <Description>Wrong Map Iterator</Description>
  </BugCode>
  <BugCode abbrev="ES">
    <Description>Checking String equality using == or !=</Description>
  </BugCode>
  <BugCode abbrev="HE">
    <Description>Equal objects must have equal hashcodes</Description>
  </BugCode>
  <BugCode abbrev="Dm">
    <Description>Dubious method used</Description>
  </BugCode>
  <BugCode abbrev="Nm">
    <Description>Confusing method name</Description>
  </BugCode>
  <Errors></Errors>
  <FindBugsSummary timestamp="Tue, 16 Sep 2008 23:33:29 -0400" total_classes="59" total_bugs="46" total_size="6018" num_packages="8" cpu_seconds="15.66" clock_seconds="15.77" peak_mbytes="156.43" gc_seconds="2.14" priority_3="33" priority_2="8" priority_1="5">
    <PackageStats package="" total_bugs="3" total_types="3" total_size="82" priority_3="2" priority_2="1">
      <ClassStats class="JDOMAbout" sourceFile="JDOMAbout.java" interface="false" size="29" bugs="1" priority_3="1"/>
      <ClassStats class="JDOMAbout$Author" sourceFile="JDOMAbout.java" interface="false" size="7" bugs="1" priority_2="1"/>
      <ClassStats class="JDOMAbout$Info" sourceFile="JDOMAbout.java" interface="false" size="46" bugs="1" priority_3="1"/>
    </PackageStats>
    <PackageStats package="org.jdom" total_bugs="28" total_types="21" total_size="2771" priority_3="22" priority_2="5" priority_1="1">
      <ClassStats class="org.jdom.Attribute" sourceFile="Attribute.java" interface="false" size="158" bugs="1" priority_2="1"/>
      <ClassStats class="org.jdom.AttributeList" sourceFile="AttributeList.java" interface="false" size="193" bugs="3" priority_3="3"/>
      <ClassStats class="org.jdom.CDATA" sourceFile="CDATA.java" interface="false" size="31" bugs="2" priority_3="2"/>
      <ClassStats class="org.jdom.Comment" sourceFile="Comment.java" interface="false" size="55" bugs="1" priority_3="1"/>
      <ClassStats class="org.jdom.ContentList" sourceFile="ContentList.java" interface="false" size="316" bugs="2" priority_3="1" priority_2="1"/>
      <ClassStats class="org.jdom.ContentList$FilterList" sourceFile="ContentList.java" interface="false" size="79" bugs="0"/>
      <ClassStats class="org.jdom.ContentList$FilterListIterator" sourceFile="ContentList.java" interface="false" size="172" bugs="0"/>
      <ClassStats class="org.jdom.DataConversionException" sourceFile="DataConversionException.java" interface="false" size="10" bugs="0"/>
      <ClassStats class="org.jdom.DocType" sourceFile="DocType.java" interface="false" size="77" bugs="4" priority_3="3" priority_2="1"/>
      <ClassStats class="org.jdom.Document" sourceFile="Document.java" interface="false" size="115" bugs="1" priority_3="1"/>
      <ClassStats class="org.jdom.Element" sourceFile="Element.java" interface="false" size="377" bugs="1" priority_2="1"/>
      <ClassStats class="org.jdom.EntityRef" sourceFile="EntityRef.java" interface="false" size="76" bugs="2" priority_3="2"/>
      <ClassStats class="org.jdom.IllegalAddException" sourceFile="IllegalAddException.java" interface="false" size="121" bugs="0"/>
      <ClassStats class="org.jdom.IllegalDataException" sourceFile="IllegalDataException.java" interface="false" size="22" bugs="0"/>
      <ClassStats class="org.jdom.IllegalNameException" sourceFile="IllegalNameException.java" interface="false" size="22" bugs="0"/>
      <ClassStats class="org.jdom.IllegalTargetException" sourceFile="IllegalTargetException.java" interface="false" size="18" bugs="0"/>
      <ClassStats class="org.jdom.JDOMException" sourceFile="JDOMException.java" interface="false" size="95" bugs="4" priority_3="4"/>
      <ClassStats class="org.jdom.Namespace" sourceFile="Namespace.java" interface="false" size="63" bugs="0"/>
      <ClassStats class="org.jdom.ProcessingInstruction" sourceFile="ProcessingInstruction.java" interface="false" size="151" bugs="4" priority_3="3" priority_2="1"/>
      <ClassStats class="org.jdom.Text" sourceFile="Text.java" interface="false" size="87" bugs="2" priority_3="1" priority_1="1"/>
      <ClassStats class="org.jdom.Verifier" sourceFile="Verifier.java" interface="false" size="533" bugs="1" priority_3="1"/>
    </PackageStats>
    <PackageStats package="org.jdom.adapters" total_bugs="2" total_types="8" total_size="330" priority_3="2">
      <ClassStats class="org.jdom.adapters.AbstractDOMAdapter" sourceFile="AbstractDOMAdapter.java" interface="false" size="31" bugs="1" priority_3="1"/>
      <ClassStats class="org.jdom.adapters.CrimsonDOMAdapter" sourceFile="CrimsonDOMAdapter.java" interface="false" size="40" bugs="0"/>
      <ClassStats class="org.jdom.adapters.DOMAdapter" sourceFile="DOMAdapter.java" interface="true" size="5" bugs="0"/>
      <ClassStats class="org.jdom.adapters.JAXPDOMAdapter" sourceFile="JAXPDOMAdapter.java" interface="false" size="64" bugs="1" priority_3="1"/>
      <ClassStats class="org.jdom.adapters.OracleV1DOMAdapter" sourceFile="OracleV1DOMAdapter.java" interface="false" size="39" bugs="0"/>
      <ClassStats class="org.jdom.adapters.OracleV2DOMAdapter" sourceFile="OracleV2DOMAdapter.java" interface="false" size="39" bugs="0"/>
      <ClassStats class="org.jdom.adapters.XML4JDOMAdapter" sourceFile="XML4JDOMAdapter.java" interface="false" size="54" bugs="0"/>
      <ClassStats class="org.jdom.adapters.XercesDOMAdapter" sourceFile="XercesDOMAdapter.java" interface="false" size="58" bugs="0"/>
    </PackageStats>
    <PackageStats package="org.jdom.filter" total_bugs="3" total_types="3" total_size="141" priority_3="1" priority_1="2">
      <ClassStats class="org.jdom.filter.ContentFilter" sourceFile="ContentFilter.java" interface="false" size="93" bugs="1" priority_1="1"/>
      <ClassStats class="org.jdom.filter.ElementFilter" sourceFile="ElementFilter.java" interface="false" size="44" bugs="2" priority_3="1" priority_1="1"/>
      <ClassStats class="org.jdom.filter.Filter" sourceFile="Filter.java" interface="true" size="4" bugs="0"/>
    </PackageStats>
    <PackageStats package="org.jdom.input" total_bugs="2" total_types="8" total_size="945" priority_3="1" priority_1="1">
      <ClassStats class="org.jdom.input.BuilderErrorHandler" sourceFile="BuilderErrorHandler.java" interface="false" size="10" bugs="0"/>
      <ClassStats class="org.jdom.input.DOMBuilder" sourceFile="DOMBuilder.java" interface="false" size="178" bugs="1" priority_1="1"/>
      <ClassStats class="org.jdom.input.DefaultJDOMFactory" sourceFile="DefaultJDOMFactory.java" interface="false" size="44" bugs="0"/>
      <ClassStats class="org.jdom.input.JDOMFactory" sourceFile="JDOMFactory.java" interface="true" size="21" bugs="0"/>
      <ClassStats class="org.jdom.input.JDOMParseException" sourceFile="JDOMParseException.java" interface="false" size="24" bugs="0"/>
      <ClassStats class="org.jdom.input.SAXBuilder" sourceFile="SAXBuilder.java" interface="false" size="261" bugs="0"/>
      <ClassStats class="org.jdom.input.SAXHandler" sourceFile="SAXHandler.java" interface="false" size="362" bugs="1" priority_3="1"/>
      <ClassStats class="org.jdom.input.TextBuffer" sourceFile="TextBuffer.java" interface="false" size="45" bugs="0"/>
    </PackageStats>
    <PackageStats package="org.jdom.output" total_bugs="4" total_types="6" total_size="1320" priority_3="2" priority_2="2">
      <ClassStats class="org.jdom.output.DOMOutputter" sourceFile="DOMOutputter.java" interface="false" size="197" bugs="1" priority_3="1"/>
      <ClassStats class="org.jdom.output.NamespaceStack" sourceFile="NamespaceStack.java" interface="false" size="31" bugs="0"/>
      <ClassStats class="org.jdom.output.SAXOutputter" sourceFile="SAXOutputter.java" interface="false" size="416" bugs="1" priority_3="1"/>
      <ClassStats class="org.jdom.output.XMLOutputter" sourceFile="XMLOutputter.java" interface="false" size="645" bugs="0"/>
      <ClassStats class="org.jdom.output.XMLOutputter$Format" sourceFile="XMLOutputter.java" interface="false" size="26" bugs="1" priority_2="1"/>
      <ClassStats class="org.jdom.output.XMLOutputter$NamespaceStack" sourceFile="XMLOutputter.java" interface="false" size="5" bugs="1" priority_2="1"/>
    </PackageStats>
    <PackageStats package="org.jdom.transform" total_bugs="0" total_types="6" total_size="249">
      <ClassStats class="org.jdom.transform.JDOMResult" sourceFile="JDOMResult.java" interface="false" size="64" bugs="0"/>
      <ClassStats class="org.jdom.transform.JDOMResult$DocumentBuilder" sourceFile="JDOMResult.java" interface="false" size="76" bugs="0"/>
      <ClassStats class="org.jdom.transform.JDOMResult$FragmentHandler" sourceFile="JDOMResult.java" interface="false" size="18" bugs="0"/>
      <ClassStats class="org.jdom.transform.JDOMSource" sourceFile="JDOMSource.java" interface="false" size="49" bugs="0"/>
      <ClassStats class="org.jdom.transform.JDOMSource$DocumentReader" sourceFile="JDOMSource.java" interface="false" size="19" bugs="0"/>
      <ClassStats class="org.jdom.transform.JDOMSource$JDOMInputSource" sourceFile="JDOMSource.java" interface="false" size="23" bugs="0"/>
    </PackageStats>
    <PackageStats package="org.jdom.xpath" total_bugs="4" total_types="4" total_size="180" priority_3="3" priority_1="1">
      <ClassStats class="org.jdom.xpath.JaxenXPath" sourceFile="JaxenXPath.java" interface="false" size="72" bugs="2" priority_3="1" priority_1="1"/>
      <ClassStats class="org.jdom.xpath.JaxenXPath$NSContext" sourceFile="JaxenXPath.java" interface="false" size="33" bugs="1" priority_3="1"/>
      <ClassStats class="org.jdom.xpath.XPath" sourceFile="XPath.java" interface="false" size="61" bugs="0"/>
      <ClassStats class="org.jdom.xpath.XPath$XPathString" sourceFile="XPath.java" interface="false" size="14" bugs="1" priority_3="1"/>
    </PackageStats>
  </FindBugsSummary>
  <ClassFeatures></ClassFeatures>
  <History></History>
</BugCollection>
